TRACE::2026-08-28.15:22:42::SCWPlatform::Trying to open the hw design at /home/user/Desktop/latency-aware-target-control/firmware/zynq/vitis_workspace/target_control_zynq_platform/hw/target_control_zynq_hw.xsa
TRACE::2026-08-28.15:22:42::SCWPlatform::DSA given /home/user/Desktop/latency-aware-target-control/firmware/zynq/vitis_workspace/target_control_zynq_platform/hw/target_control_zynq_hw.xsa
TRACE::2026-08-28.15:22:42::SCWPlatform::DSA absoulate path /home/user/Desktop/latency-aware-target-control/firmware/zynq/vitis_workspace/target_control_zynq_platform/hw/target_control_zynq_hw.xsa
TRACE::2026-08-28.15:22:42::SCWPlatform::DSA directory /home/user/Desktop/latency-aware-target-control/firmware/zynq/vitis_workspace/target_control_zynq_platform/hw
TRACE::2026-08-28.15:22:42::SCWPlatform:: Platform Path /home/user/Desktop/latency-aware-target-control/firmware/zynq/vitis_workspace/target_control_zynq_platform/hw/target_control_zynq_hw.xsa
TRACE::2026-08-28.15:22:42::SCWPlatform:: Unique name xilinx:zybo-z7-10::0.0
TRACE::2026-08-28.15:22:42::SCWPlatform::Do not have an existing db opened. 
TRACE::2026-08-28.15:22:44::SCWPlatform::Opened new HwDB with name design_1_wrapper_0
TRACE::2026-08-28.15:22:44::SCWWriter::formatted JSON is {
	"platformName":	"target_control_zynq_platform",
	"sprVersion":	"2.0",
	"mode":	"gui",
	"dsaType":	"Fixed",
	"platformDesc":	"target_control_zynq_platform",
	"platHandOff":	"/home/user/Desktop/latency-aware-target-control/firmware/zynq/target_control_zynq_hw/target_control_zynq_hw.xsa",
	"platIntHandOff":	"<platformDir>/hw/target_control_zynq_hw.xsa",
	"deviceType":	"zynq",
	"platIsPrebuiltAutogen":	"false",
	"platIsNoBootBsp":	"false",
	"hasFsblMakeHasChanges":	"false",
	"hasPmufwMakeHasChanges":	"false",
	"platPreBuiltFlag":	false,
	"platformSamplesDir":	""
}
TRACE::2026-08-28.15:22:44::SCWWriter::formatted JSON is {
	"platformName":	"target_control_zynq_platform",
	"sprVersion":	"2.0",
	"mode":	"gui",
	"dsaType":	"Fixed",
	"platformDesc":	"target_control_zynq_platform",
	"platHandOff":	"/home/user/Desktop/latency-aware-target-control/firmware/zynq/target_control_zynq_hw/target_control_zynq_hw.xsa",
	"platIntHandOff":	"<platformDir>/hw/target_control_zynq_hw.xsa",
	"deviceType":	"zynq",
	"platIsPrebuiltAutogen":	"false",
	"platIsNoBootBsp":	"false",
	"hasFsblMakeHasChanges":	"false",
	"hasPmufwMakeHasChanges":	"false",
	"platPreBuiltFlag":	false,
	"platformSamplesDir":	"",
	"platActiveSys":	"target_control_zynq_platform",
	"systems":	[{
			"systemName":	"target_control_zynq_platform",
			"systemDesc":	"target_control_zynq_platform",
			"sysIsBootAutoGen":	"true",
			"systemDispName":	"target_control_zynq_platform"
		}]
}
TRACE::2026-08-28.15:22:44::SCWPlatform::Boot application domains not present, creating them
TRACE::2026-08-28.15:22:44::SCWDomain::checking for install qemu data   : 
TRACE::2026-08-28.15:22:44::SCWDomain:: Using the QEMU Data from install at  : /tools/Xilinx/Vitis/2022.1/data/emulation/platforms/zynq/sw/a9_standalone/qemu/
TRACE::2026-08-28.15:22:44::SCWDomain:: Using the QEMU args  from install at  : /tools/Xilinx/Vitis/2022.1/data/emulation/platforms/zynq/sw/a9_standalone/qemu/qemu_args.txt
TRACE::2026-08-28.15:22:44::SCWPlatform::Trying to open the hw design at /home/user/Desktop/latency-aware-target-control/firmware/zynq/vitis_workspace/target_control_zynq_platform/hw/target_control_zynq_hw.xsa
TRACE::2026-08-28.15:22:44::SCWPlatform::DSA given /home/user/Desktop/latency-aware-target-control/firmware/zynq/vitis_workspace/target_control_zynq_platform/hw/target_control_zynq_hw.xsa
TRACE::2026-08-28.15:22:44::SCWPlatform::DSA absoulate path /home/user/Desktop/latency-aware-target-control/firmware/zynq/vitis_workspace/target_control_zynq_platform/hw/target_control_zynq_hw.xsa
TRACE::2026-08-28.15:22:44::SCWPlatform::DSA directory /home/user/Desktop/latency-aware-target-control/firmware/zynq/vitis_workspace/target_control_zynq_platform/hw
TRACE::2026-08-28.15:22:44::SCWPlatform:: Platform Path /home/user/Desktop/latency-aware-target-control/firmware/zynq/vitis_workspace/target_control_zynq_platform/hw/target_control_zynq_hw.xsa
TRACE::2026-08-28.15:22:44::SCWPlatform:: Unique name xilinx:zybo-z7-10::0.0
TRACE::2026-08-28.15:22:44::SCWPlatform::Trying to set the existing hwdb with name design_1_wrapper_0
TRACE::2026-08-28.15:22:44::SCWPlatform::Opened existing hwdb design_1_wrapper_0
TRACE::2026-08-28.15:22:44::SCWPlatform::Found the Hw Db part of the input DSA
TRACE::2026-08-28.15:22:44::SCWPlatform::Trying to open the hw design at /home/user/Desktop/latency-aware-target-control/firmware/zynq/vitis_workspace/target_control_zynq_platform/hw/target_control_zynq_hw.xsa
TRACE::2026-08-28.15:22:44::SCWPlatform::DSA given /home/user/Desktop/latency-aware-target-control/firmware/zynq/vitis_workspace/target_control_zynq_platform/hw/target_control_zynq_hw.xsa
TRACE::2026-08-28.15:22:44::SCWPlatform::DSA absoulate path /home/user/Desktop/latency-aware-target-control/firmware/zynq/vitis_workspace/target_control_zynq_platform/hw/target_control_zynq_hw.xsa
TRACE::2026-08-28.15:22:44::SCWPlatform::DSA directory /home/user/Desktop/latency-aware-target-control/firmware/zynq/vitis_workspace/target_control_zynq_platform/hw
TRACE::2026-08-28.15:22:44::SCWPlatform:: Platform Path /home/user/Desktop/latency-aware-target-control/firmware/zynq/vitis_workspace/target_control_zynq_platform/hw/target_control_zynq_hw.xsa
TRACE::2026-08-28.15:22:44::SCWPlatform:: Unique name xilinx:zybo-z7-10::0.0
TRACE::2026-08-28.15:22:44::SCWPlatform::Trying to set the existing hwdb with name design_1_wrapper_0
TRACE::2026-08-28.15:22:44::SCWPlatform::Opened existing hwdb design_1_wrapper_0
TRACE::2026-08-28.15:22:44::SCWPlatform::Found the Hw Db part of the input DSA
TRACE::2026-08-28.15:22:44::SCWPlatform::Trying to open the hw design at /home/user/Desktop/latency-aware-target-control/firmware/zynq/vitis_workspace/target_control_zynq_platform/hw/target_control_zynq_hw.xsa
TRACE::2026-08-28.15:22:44::SCWPlatform::DSA given /home/user/Desktop/latency-aware-target-control/firmware/zynq/vitis_workspace/target_control_zynq_platform/hw/target_control_zynq_hw.xsa
TRACE::2026-08-28.15:22:44::SCWPlatform::DSA absoulate path /home/user/Desktop/latency-aware-target-control/firmware/zynq/vitis_workspace/target_control_zynq_platform/hw/target_control_zynq_hw.xsa
TRACE::2026-08-28.15:22:44::SCWPlatform::DSA directory /home/user/Desktop/latency-aware-target-control/firmware/zynq/vitis_workspace/target_control_zynq_platform/hw
TRACE::2026-08-28.15:22:44::SCWPlatform:: Platform Path /home/user/Desktop/latency-aware-target-control/firmware/zynq/vitis_workspace/target_control_zynq_platform/hw/target_control_zynq_hw.xsa
TRACE::2026-08-28.15:22:44::SCWPlatform:: Unique name xilinx:zybo-z7-10::0.0
TRACE::2026-08-28.15:22:44::SCWPlatform::Trying to set the existing hwdb with name design_1_wrapper_0
TRACE::2026-08-28.15:22:44::SCWPlatform::Opened existing hwdb design_1_wrapper_0
TRACE::2026-08-28.15:22:44::SCWPlatform::Found the Hw Db part of the input DSA
TRACE::2026-08-28.15:22:44::SCWPlatform::Boot application domain added for zynq_fsbl
TRACE::2026-08-28.15:22:44::SCWPlatform::Generating the sources  .
TRACE::2026-08-28.15:22:44::SCWBDomain::Generating boot domain sources.
TRACE::2026-08-28.15:22:44::SCWBDomain:: Generating the zynq_fsbl Application.
TRACE::2026-08-28.15:22:44::SCWPlatform::Trying to open the hw design at /home/user/Desktop/latency-aware-target-control/firmware/zynq/vitis_workspace/target_control_zynq_platform/hw/target_control_zynq_hw.xsa
TRACE::2026-08-28.15:22:44::SCWPlatform::DSA given /home/user/Desktop/latency-aware-target-control/firmware/zynq/vitis_workspace/target_control_zynq_platform/hw/target_control_zynq_hw.xsa
TRACE::2026-08-28.15:22:44::SCWPlatform::DSA absoulate path /home/user/Desktop/latency-aware-target-control/firmware/zynq/vitis_workspace/target_control_zynq_platform/hw/target_control_zynq_hw.xsa
TRACE::2026-08-28.15:22:44::SCWPlatform::DSA directory /home/user/Desktop/latency-aware-target-control/firmware/zynq/vitis_workspace/target_control_zynq_platform/hw
TRACE::2026-08-28.15:22:44::SCWPlatform:: Platform Path /home/user/Desktop/latency-aware-target-control/firmware/zynq/vitis_workspace/target_control_zynq_platform/hw/target_control_zynq_hw.xsa
TRACE::2026-08-28.15:22:44::SCWPlatform:: Unique name xilinx:zybo-z7-10::0.0
TRACE::2026-08-28.15:22:44::SCWPlatform::Trying to set the existing hwdb with name design_1_wrapper_0
TRACE::2026-08-28.15:22:44::SCWPlatform::Opened existing hwdb design_1_wrapper_0
TRACE::2026-08-28.15:22:44::SCWPlatform::Found the Hw Db part of the input DSA
TRACE::2026-08-28.15:22:44::SCWMssOS::Checking the sw design at  /home/user/Desktop/latency-aware-target-control/firmware/zynq/vitis_workspace/target_control_zynq_platform/zynq_fsbl/zynq_fsbl_bsp/system.mss
TRACE::2026-08-28.15:22:44::SCWMssOS::DEBUG:  swdes dump  
TRACE::2026-08-28.15:22:44::SCWMssOS::No sw design opened at  /home/user/Desktop/latency-aware-target-control/firmware/zynq/vitis_workspace/target_control_zynq_platform/zynq_fsbl/zynq_fsbl_bsp/system.mss
TRACE::2026-08-28.15:22:44::SCWMssOS::mss does not exists at /home/user/Desktop/latency-aware-target-control/firmware/zynq/vitis_workspace/target_control_zynq_platform/zynq_fsbl/zynq_fsbl_bsp/system.mss
TRACE::2026-08-28.15:22:44::SCWMssOS::Creating sw design at  /home/user/Desktop/latency-aware-target-control/firmware/zynq/vitis_workspace/target_control_zynq_platform/zynq_fsbl/zynq_fsbl_bsp/system.mss
TRACE::2026-08-28.15:22:44::SCWMssOS::Adding the swdes entry, created swdb /home/user/Desktop/latency-aware-target-control/firmware/zynq/vitis_workspace/target_control_zynq_platform/zynq_fsbl/zynq_fsbl_bsp/system.mss with des name /home/user/Desktop/latency-aware-target-control/firmware/zynq/vitis_workspace/target_control_zynq_platform/zynq_fsbl/zynq_fsbl_bsp/system.mss
TRACE::2026-08-28.15:22:44::SCWMssOS::updating the scw layer changes to swdes at   /home/user/Desktop/latency-aware-target-control/firmware/zynq/vitis_workspace/target_control_zynq_platform/zynq_fsbl/zynq_fsbl_bsp/system.mss
TRACE::2026-08-28.15:22:44::SCWMssOS::Writing mss at /home/user/Desktop/latency-aware-target-control/firmware/zynq/vitis_workspace/target_control_zynq_platform/zynq_fsbl/zynq_fsbl_bsp/system.mss
TRACE::2026-08-28.15:22:44::SCWMssOS::Completed writing the mss file at /home/user/Desktop/latency-aware-target-control/firmware/zynq/vitis_workspace/target_control_zynq_platform/zynq_fsbl/zynq_fsbl_bsp
TRACE::2026-08-28.15:22:44::SCWMssOS::Picking up changes from newly written mss file into SCW Layer. 
TRACE::2026-08-28.15:22:44::SCWMssOS::Updated the changes from newly written mss file into SCW Layer. 
TRACE::2026-08-28.15:22:44::SCWBDomain::Completed writing the mss file at /home/user/Desktop/latency-aware-target-control/firmware/zynq/vitis_workspace/target_control_zynq_platform/zynq_fsbl/zynq_fsbl_bsp
TRACE::2026-08-28.15:22:48::SCWPlatform::Generating sources Done.
TRACE::2026-08-28.15:22:48::SCWPlatform::Trying to open the hw design at /home/user/Desktop/latency-aware-target-control/firmware/zynq/vitis_workspace/target_control_zynq_platform/hw/target_control_zynq_hw.xsa
TRACE::2026-08-28.15:22:48::SCWPlatform::DSA given /home/user/Desktop/latency-aware-target-control/firmware/zynq/vitis_workspace/target_control_zynq_platform/hw/target_control_zynq_hw.xsa
TRACE::2026-08-28.15:22:48::SCWPlatform::DSA absoulate path /home/user/Desktop/latency-aware-target-control/firmware/zynq/vitis_workspace/target_control_zynq_platform/hw/target_control_zynq_hw.xsa
TRACE::2026-08-28.15:22:48::SCWPlatform::DSA directory /home/user/Desktop/latency-aware-target-control/firmware/zynq/vitis_workspace/target_control_zynq_platform/hw
TRACE::2026-08-28.15:22:48::SCWPlatform:: Platform Path /home/user/Desktop/latency-aware-target-control/firmware/zynq/vitis_workspace/target_control_zynq_platform/hw/target_control_zynq_hw.xsa
TRACE::2026-08-28.15:22:48::SCWPlatform:: Unique name xilinx:zybo-z7-10::0.0
TRACE::2026-08-28.15:22:48::SCWPlatform::Trying to set the existing hwdb with name design_1_wrapper_0
TRACE::2026-08-28.15:22:48::SCWPlatform::Opened existing hwdb design_1_wrapper_0
TRACE::2026-08-28.15:22:48::SCWPlatform::Found the Hw Db part of the input DSA
TRACE::2026-08-28.15:22:48::SCWMssOS::Checking the sw design at  /home/user/Desktop/latency-aware-target-control/firmware/zynq/vitis_workspace/target_control_zynq_platform/zynq_fsbl/zynq_fsbl_bsp/system.mss
TRACE::2026-08-28.15:22:48::SCWMssOS::DEBUG:  swdes dump  
TRACE::2026-08-28.15:22:48::SCWMssOS::No sw design opened at  /home/user/Desktop/latency-aware-target-control/firmware/zynq/vitis_workspace/target_control_zynq_platform/zynq_fsbl/zynq_fsbl_bsp/system.mss
TRACE::2026-08-28.15:22:48::SCWMssOS::mss exists loading the mss file  /home/user/Desktop/latency-aware-target-control/firmware/zynq/vitis_workspace/target_control_zynq_platform/zynq_fsbl/zynq_fsbl_bsp/system.mss
TRACE::2026-08-28.15:22:48::SCWMssOS::Opened the sw design from mss  /home/user/Desktop/latency-aware-target-control/firmware/zynq/vitis_workspace/target_control_zynq_platform/zynq_fsbl/zynq_fsbl_bsp/system.mss
TRACE::2026-08-28.15:22:48::SCWMssOS::Adding the swdes entry /home/user/Desktop/latency-aware-target-control/firmware/zynq/vitis_workspace/target_control_zynq_platform/zynq_fsbl/zynq_fsbl_bsp/system.mss with des name system
TRACE::2026-08-28.15:22:48::SCWMssOS::updating the scw layer about changes
TRACE::2026-08-28.15:22:48::SCWMssOS::Opened the sw design.  /home/user/Desktop/latency-aware-target-control/firmware/zynq/vitis_workspace/target_control_zynq_platform/zynq_fsbl/zynq_fsbl_bsp/system.mss
TRACE::2026-08-28.15:22:48::SCWMssOS::Saving the mss changes /home/user/Desktop/latency-aware-target-control/firmware/zynq/vitis_workspace/target_control_zynq_platform/zynq_fsbl/zynq_fsbl_bsp/system.mss
TRACE::2026-08-28.15:22:48::SCWMssOS::Found a swdesign opened with the mssfile.
TRACE::2026-08-28.15:22:48::SCWMssOS::Completed writemss as part of save.
TRACE::2026-08-28.15:22:48::SCWMssOS::Commit changes completed.
TRACE::2026-08-28.15:22:48::SCWPlatform::Trying to open the hw design at /home/user/Desktop/latency-aware-target-control/firmware/zynq/vitis_workspace/target_control_zynq_platform/hw/target_control_zynq_hw.xsa
TRACE::2026-08-28.15:22:48::SCWPlatform::DSA given /home/user/Desktop/latency-aware-target-control/firmware/zynq/vitis_workspace/target_control_zynq_platform/hw/target_control_zynq_hw.xsa
TRACE::2026-08-28.15:22:48::SCWPlatform::DSA absoulate path /home/user/Desktop/latency-aware-target-control/firmware/zynq/vitis_workspace/target_control_zynq_platform/hw/target_control_zynq_hw.xsa
TRACE::2026-08-28.15:22:48::SCWPlatform::DSA directory /home/user/Desktop/latency-aware-target-control/firmware/zynq/vitis_workspace/target_control_zynq_platform/hw
TRACE::2026-08-28.15:22:48::SCWPlatform:: Platform Path /home/user/Desktop/latency-aware-target-control/firmware/zynq/vitis_workspace/target_control_zynq_platform/hw/target_control_zynq_hw.xsa
TRACE::2026-08-28.15:22:48::SCWPlatform:: Unique name xilinx:zybo-z7-10::0.0
TRACE::2026-08-28.15:22:48::SCWPlatform::Trying to set the existing hwdb with name design_1_wrapper_0
TRACE::2026-08-28.15:22:48::SCWPlatform::Opened existing hwdb design_1_wrapper_0
TRACE::2026-08-28.15:22:48::SCWPlatform::Found the Hw Db part of the input DSA
TRACE::2026-08-28.15:22:48::SCWMssOS::Checking the sw design at  /home/user/Desktop/latency-aware-target-control/firmware/zynq/vitis_workspace/target_control_zynq_platform/zynq_fsbl/zynq_fsbl_bsp/system.mss
TRACE::2026-08-28.15:22:48::SCWMssOS::DEBUG:  swdes dump  /home/user/Desktop/latency-aware-target-control/firmware/zynq/vitis_workspace/target_control_zynq_platform/zynq_fsbl/zynq_fsbl_bsp/system.mss|system||

TRACE::2026-08-28.15:22:48::SCWMssOS::Sw design exists and opened at  /home/user/Desktop/latency-aware-target-control/firmware/zynq/vitis_workspace/target_control_zynq_platform/zynq_fsbl/zynq_fsbl_bsp/system.mss
TRACE::2026-08-28.15:22:48::SCWPlatform::Trying to open the hw design at /home/user/Desktop/latency-aware-target-control/firmware/zynq/vitis_workspace/target_control_zynq_platform/hw/target_control_zynq_hw.xsa
TRACE::2026-08-28.15:22:48::SCWPlatform::DSA given /home/user/Desktop/latency-aware-target-control/firmware/zynq/vitis_workspace/target_control_zynq_platform/hw/target_control_zynq_hw.xsa
TRACE::2026-08-28.15:22:48::SCWPlatform::DSA absoulate path /home/user/Desktop/latency-aware-target-control/firmware/zynq/vitis_workspace/target_control_zynq_platform/hw/target_control_zynq_hw.xsa
TRACE::2026-08-28.15:22:48::SCWPlatform::DSA directory /home/user/Desktop/latency-aware-target-control/firmware/zynq/vitis_workspace/target_control_zynq_platform/hw
TRACE::2026-08-28.15:22:48::SCWPlatform:: Platform Path /home/user/Desktop/latency-aware-target-control/firmware/zynq/vitis_workspace/target_control_zynq_platform/hw/target_control_zynq_hw.xsa
TRACE::2026-08-28.15:22:48::SCWPlatform:: Unique name xilinx:zybo-z7-10::0.0
TRACE::2026-08-28.15:22:48::SCWPlatform::Trying to set the existing hwdb with name design_1_wrapper_0
TRACE::2026-08-28.15:22:48::SCWPlatform::Opened existing hwdb design_1_wrapper_0
TRACE::2026-08-28.15:22:48::SCWPlatform::Found the Hw Db part of the input DSA
TRACE::2026-08-28.15:22:48::SCWMssOS::Checking the sw design at  /home/user/Desktop/latency-aware-target-control/firmware/zynq/vitis_workspace/target_control_zynq_platform/zynq_fsbl/zynq_fsbl_bsp/system.mss
TRACE::2026-08-28.15:22:48::SCWMssOS::DEBUG:  swdes dump  /home/user/Desktop/latency-aware-target-control/firmware/zynq/vitis_workspace/target_control_zynq_platform/zynq_fsbl/zynq_fsbl_bsp/system.mss|system||

TRACE::2026-08-28.15:22:48::SCWMssOS::Sw design exists and opened at  /home/user/Desktop/latency-aware-target-control/firmware/zynq/vitis_workspace/target_control_zynq_platform/zynq_fsbl/zynq_fsbl_bsp/system.mss
TRACE::2026-08-28.15:22:48::SCWPlatform::Trying to open the hw design at /home/user/Desktop/latency-aware-target-control/firmware/zynq/vitis_workspace/target_control_zynq_platform/hw/target_control_zynq_hw.xsa
TRACE::2026-08-28.15:22:48::SCWPlatform::DSA given /home/user/Desktop/latency-aware-target-control/firmware/zynq/vitis_workspace/target_control_zynq_platform/hw/target_control_zynq_hw.xsa
TRACE::2026-08-28.15:22:48::SCWPlatform::DSA absoulate path /home/user/Desktop/latency-aware-target-control/firmware/zynq/vitis_workspace/target_control_zynq_platform/hw/target_control_zynq_hw.xsa
TRACE::2026-08-28.15:22:48::SCWPlatform::DSA directory /home/user/Desktop/latency-aware-target-control/firmware/zynq/vitis_workspace/target_control_zynq_platform/hw
TRACE::2026-08-28.15:22:48::SCWPlatform:: Platform Path /home/user/Desktop/latency-aware-target-control/firmware/zynq/vitis_workspace/target_control_zynq_platform/hw/target_control_zynq_hw.xsa
TRACE::2026-08-28.15:22:48::SCWPlatform:: Unique name xilinx:zybo-z7-10::0.0
TRACE::2026-08-28.15:22:48::SCWPlatform::Trying to set the existing hwdb with name design_1_wrapper_0
TRACE::2026-08-28.15:22:48::SCWPlatform::Opened existing hwdb design_1_wrapper_0
TRACE::2026-08-28.15:22:48::SCWPlatform::Found the Hw Db part of the input DSA
TRACE::2026-08-28.15:22:48::SCWMssOS::Checking the sw design at  /home/user/Desktop/latency-aware-target-control/firmware/zynq/vitis_workspace/target_control_zynq_platform/zynq_fsbl/zynq_fsbl_bsp/system.mss
TRACE::2026-08-28.15:22:48::SCWMssOS::DEBUG:  swdes dump  /home/user/Desktop/latency-aware-target-control/firmware/zynq/vitis_workspace/target_control_zynq_platform/zynq_fsbl/zynq_fsbl_bsp/system.mss|system||

TRACE::2026-08-28.15:22:48::SCWMssOS::Sw design exists and opened at  /home/user/Desktop/latency-aware-target-control/firmware/zynq/vitis_workspace/target_control_zynq_platform/zynq_fsbl/zynq_fsbl_bsp/system.mss
TRACE::2026-08-28.15:22:48::SCWWriter::formatted JSON is {
	"platformName":	"target_control_zynq_platform",
	"sprVersion":	"2.0",
	"mode":	"gui",
	"dsaType":	"Fixed",
	"platformDesc":	"target_control_zynq_platform",
	"platHandOff":	"/home/user/Desktop/latency-aware-target-control/firmware/zynq/target_control_zynq_hw/target_control_zynq_hw.xsa",
	"platIntHandOff":	"<platformDir>/hw/target_control_zynq_hw.xsa",
	"deviceType":	"zynq",
	"platIsPrebuiltAutogen":	"false",
	"platIsNoBootBsp":	"false",
	"platFsblTarget":	"ps7_cortexa9_0",
	"hasFsblMakeHasChanges":	"false",
	"hasPmufwMakeHasChanges":	"false",
	"fsblExtraCompilerFlags":	"-MMD -MP       -mcpu=cortex-a9 -mfpu=vfpv3 -mfloat-abi=hard ",
	"platPreBuiltFlag":	false,
	"platformSamplesDir":	"",
	"platActiveSys":	"target_control_zynq_platform",
	"systems":	[{
			"systemName":	"target_control_zynq_platform",
			"systemDesc":	"target_control_zynq_platform",
			"sysIsBootAutoGen":	"true",
			"systemDispName":	"target_control_zynq_platform",
			"sysActiveDom":	"zynq_fsbl",
			"sysDefaultDom":	"",
			"domains":	[{
					"domainName":	"zynq_fsbl",
					"domainDispName":	"zynq_fsbl",
					"domainDesc":	"FSBL Application BSP - Auto Generated.",
					"processors":	"ps7_cortexa9_0",
					"os":	"standalone",
					"sdxOs":	"standalone",
					"debugEnable":	"",
					"domRuntimes":	["cpp"],
					"swRepo":	"",
					"mssOsVer":	"7.7",
					"mssFile":	"",
					"md5Digest":	"68359604a3374d6a43f578fe0b642f17",
					"compatibleApp":	"zynq_fsbl",
					"domType":	"bootDomain",
					"arch":	"32-bit",
					"appSettings":	{
						"appCompilerFlags":	"",
						"appLinkerFlags":	""
					},
					"addedLibs":	["xilffs:4.7", "xilrsa:1.6"],
					"libOptions":	{
						"libsContainingOptions":	[]
					},
					"prebuiltLibs":	{
						"prebuiltIncPath":	[],
						"prebuiltLibPath":	[]
					},
					"isolation":	{
					}
				}]
		}]
}
TRACE::2026-08-28.15:22:48::SCWPlatform::Trying to open the hw design at /home/user/Desktop/latency-aware-target-control/firmware/zynq/vitis_workspace/target_control_zynq_platform/hw/target_control_zynq_hw.xsa
TRACE::2026-08-28.15:22:48::SCWPlatform::DSA given /home/user/Desktop/latency-aware-target-control/firmware/zynq/vitis_workspace/target_control_zynq_platform/hw/target_control_zynq_hw.xsa
TRACE::2026-08-28.15:22:48::SCWPlatform::DSA absoulate path /home/user/Desktop/latency-aware-target-control/firmware/zynq/vitis_workspace/target_control_zynq_platform/hw/target_control_zynq_hw.xsa
TRACE::2026-08-28.15:22:48::SCWPlatform::DSA directory /home/user/Desktop/latency-aware-target-control/firmware/zynq/vitis_workspace/target_control_zynq_platform/hw
TRACE::2026-08-28.15:22:48::SCWPlatform:: Platform Path /home/user/Desktop/latency-aware-target-control/firmware/zynq/vitis_workspace/target_control_zynq_platform/hw/target_control_zynq_hw.xsa
TRACE::2026-08-28.15:22:48::SCWPlatform:: Unique name xilinx:zybo-z7-10::0.0
TRACE::2026-08-28.15:22:48::SCWPlatform::Trying to set the existing hwdb with name design_1_wrapper_0
TRACE::2026-08-28.15:22:48::SCWPlatform::Opened existing hwdb design_1_wrapper_0
TRACE::2026-08-28.15:22:48::SCWPlatform::Found the Hw Db part of the input DSA
TRACE::2026-08-28.15:22:48::SCWPlatform::Trying to open the hw design at /home/user/Desktop/latency-aware-target-control/firmware/zynq/vitis_workspace/target_control_zynq_platform/hw/target_control_zynq_hw.xsa
TRACE::2026-08-28.15:22:48::SCWPlatform::DSA given /home/user/Desktop/latency-aware-target-control/firmware/zynq/vitis_workspace/target_control_zynq_platform/hw/target_control_zynq_hw.xsa
TRACE::2026-08-28.15:22:48::SCWPlatform::DSA absoulate path /home/user/Desktop/latency-aware-target-control/firmware/zynq/vitis_workspace/target_control_zynq_platform/hw/target_control_zynq_hw.xsa
TRACE::2026-08-28.15:22:48::SCWPlatform::DSA directory /home/user/Desktop/latency-aware-target-control/firmware/zynq/vitis_workspace/target_control_zynq_platform/hw
TRACE::2026-08-28.15:22:48::SCWPlatform:: Platform Path /home/user/Desktop/latency-aware-target-control/firmware/zynq/vitis_workspace/target_control_zynq_platform/hw/target_control_zynq_hw.xsa
TRACE::2026-08-28.15:22:48::SCWPlatform:: Unique name xilinx:zybo-z7-10::0.0
TRACE::2026-08-28.15:22:48::SCWPlatform::Trying to set the existing hwdb with name design_1_wrapper_0
TRACE::2026-08-28.15:22:48::SCWPlatform::Opened existing hwdb design_1_wrapper_0
TRACE::2026-08-28.15:22:48::SCWPlatform::Found the Hw Db part of the input DSA
TRACE::2026-08-28.15:22:48::SCWDomain::checking for install qemu data   : 
TRACE::2026-08-28.15:22:48::SCWDomain:: Using the QEMU Data from install at  : /tools/Xilinx/Vitis/2022.1/data/emulation/platforms/zynq/sw/a9_standalone/qemu/
TRACE::2026-08-28.15:22:48::SCWDomain:: Using the QEMU args  from install at  : /tools/Xilinx/Vitis/2022.1/data/emulation/platforms/zynq/sw/a9_standalone/qemu/qemu_args.txt
TRACE::2026-08-28.15:22:48::SCWPlatform::Trying to open the hw design at /home/user/Desktop/latency-aware-target-control/firmware/zynq/vitis_workspace/target_control_zynq_platform/hw/target_control_zynq_hw.xsa
TRACE::2026-08-28.15:22:48::SCWPlatform::DSA given /home/user/Desktop/latency-aware-target-control/firmware/zynq/vitis_workspace/target_control_zynq_platform/hw/target_control_zynq_hw.xsa
TRACE::2026-08-28.15:22:48::SCWPlatform::DSA absoulate path /home/user/Desktop/latency-aware-target-control/firmware/zynq/vitis_workspace/target_control_zynq_platform/hw/target_control_zynq_hw.xsa
TRACE::2026-08-28.15:22:48::SCWPlatform::DSA directory /home/user/Desktop/latency-aware-target-control/firmware/zynq/vitis_workspace/target_control_zynq_platform/hw
TRACE::2026-08-28.15:22:48::SCWPlatform:: Platform Path /home/user/Desktop/latency-aware-target-control/firmware/zynq/vitis_workspace/target_control_zynq_platform/hw/target_control_zynq_hw.xsa
TRACE::2026-08-28.15:22:48::SCWPlatform:: Unique name xilinx:zybo-z7-10::0.0
TRACE::2026-08-28.15:22:48::SCWPlatform::Trying to set the existing hwdb with name design_1_wrapper_0
TRACE::2026-08-28.15:22:48::SCWPlatform::Opened existing hwdb design_1_wrapper_0
TRACE::2026-08-28.15:22:48::SCWPlatform::Found the Hw Db part of the input DSA
TRACE::2026-08-28.15:22:48::SCWPlatform::Trying to open the hw design at /home/user/Desktop/latency-aware-target-control/firmware/zynq/vitis_workspace/target_control_zynq_platform/hw/target_control_zynq_hw.xsa
TRACE::2026-08-28.15:22:48::SCWPlatform::DSA given /home/user/Desktop/latency-aware-target-control/firmware/zynq/vitis_workspace/target_control_zynq_platform/hw/target_control_zynq_hw.xsa
TRACE::2026-08-28.15:22:48::SCWPlatform::DSA absoulate path /home/user/Desktop/latency-aware-target-control/firmware/zynq/vitis_workspace/target_control_zynq_platform/hw/target_control_zynq_hw.xsa
TRACE::2026-08-28.15:22:48::SCWPlatform::DSA directory /home/user/Desktop/latency-aware-target-control/firmware/zynq/vitis_workspace/target_control_zynq_platform/hw
TRACE::2026-08-28.15:22:48::SCWPlatform:: Platform Path /home/user/Desktop/latency-aware-target-control/firmware/zynq/vitis_workspace/target_control_zynq_platform/hw/target_control_zynq_hw.xsa
TRACE::2026-08-28.15:22:48::SCWPlatform:: Unique name xilinx:zybo-z7-10::0.0
TRACE::2026-08-28.15:22:48::SCWPlatform::Trying to set the existing hwdb with name design_1_wrapper_0
TRACE::2026-08-28.15:22:48::SCWPlatform::Opened existing hwdb design_1_wrapper_0
TRACE::2026-08-28.15:22:48::SCWPlatform::Found the Hw Db part of the input DSA
TRACE::2026-08-28.15:22:48::SCWDomain::Qemu Directory name is changed from "" to "qemu"
TRACE::2026-08-28.15:22:48::SCWPlatform::Trying to open the hw design at /home/user/Desktop/latency-aware-target-control/firmware/zynq/vitis_workspace/target_control_zynq_platform/hw/target_control_zynq_hw.xsa
TRACE::2026-08-28.15:22:48::SCWPlatform::DSA given /home/user/Desktop/latency-aware-target-control/firmware/zynq/vitis_workspace/target_control_zynq_platform/hw/target_control_zynq_hw.xsa
TRACE::2026-08-28.15:22:48::SCWPlatform::DSA absoulate path /home/user/Desktop/latency-aware-target-control/firmware/zynq/vitis_workspace/target_control_zynq_platform/hw/target_control_zynq_hw.xsa
TRACE::2026-08-28.15:22:48::SCWPlatform::DSA directory /home/user/Desktop/latency-aware-target-control/firmware/zynq/vitis_workspace/target_control_zynq_platform/hw
TRACE::2026-08-28.15:22:48::SCWPlatform:: Platform Path /home/user/Desktop/latency-aware-target-control/firmware/zynq/vitis_workspace/target_control_zynq_platform/hw/target_control_zynq_hw.xsa
TRACE::2026-08-28.15:22:48::SCWPlatform:: Unique name xilinx:zybo-z7-10::0.0
TRACE::2026-08-28.15:22:48::SCWPlatform::Trying to set the existing hwdb with name design_1_wrapper_0
TRACE::2026-08-28.15:22:48::SCWPlatform::Opened existing hwdb design_1_wrapper_0
TRACE::2026-08-28.15:22:48::SCWPlatform::Found the Hw Db part of the input DSA
TRACE::2026-08-28.15:22:48::SCWMssOS::Checking the sw design at  /home/user/Desktop/latency-aware-target-control/firmware/zynq/vitis_workspace/target_control_zynq_platform/ps7_cortexa9_0/standalone_domain/bsp/system.mss
TRACE::2026-08-28.15:22:48::SCWMssOS::DEBUG:  swdes dump  /home/user/Desktop/latency-aware-target-control/firmware/zynq/vitis_workspace/target_control_zynq_platform/zynq_fsbl/zynq_fsbl_bsp/system.mss|system||

TRACE::2026-08-28.15:22:48::SCWMssOS::No sw design opened at  /home/user/Desktop/latency-aware-target-control/firmware/zynq/vitis_workspace/target_control_zynq_platform/ps7_cortexa9_0/standalone_domain/bsp/system.mss
TRACE::2026-08-28.15:22:48::SCWMssOS::mss does not exists at /home/user/Desktop/latency-aware-target-control/firmware/zynq/vitis_workspace/target_control_zynq_platform/ps7_cortexa9_0/standalone_domain/bsp/system.mss
TRACE::2026-08-28.15:22:48::SCWMssOS::Creating sw design at  /home/user/Desktop/latency-aware-target-control/firmware/zynq/vitis_workspace/target_control_zynq_platform/ps7_cortexa9_0/standalone_domain/bsp/system.mss
TRACE::2026-08-28.15:22:48::SCWMssOS::Adding the swdes entry, created swdb /home/user/Desktop/latency-aware-target-control/firmware/zynq/vitis_workspace/target_control_zynq_platform/ps7_cortexa9_0/standalone_domain/bsp/system.mss with des name /home/user/Desktop/latency-aware-target-control/firmware/zynq/vitis_workspace/target_control_zynq_platform/ps7_cortexa9_0/standalone_domain/bsp/system.mss
TRACE::2026-08-28.15:22:48::SCWMssOS::updating the scw layer changes to swdes at   /home/user/Desktop/latency-aware-target-control/firmware/zynq/vitis_workspace/target_control_zynq_platform/ps7_cortexa9_0/standalone_domain/bsp/system.mss
TRACE::2026-08-28.15:22:48::SCWMssOS::Writing mss at /home/user/Desktop/latency-aware-target-control/firmware/zynq/vitis_workspace/target_control_zynq_platform/ps7_cortexa9_0/standalone_domain/bsp/system.mss
TRACE::2026-08-28.15:22:48::SCWMssOS::Completed writing the mss file at /home/user/Desktop/latency-aware-target-control/firmware/zynq/vitis_workspace/target_control_zynq_platform/ps7_cortexa9_0/standalone_domain/bsp
TRACE::2026-08-28.15:22:48::SCWMssOS::Picking up changes from newly written mss file into SCW Layer. 
TRACE::2026-08-28.15:22:48::SCWMssOS::Updated the changes from newly written mss file into SCW Layer. 
TRACE::2026-08-28.15:22:48::SCWMssOS::Completed writing the mss file at /home/user/Desktop/latency-aware-target-control/firmware/zynq/vitis_workspace/target_control_zynq_platform/ps7_cortexa9_0/standalone_domain/bsp
TRACE::2026-08-28.15:22:48::SCWMssOS::Forcing BSP Sources regeneration.
TRACE::2026-08-28.15:22:48::SCWMssOS::Saving the mss changes /home/user/Desktop/latency-aware-target-control/firmware/zynq/vitis_workspace/target_control_zynq_platform/zynq_fsbl/zynq_fsbl_bsp/system.mss
TRACE::2026-08-28.15:22:48::SCWMssOS::Found a swdesign opened with the mssfile.
TRACE::2026-08-28.15:22:48::SCWMssOS::Completed writemss as part of save.
TRACE::2026-08-28.15:22:48::SCWMssOS::Commit changes completed.
TRACE::2026-08-28.15:22:48::SCWMssOS::Saving the mss changes /home/user/Desktop/latency-aware-target-control/firmware/zynq/vitis_workspace/target_control_zynq_platform/ps7_cortexa9_0/standalone_domain/bsp/system.mss
TRACE::2026-08-28.15:22:48::SCWMssOS::Adding the swdes entry, mss present, able to open swdb /home/user/Desktop/latency-aware-target-control/firmware/zynq/vitis_workspace/target_control_zynq_platform/ps7_cortexa9_0/standalone_domain/bsp/system.mss with des name system_0
TRACE::2026-08-28.15:22:48::SCWMssOS::Writing the mss file completed /home/user/Desktop/latency-aware-target-control/firmware/zynq/vitis_workspace/target_control_zynq_platform/ps7_cortexa9_0/standalone_domain/bsp/system.mss
TRACE::2026-08-28.15:22:48::SCWMssOS::Commit changes completed.
TRACE::2026-08-28.15:22:48::SCWPlatform::Trying to open the hw design at /home/user/Desktop/latency-aware-target-control/firmware/zynq/vitis_workspace/target_control_zynq_platform/hw/target_control_zynq_hw.xsa
TRACE::2026-08-28.15:22:48::SCWPlatform::DSA given /home/user/Desktop/latency-aware-target-control/firmware/zynq/vitis_workspace/target_control_zynq_platform/hw/target_control_zynq_hw.xsa
TRACE::2026-08-28.15:22:48::SCWPlatform::DSA absoulate path /home/user/Desktop/latency-aware-target-control/firmware/zynq/vitis_workspace/target_control_zynq_platform/hw/target_control_zynq_hw.xsa
TRACE::2026-08-28.15:22:48::SCWPlatform::DSA directory /home/user/Desktop/latency-aware-target-control/firmware/zynq/vitis_workspace/target_control_zynq_platform/hw
TRACE::2026-08-28.15:22:48::SCWPlatform:: Platform Path /home/user/Desktop/latency-aware-target-control/firmware/zynq/vitis_workspace/target_control_zynq_platform/hw/target_control_zynq_hw.xsa
TRACE::2026-08-28.15:22:48::SCWPlatform:: Unique name xilinx:zybo-z7-10::0.0
TRACE::2026-08-28.15:22:48::SCWPlatform::Trying to set the existing hwdb with name design_1_wrapper_0
TRACE::2026-08-28.15:22:48::SCWPlatform::Opened existing hwdb design_1_wrapper_0
TRACE::2026-08-28.15:22:48::SCWPlatform::Found the Hw Db part of the input DSA
TRACE::2026-08-28.15:22:48::SCWMssOS::Checking the sw design at  /home/user/Desktop/latency-aware-target-control/firmware/zynq/vitis_workspace/target_control_zynq_platform/zynq_fsbl/zynq_fsbl_bsp/system.mss
TRACE::2026-08-28.15:22:48::SCWMssOS::DEBUG:  swdes dump  /home/user/Desktop/latency-aware-target-control/firmware/zynq/vitis_workspace/target_control_zynq_platform/ps7_cortexa9_0/standalone_domain/bsp/system.mss|system_0||
/home/user/Desktop/latency-aware-target-control/firmware/zynq/vitis_workspace/target_control_zynq_platform/zynq_fsbl/zynq_fsbl_bsp/system.mss|system||

TRACE::2026-08-28.15:22:48::SCWMssOS::Sw design exists and opened at  /home/user/Desktop/latency-aware-target-control/firmware/zynq/vitis_workspace/target_control_zynq_platform/zynq_fsbl/zynq_fsbl_bsp/system.mss
TRACE::2026-08-28.15:22:48::SCWPlatform::Trying to open the hw design at /home/user/Desktop/latency-aware-target-control/firmware/zynq/vitis_workspace/target_control_zynq_platform/hw/target_control_zynq_hw.xsa
TRACE::2026-08-28.15:22:48::SCWPlatform::DSA given /home/user/Desktop/latency-aware-target-control/firmware/zynq/vitis_workspace/target_control_zynq_platform/hw/target_control_zynq_hw.xsa
TRACE::2026-08-28.15:22:48::SCWPlatform::DSA absoulate path /home/user/Desktop/latency-aware-target-control/firmware/zynq/vitis_workspace/target_control_zynq_platform/hw/target_control_zynq_hw.xsa
TRACE::2026-08-28.15:22:48::SCWPlatform::DSA directory /home/user/Desktop/latency-aware-target-control/firmware/zynq/vitis_workspace/target_control_zynq_platform/hw
TRACE::2026-08-28.15:22:48::SCWPlatform:: Platform Path /home/user/Desktop/latency-aware-target-control/firmware/zynq/vitis_workspace/target_control_zynq_platform/hw/target_control_zynq_hw.xsa
TRACE::2026-08-28.15:22:48::SCWPlatform:: Unique name xilinx:zybo-z7-10::0.0
TRACE::2026-08-28.15:22:48::SCWPlatform::Trying to set the existing hwdb with name design_1_wrapper_0
TRACE::2026-08-28.15:22:48::SCWPlatform::Opened existing hwdb design_1_wrapper_0
TRACE::2026-08-28.15:22:48::SCWPlatform::Found the Hw Db part of the input DSA
TRACE::2026-08-28.15:22:48::SCWMssOS::Checking the sw design at  /home/user/Desktop/latency-aware-target-control/firmware/zynq/vitis_workspace/target_control_zynq_platform/zynq_fsbl/zynq_fsbl_bsp/system.mss
TRACE::2026-08-28.15:22:48::SCWMssOS::DEBUG:  swdes dump  /home/user/Desktop/latency-aware-target-control/firmware/zynq/vitis_workspace/target_control_zynq_platform/ps7_cortexa9_0/standalone_domain/bsp/system.mss|system_0||
/home/user/Desktop/latency-aware-target-control/firmware/zynq/vitis_workspace/target_control_zynq_platform/zynq_fsbl/zynq_fsbl_bsp/system.mss|system||

TRACE::2026-08-28.15:22:48::SCWMssOS::Sw design exists and opened at  /home/user/Desktop/latency-aware-target-control/firmware/zynq/vitis_workspace/target_control_zynq_platform/zynq_fsbl/zynq_fsbl_bsp/system.mss
TRACE::2026-08-28.15:22:48::SCWPlatform::Trying to open the hw design at /home/user/Desktop/latency-aware-target-control/firmware/zynq/vitis_workspace/target_control_zynq_platform/hw/target_control_zynq_hw.xsa
TRACE::2026-08-28.15:22:48::SCWPlatform::DSA given /home/user/Desktop/latency-aware-target-control/firmware/zynq/vitis_workspace/target_control_zynq_platform/hw/target_control_zynq_hw.xsa
TRACE::2026-08-28.15:22:48::SCWPlatform::DSA absoulate path /home/user/Desktop/latency-aware-target-control/firmware/zynq/vitis_workspace/target_control_zynq_platform/hw/target_control_zynq_hw.xsa
TRACE::2026-08-28.15:22:48::SCWPlatform::DSA directory /home/user/Desktop/latency-aware-target-control/firmware/zynq/vitis_workspace/target_control_zynq_platform/hw
TRACE::2026-08-28.15:22:48::SCWPlatform:: Platform Path /home/user/Desktop/latency-aware-target-control/firmware/zynq/vitis_workspace/target_control_zynq_platform/hw/target_control_zynq_hw.xsa
TRACE::2026-08-28.15:22:48::SCWPlatform:: Unique name xilinx:zybo-z7-10::0.0
TRACE::2026-08-28.15:22:48::SCWPlatform::Trying to set the existing hwdb with name design_1_wrapper_0
TRACE::2026-08-28.15:22:48::SCWPlatform::Opened existing hwdb design_1_wrapper_0
TRACE::2026-08-28.15:22:48::SCWPlatform::Found the Hw Db part of the input DSA
TRACE::2026-08-28.15:22:48::SCWMssOS::Checking the sw design at  /home/user/Desktop/latency-aware-target-control/firmware/zynq/vitis_workspace/target_control_zynq_platform/zynq_fsbl/zynq_fsbl_bsp/system.mss
TRACE::2026-08-28.15:22:48::SCWMssOS::DEBUG:  swdes dump  /home/user/Desktop/latency-aware-target-control/firmware/zynq/vitis_workspace/target_control_zynq_platform/ps7_cortexa9_0/standalone_domain/bsp/system.mss|system_0||
/home/user/Desktop/latency-aware-target-control/firmware/zynq/vitis_workspace/target_control_zynq_platform/zynq_fsbl/zynq_fsbl_bsp/system.mss|system||

TRACE::2026-08-28.15:22:48::SCWMssOS::Sw design exists and opened at  /home/user/Desktop/latency-aware-target-control/firmware/zynq/vitis_workspace/target_control_zynq_platform/zynq_fsbl/zynq_fsbl_bsp/system.mss
TRACE::2026-08-28.15:22:48::SCWPlatform::Trying to open the hw design at /home/user/Desktop/latency-aware-target-control/firmware/zynq/vitis_workspace/target_control_zynq_platform/hw/target_control_zynq_hw.xsa
TRACE::2026-08-28.15:22:48::SCWPlatform::DSA given /home/user/Desktop/latency-aware-target-control/firmware/zynq/vitis_workspace/target_control_zynq_platform/hw/target_control_zynq_hw.xsa
TRACE::2026-08-28.15:22:48::SCWPlatform::DSA absoulate path /home/user/Desktop/latency-aware-target-control/firmware/zynq/vitis_workspace/target_control_zynq_platform/hw/target_control_zynq_hw.xsa
TRACE::2026-08-28.15:22:48::SCWPlatform::DSA directory /home/user/Desktop/latency-aware-target-control/firmware/zynq/vitis_workspace/target_control_zynq_platform/hw
TRACE::2026-08-28.15:22:48::SCWPlatform:: Platform Path /home/user/Desktop/latency-aware-target-control/firmware/zynq/vitis_workspace/target_control_zynq_platform/hw/target_control_zynq_hw.xsa
TRACE::2026-08-28.15:22:48::SCWPlatform:: Unique name xilinx:zybo-z7-10::0.0
TRACE::2026-08-28.15:22:48::SCWPlatform::Trying to set the existing hwdb with name design_1_wrapper_0
TRACE::2026-08-28.15:22:48::SCWPlatform::Opened existing hwdb design_1_wrapper_0
TRACE::2026-08-28.15:22:48::SCWPlatform::Found the Hw Db part of the input DSA
TRACE::2026-08-28.15:22:48::SCWMssOS::Checking the sw design at  /home/user/Desktop/latency-aware-target-control/firmware/zynq/vitis_workspace/target_control_zynq_platform/ps7_cortexa9_0/standalone_domain/bsp/system.mss
TRACE::2026-08-28.15:22:48::SCWMssOS::DEBUG:  swdes dump  /home/user/Desktop/latency-aware-target-control/firmware/zynq/vitis_workspace/target_control_zynq_platform/ps7_cortexa9_0/standalone_domain/bsp/system.mss|system_0||
/home/user/Desktop/latency-aware-target-control/firmware/zynq/vitis_workspace/target_control_zynq_platform/zynq_fsbl/zynq_fsbl_bsp/system.mss|system||

TRACE::2026-08-28.15:22:48::SCWMssOS::Sw design exists and opened at  /home/user/Desktop/latency-aware-target-control/firmware/zynq/vitis_workspace/target_control_zynq_platform/ps7_cortexa9_0/standalone_domain/bsp/system.mss
TRACE::2026-08-28.15:22:48::SCWPlatform::Trying to open the hw design at /home/user/Desktop/latency-aware-target-control/firmware/zynq/vitis_workspace/target_control_zynq_platform/hw/target_control_zynq_hw.xsa
TRACE::2026-08-28.15:22:48::SCWPlatform::DSA given /home/user/Desktop/latency-aware-target-control/firmware/zynq/vitis_workspace/target_control_zynq_platform/hw/target_control_zynq_hw.xsa
TRACE::2026-08-28.15:22:48::SCWPlatform::DSA absoulate path /home/user/Desktop/latency-aware-target-control/firmware/zynq/vitis_workspace/target_control_zynq_platform/hw/target_control_zynq_hw.xsa
TRACE::2026-08-28.15:22:48::SCWPlatform::DSA directory /home/user/Desktop/latency-aware-target-control/firmware/zynq/vitis_workspace/target_control_zynq_platform/hw
TRACE::2026-08-28.15:22:48::SCWPlatform:: Platform Path /home/user/Desktop/latency-aware-target-control/firmware/zynq/vitis_workspace/target_control_zynq_platform/hw/target_control_zynq_hw.xsa
TRACE::2026-08-28.15:22:48::SCWPlatform:: Unique name xilinx:zybo-z7-10::0.0
TRACE::2026-08-28.15:22:48::SCWPlatform::Trying to set the existing hwdb with name design_1_wrapper_0
TRACE::2026-08-28.15:22:48::SCWPlatform::Opened existing hwdb design_1_wrapper_0
TRACE::2026-08-28.15:22:48::SCWPlatform::Found the Hw Db part of the input DSA
TRACE::2026-08-28.15:22:48::SCWMssOS::Checking the sw design at  /home/user/Desktop/latency-aware-target-control/firmware/zynq/vitis_workspace/target_control_zynq_platform/ps7_cortexa9_0/standalone_domain/bsp/system.mss
TRACE::2026-08-28.15:22:48::SCWMssOS::DEBUG:  swdes dump  /home/user/Desktop/latency-aware-target-control/firmware/zynq/vitis_workspace/target_control_zynq_platform/ps7_cortexa9_0/standalone_domain/bsp/system.mss|system_0||
/home/user/Desktop/latency-aware-target-control/firmware/zynq/vitis_workspace/target_control_zynq_platform/zynq_fsbl/zynq_fsbl_bsp/system.mss|system||

TRACE::2026-08-28.15:22:48::SCWMssOS::Sw design exists and opened at  /home/user/Desktop/latency-aware-target-control/firmware/zynq/vitis_workspace/target_control_zynq_platform/ps7_cortexa9_0/standalone_domain/bsp/system.mss
TRACE::2026-08-28.15:22:48::SCWPlatform::Trying to open the hw design at /home/user/Desktop/latency-aware-target-control/firmware/zynq/vitis_workspace/target_control_zynq_platform/hw/target_control_zynq_hw.xsa
TRACE::2026-08-28.15:22:48::SCWPlatform::DSA given /home/user/Desktop/latency-aware-target-control/firmware/zynq/vitis_workspace/target_control_zynq_platform/hw/target_control_zynq_hw.xsa
TRACE::2026-08-28.15:22:48::SCWPlatform::DSA absoulate path /home/user/Desktop/latency-aware-target-control/firmware/zynq/vitis_workspace/target_control_zynq_platform/hw/target_control_zynq_hw.xsa
TRACE::2026-08-28.15:22:48::SCWPlatform::DSA directory /home/user/Desktop/latency-aware-target-control/firmware/zynq/vitis_workspace/target_control_zynq_platform/hw
TRACE::2026-08-28.15:22:48::SCWPlatform:: Platform Path /home/user/Desktop/latency-aware-target-control/firmware/zynq/vitis_workspace/target_control_zynq_platform/hw/target_control_zynq_hw.xsa
TRACE::2026-08-28.15:22:48::SCWPlatform:: Unique name xilinx:zybo-z7-10::0.0
TRACE::2026-08-28.15:22:48::SCWPlatform::Trying to set the existing hwdb with name design_1_wrapper_0
TRACE::2026-08-28.15:22:48::SCWPlatform::Opened existing hwdb design_1_wrapper_0
TRACE::2026-08-28.15:22:48::SCWPlatform::Found the Hw Db part of the input DSA
TRACE::2026-08-28.15:22:48::SCWMssOS::Checking the sw design at  /home/user/Desktop/latency-aware-target-control/firmware/zynq/vitis_workspace/target_control_zynq_platform/ps7_cortexa9_0/standalone_domain/bsp/system.mss
TRACE::2026-08-28.15:22:48::SCWMssOS::DEBUG:  swdes dump  /home/user/Desktop/latency-aware-target-control/firmware/zynq/vitis_workspace/target_control_zynq_platform/ps7_cortexa9_0/standalone_domain/bsp/system.mss|system_0||
/home/user/Desktop/latency-aware-target-control/firmware/zynq/vitis_workspace/target_control_zynq_platform/zynq_fsbl/zynq_fsbl_bsp/system.mss|system||

TRACE::2026-08-28.15:22:48::SCWMssOS::Sw design exists and opened at  /home/user/Desktop/latency-aware-target-control/firmware/zynq/vitis_workspace/target_control_zynq_platform/ps7_cortexa9_0/standalone_domain/bsp/system.mss
TRACE::2026-08-28.15:22:48::SCWWriter::formatted JSON is {
	"platformName":	"target_control_zynq_platform",
	"sprVersion":	"2.0",
	"mode":	"gui",
	"dsaType":	"Fixed",
	"platformDesc":	"target_control_zynq_platform",
	"platHandOff":	"/home/user/Desktop/latency-aware-target-control/firmware/zynq/target_control_zynq_hw/target_control_zynq_hw.xsa",
	"platIntHandOff":	"<platformDir>/hw/target_control_zynq_hw.xsa",
	"deviceType":	"zynq",
	"platIsPrebuiltAutogen":	"false",
	"platIsNoBootBsp":	"false",
	"platFsblTarget":	"ps7_cortexa9_0",
	"hasFsblMakeHasChanges":	"false",
	"hasPmufwMakeHasChanges":	"false",
	"fsblExtraCompilerFlags":	"-MMD -MP       -mcpu=cortex-a9 -mfpu=vfpv3 -mfloat-abi=hard ",
	"platPreBuiltFlag":	false,
	"platformSamplesDir":	"",
	"platActiveSys":	"target_control_zynq_platform",
	"systems":	[{
			"systemName":	"target_control_zynq_platform",
			"systemDesc":	"target_control_zynq_platform",
			"sysIsBootAutoGen":	"true",
			"systemDispName":	"target_control_zynq_platform",
			"sysActiveDom":	"standalone_domain",
			"sysDefaultDom":	"standalone_domain",
			"domains":	[{
					"domainName":	"zynq_fsbl",
					"domainDispName":	"zynq_fsbl",
					"domainDesc":	"FSBL Application BSP - Auto Generated.",
					"processors":	"ps7_cortexa9_0",
					"os":	"standalone",
					"sdxOs":	"standalone",
					"debugEnable":	"",
					"domRuntimes":	["cpp"],
					"swRepo":	"",
					"mssOsVer":	"7.7",
					"mssFile":	"",
					"md5Digest":	"68359604a3374d6a43f578fe0b642f17",
					"compatibleApp":	"zynq_fsbl",
					"domType":	"bootDomain",
					"arch":	"32-bit",
					"appSettings":	{
						"appCompilerFlags":	"",
						"appLinkerFlags":	""
					},
					"addedLibs":	["xilffs:4.7", "xilrsa:1.6"],
					"libOptions":	{
						"libsContainingOptions":	[]
					},
					"prebuiltLibs":	{
						"prebuiltIncPath":	[],
						"prebuiltLibPath":	[]
					},
					"isolation":	{
					}
				}, {
					"domainName":	"standalone_domain",
					"domainDispName":	"standalone_domain",
					"domainDesc":	"standalone_domain",
					"processors":	"ps7_cortexa9_0",
					"os":	"standalone",
					"sdxOs":	"standalone",
					"qemuArgs":	"<platformDir>/resources/target_control_zynq_platform/standalone_domain/qemu_args.txt",
					"qemuData":	"<platformDir>/resources/target_control_zynq_platform/standalone_domain/qemu",
					"debugEnable":	"False",
					"domRuntimes":	["cpp"],
					"swRepo":	"",
					"mssOsVer":	"7.7",
					"mssFile":	"",
					"md5Digest":	"859da1b96f35d25dd5a4f58dfbef0ebc",
					"compatibleApp":	"",
					"domType":	"mssDomain",
					"appSettings":	{
						"appCompilerFlags":	"",
						"appLinkerFlags":	""
					},
					"addedLibs":	[],
					"libOptions":	{
						"libsContainingOptions":	[]
					},
					"prebuiltLibs":	{
						"prebuiltIncPath":	[],
						"prebuiltLibPath":	[]
					},
					"isolation":	{
					}
				}]
		}]
}
LOG::2026-08-28.15:22:48::SCWPlatform::Started generating the artifacts platform target_control_zynq_platform
TRACE::2026-08-28.15:22:48::SCWPlatform::Sanity checking of platform is completed
LOG::2026-08-28.15:22:48::SCWPlatform::Started generating the artifacts for system configuration target_control_zynq_platform
LOG::2026-08-28.15:22:48::SCWSystem::Checking the domain zynq_fsbl
LOG::2026-08-28.15:22:48::SCWSystem::Doing application build for :  zynq_fsbl
TRACE::2026-08-28.15:22:48::SCWBDomain::Not a forced makefile updation, No changes are present. 
TRACE::2026-08-28.15:22:48::SCWDomain::Skipping the build for domain :  zynq_fsbl
LOG::2026-08-28.15:22:48::SCWSystem::Checking the domain standalone_domain
LOG::2026-08-28.15:22:48::SCWSystem::Not a boot domain 
LOG::2026-08-28.15:22:48::SCWSystem::Started Processing the domain standalone_domain
TRACE::2026-08-28.15:22:48::SCWDomain::Generating domain artifcats
TRACE::2026-08-28.15:22:48::SCWMssOS::Generating standalone artifcats
TRACE::2026-08-28.15:22:48::SCWMssOS::Copying the qemu file from  /home/user/Desktop/latency-aware-target-control/firmware/zynq/vitis_workspace/target_control_zynq_platform/resources/target_control_zynq_platform/standalone_domain/qemu_args.txt To /home/user/Desktop/latency-aware-target-control/firmware/zynq/vitis_workspace/target_control_zynq_platform/export/target_control_zynq_platform/sw/target_control_zynq_platform/qemu/
TRACE::2026-08-28.15:22:48::SCWMssOS::Copying the qemu file from  /home/user/Desktop/latency-aware-target-control/firmware/zynq/vitis_workspace/target_control_zynq_platform/resources/target_control_zynq_platform/standalone_domain/qemu_args.txt To /home/user/Desktop/latency-aware-target-control/firmware/zynq/vitis_workspace/target_control_zynq_platform/export/target_control_zynq_platform/sw/target_control_zynq_platform/standalone_domain/qemu/
TRACE::2026-08-28.15:22:48::SCWMssOS:: Copying the user libraries. 
TRACE::2026-08-28.15:22:48::SCWPlatform::Trying to open the hw design at /home/user/Desktop/latency-aware-target-control/firmware/zynq/vitis_workspace/target_control_zynq_platform/hw/target_control_zynq_hw.xsa
TRACE::2026-08-28.15:22:48::SCWPlatform::DSA given /home/user/Desktop/latency-aware-target-control/firmware/zynq/vitis_workspace/target_control_zynq_platform/hw/target_control_zynq_hw.xsa
TRACE::2026-08-28.15:22:48::SCWPlatform::DSA absoulate path /home/user/Desktop/latency-aware-target-control/firmware/zynq/vitis_workspace/target_control_zynq_platform/hw/target_control_zynq_hw.xsa
TRACE::2026-08-28.15:22:48::SCWPlatform::DSA directory /home/user/Desktop/latency-aware-target-control/firmware/zynq/vitis_workspace/target_control_zynq_platform/hw
TRACE::2026-08-28.15:22:48::SCWPlatform:: Platform Path /home/user/Desktop/latency-aware-target-control/firmware/zynq/vitis_workspace/target_control_zynq_platform/hw/target_control_zynq_hw.xsa
TRACE::2026-08-28.15:22:48::SCWPlatform:: Unique name xilinx:zybo-z7-10::0.0
TRACE::2026-08-28.15:22:48::SCWPlatform::Trying to set the existing hwdb with name design_1_wrapper_0
TRACE::2026-08-28.15:22:48::SCWPlatform::Opened existing hwdb design_1_wrapper_0
TRACE::2026-08-28.15:22:48::SCWPlatform::Found the Hw Db part of the input DSA
TRACE::2026-08-28.15:22:48::SCWMssOS::Checking the sw design at  /home/user/Desktop/latency-aware-target-control/firmware/zynq/vitis_workspace/target_control_zynq_platform/ps7_cortexa9_0/standalone_domain/bsp/system.mss
TRACE::2026-08-28.15:22:48::SCWMssOS::DEBUG:  swdes dump  /home/user/Desktop/latency-aware-target-control/firmware/zynq/vitis_workspace/target_control_zynq_platform/ps7_cortexa9_0/standalone_domain/bsp/system.mss|system_0||
/home/user/Desktop/latency-aware-target-control/firmware/zynq/vitis_workspace/target_control_zynq_platform/zynq_fsbl/zynq_fsbl_bsp/system.mss|system||

TRACE::2026-08-28.15:22:48::SCWMssOS::Sw design exists and opened at  /home/user/Desktop/latency-aware-target-control/firmware/zynq/vitis_workspace/target_control_zynq_platform/ps7_cortexa9_0/standalone_domain/bsp/system.mss
TRACE::2026-08-28.15:22:48::SCWMssOS::Completed writing the mss file at /home/user/Desktop/latency-aware-target-control/firmware/zynq/vitis_workspace/target_control_zynq_platform/ps7_cortexa9_0/standalone_domain/bsp
TRACE::2026-08-28.15:22:48::SCWMssOS::Mss edits present, copying mssfile into export location /home/user/Desktop/latency-aware-target-control/firmware/zynq/vitis_workspace/target_control_zynq_platform/ps7_cortexa9_0/standalone_domain/bsp/system.mss
TRACE::2026-08-28.15:22:48::SCWMssOS::bsp generated is upto date with the mss file. Skipping bsp generation.
TRACE::2026-08-28.15:22:48::SCWMssOS::BSP is already built. skipping the bsp build ... 
TRACE::2026-08-28.15:22:48::SCWDomain::Skipping the build for domain :  standalone_domain
TRACE::2026-08-28.15:22:48::SCWMssOS::skipping the bsp build ... 
TRACE::2026-08-28.15:22:48::SCWMssOS::Copying to export directory.
TRACE::2026-08-28.15:22:48::SCWMssOS:: Checking if to create the Supporting Applications
TRACE::2026-08-28.15:22:48::SCWMssOS:: No Linux domain exists, trying to generate FSBL 
TRACE::2026-08-28.15:22:48::SCWMssOS:: Completed Standalone Artifacts creation 
LOG::2026-08-28.15:22:48::SCWSystem::Completed Processing the domain standalone_domain
LOG::2026-08-28.15:22:48::SCWSystem::Completed Processing the sysconfig target_control_zynq_platform
LOG::2026-08-28.15:22:48::SCWPlatform::Completed generating the artifacts for system configuration target_control_zynq_platform
TRACE::2026-08-28.15:22:48::SCWPlatform::Started preparing the platform 
TRACE::2026-08-28.15:22:48::SCWSystem::Writing the bif file for system config target_control_zynq_platform
TRACE::2026-08-28.15:22:48::SCWSystem::dir created 
TRACE::2026-08-28.15:22:48::SCWSystem::Writing the bif 
TRACE::2026-08-28.15:22:48::SCWPlatform::Started writing the spfm file 
TRACE::2026-08-28.15:22:48::SCWPlatform::Started writing the xpfm file 
TRACE::2026-08-28.15:22:48::SCWPlatform::Completed generating the platform
TRACE::2026-08-28.15:22:48::SCWMssOS::Saving the mss changes /home/user/Desktop/latency-aware-target-control/firmware/zynq/vitis_workspace/target_control_zynq_platform/zynq_fsbl/zynq_fsbl_bsp/system.mss
TRACE::2026-08-28.15:22:48::SCWMssOS::Found a swdesign opened with the mssfile.
TRACE::2026-08-28.15:22:48::SCWMssOS::Completed writemss as part of save.
TRACE::2026-08-28.15:22:48::SCWMssOS::Commit changes completed.
TRACE::2026-08-28.15:22:48::SCWMssOS::Saving the mss changes /home/user/Desktop/latency-aware-target-control/firmware/zynq/vitis_workspace/target_control_zynq_platform/ps7_cortexa9_0/standalone_domain/bsp/system.mss
TRACE::2026-08-28.15:22:48::SCWMssOS::Found a swdesign opened with the mssfile.
TRACE::2026-08-28.15:22:48::SCWMssOS::Completed writemss as part of save.
TRACE::2026-08-28.15:22:48::SCWMssOS::Commit changes completed.
TRACE::2026-08-28.15:22:48::SCWPlatform::Trying to open the hw design at /home/user/Desktop/latency-aware-target-control/firmware/zynq/vitis_workspace/target_control_zynq_platform/hw/target_control_zynq_hw.xsa
TRACE::2026-08-28.15:22:48::SCWPlatform::DSA given /home/user/Desktop/latency-aware-target-control/firmware/zynq/vitis_workspace/target_control_zynq_platform/hw/target_control_zynq_hw.xsa
TRACE::2026-08-28.15:22:48::SCWPlatform::DSA absoulate path /home/user/Desktop/latency-aware-target-control/firmware/zynq/vitis_workspace/target_control_zynq_platform/hw/target_control_zynq_hw.xsa
TRACE::2026-08-28.15:22:48::SCWPlatform::DSA directory /home/user/Desktop/latency-aware-target-control/firmware/zynq/vitis_workspace/target_control_zynq_platform/hw
TRACE::2026-08-28.15:22:48::SCWPlatform:: Platform Path /home/user/Desktop/latency-aware-target-control/firmware/zynq/vitis_workspace/target_control_zynq_platform/hw/target_control_zynq_hw.xsa
TRACE::2026-08-28.15:22:48::SCWPlatform:: Unique name xilinx:zybo-z7-10::0.0
TRACE::2026-08-28.15:22:48::SCWPlatform::Trying to set the existing hwdb with name design_1_wrapper_0
TRACE::2026-08-28.15:22:48::SCWPlatform::Opened existing hwdb design_1_wrapper_0
TRACE::2026-08-28.15:22:48::SCWPlatform::Found the Hw Db part of the input DSA
TRACE::2026-08-28.15:22:48::SCWMssOS::Checking the sw design at  /home/user/Desktop/latency-aware-target-control/firmware/zynq/vitis_workspace/target_control_zynq_platform/zynq_fsbl/zynq_fsbl_bsp/system.mss
TRACE::2026-08-28.15:22:48::SCWMssOS::DEBUG:  swdes dump  /home/user/Desktop/latency-aware-target-control/firmware/zynq/vitis_workspace/target_control_zynq_platform/ps7_cortexa9_0/standalone_domain/bsp/system.mss|system_0||
/home/user/Desktop/latency-aware-target-control/firmware/zynq/vitis_workspace/target_control_zynq_platform/zynq_fsbl/zynq_fsbl_bsp/system.mss|system||

TRACE::2026-08-28.15:22:48::SCWMssOS::Sw design exists and opened at  /home/user/Desktop/latency-aware-target-control/firmware/zynq/vitis_workspace/target_control_zynq_platform/zynq_fsbl/zynq_fsbl_bsp/system.mss
TRACE::2026-08-28.15:22:48::SCWPlatform::Trying to open the hw design at /home/user/Desktop/latency-aware-target-control/firmware/zynq/vitis_workspace/target_control_zynq_platform/hw/target_control_zynq_hw.xsa
TRACE::2026-08-28.15:22:48::SCWPlatform::DSA given /home/user/Desktop/latency-aware-target-control/firmware/zynq/vitis_workspace/target_control_zynq_platform/hw/target_control_zynq_hw.xsa
TRACE::2026-08-28.15:22:48::SCWPlatform::DSA absoulate path /home/user/Desktop/latency-aware-target-control/firmware/zynq/vitis_workspace/target_control_zynq_platform/hw/target_control_zynq_hw.xsa
TRACE::2026-08-28.15:22:48::SCWPlatform::DSA directory /home/user/Desktop/latency-aware-target-control/firmware/zynq/vitis_workspace/target_control_zynq_platform/hw
TRACE::2026-08-28.15:22:48::SCWPlatform:: Platform Path /home/user/Desktop/latency-aware-target-control/firmware/zynq/vitis_workspace/target_control_zynq_platform/hw/target_control_zynq_hw.xsa
TRACE::2026-08-28.15:22:48::SCWPlatform:: Unique name xilinx:zybo-z7-10::0.0
TRACE::2026-08-28.15:22:48::SCWPlatform::Trying to set the existing hwdb with name design_1_wrapper_0
TRACE::2026-08-28.15:22:48::SCWPlatform::Opened existing hwdb design_1_wrapper_0
TRACE::2026-08-28.15:22:48::SCWPlatform::Found the Hw Db part of the input DSA
TRACE::2026-08-28.15:22:48::SCWMssOS::Checking the sw design at  /home/user/Desktop/latency-aware-target-control/firmware/zynq/vitis_workspace/target_control_zynq_platform/zynq_fsbl/zynq_fsbl_bsp/system.mss
TRACE::2026-08-28.15:22:48::SCWMssOS::DEBUG:  swdes dump  /home/user/Desktop/latency-aware-target-control/firmware/zynq/vitis_workspace/target_control_zynq_platform/ps7_cortexa9_0/standalone_domain/bsp/system.mss|system_0||
/home/user/Desktop/latency-aware-target-control/firmware/zynq/vitis_workspace/target_control_zynq_platform/zynq_fsbl/zynq_fsbl_bsp/system.mss|system||

TRACE::2026-08-28.15:22:48::SCWMssOS::Sw design exists and opened at  /home/user/Desktop/latency-aware-target-control/firmware/zynq/vitis_workspace/target_control_zynq_platform/zynq_fsbl/zynq_fsbl_bsp/system.mss
TRACE::2026-08-28.15:22:48::SCWPlatform::Trying to open the hw design at /home/user/Desktop/latency-aware-target-control/firmware/zynq/vitis_workspace/target_control_zynq_platform/hw/target_control_zynq_hw.xsa
TRACE::2026-08-28.15:22:48::SCWPlatform::DSA given /home/user/Desktop/latency-aware-target-control/firmware/zynq/vitis_workspace/target_control_zynq_platform/hw/target_control_zynq_hw.xsa
TRACE::2026-08-28.15:22:48::SCWPlatform::DSA absoulate path /home/user/Desktop/latency-aware-target-control/firmware/zynq/vitis_workspace/target_control_zynq_platform/hw/target_control_zynq_hw.xsa
TRACE::2026-08-28.15:22:48::SCWPlatform::DSA directory /home/user/Desktop/latency-aware-target-control/firmware/zynq/vitis_workspace/target_control_zynq_platform/hw
TRACE::2026-08-28.15:22:48::SCWPlatform:: Platform Path /home/user/Desktop/latency-aware-target-control/firmware/zynq/vitis_workspace/target_control_zynq_platform/hw/target_control_zynq_hw.xsa
TRACE::2026-08-28.15:22:48::SCWPlatform:: Unique name xilinx:zybo-z7-10::0.0
TRACE::2026-08-28.15:22:48::SCWPlatform::Trying to set the existing hwdb with name design_1_wrapper_0
TRACE::2026-08-28.15:22:48::SCWPlatform::Opened existing hwdb design_1_wrapper_0
TRACE::2026-08-28.15:22:48::SCWPlatform::Found the Hw Db part of the input DSA
TRACE::2026-08-28.15:22:48::SCWMssOS::Checking the sw design at  /home/user/Desktop/latency-aware-target-control/firmware/zynq/vitis_workspace/target_control_zynq_platform/zynq_fsbl/zynq_fsbl_bsp/system.mss
TRACE::2026-08-28.15:22:48::SCWMssOS::DEBUG:  swdes dump  /home/user/Desktop/latency-aware-target-control/firmware/zynq/vitis_workspace/target_control_zynq_platform/ps7_cortexa9_0/standalone_domain/bsp/system.mss|system_0||
/home/user/Desktop/latency-aware-target-control/firmware/zynq/vitis_workspace/target_control_zynq_platform/zynq_fsbl/zynq_fsbl_bsp/system.mss|system||

TRACE::2026-08-28.15:22:48::SCWMssOS::Sw design exists and opened at  /home/user/Desktop/latency-aware-target-control/firmware/zynq/vitis_workspace/target_control_zynq_platform/zynq_fsbl/zynq_fsbl_bsp/system.mss
TRACE::2026-08-28.15:22:48::SCWPlatform::Trying to open the hw design at /home/user/Desktop/latency-aware-target-control/firmware/zynq/vitis_workspace/target_control_zynq_platform/hw/target_control_zynq_hw.xsa
TRACE::2026-08-28.15:22:48::SCWPlatform::DSA given /home/user/Desktop/latency-aware-target-control/firmware/zynq/vitis_workspace/target_control_zynq_platform/hw/target_control_zynq_hw.xsa
TRACE::2026-08-28.15:22:48::SCWPlatform::DSA absoulate path /home/user/Desktop/latency-aware-target-control/firmware/zynq/vitis_workspace/target_control_zynq_platform/hw/target_control_zynq_hw.xsa
TRACE::2026-08-28.15:22:48::SCWPlatform::DSA directory /home/user/Desktop/latency-aware-target-control/firmware/zynq/vitis_workspace/target_control_zynq_platform/hw
TRACE::2026-08-28.15:22:48::SCWPlatform:: Platform Path /home/user/Desktop/latency-aware-target-control/firmware/zynq/vitis_workspace/target_control_zynq_platform/hw/target_control_zynq_hw.xsa
TRACE::2026-08-28.15:22:48::SCWPlatform:: Unique name xilinx:zybo-z7-10::0.0
TRACE::2026-08-28.15:22:48::SCWPlatform::Trying to set the existing hwdb with name design_1_wrapper_0
TRACE::2026-08-28.15:22:48::SCWPlatform::Opened existing hwdb design_1_wrapper_0
TRACE::2026-08-28.15:22:48::SCWPlatform::Found the Hw Db part of the input DSA
TRACE::2026-08-28.15:22:48::SCWMssOS::Checking the sw design at  /home/user/Desktop/latency-aware-target-control/firmware/zynq/vitis_workspace/target_control_zynq_platform/ps7_cortexa9_0/standalone_domain/bsp/system.mss
TRACE::2026-08-28.15:22:48::SCWMssOS::DEBUG:  swdes dump  /home/user/Desktop/latency-aware-target-control/firmware/zynq/vitis_workspace/target_control_zynq_platform/ps7_cortexa9_0/standalone_domain/bsp/system.mss|system_0||
/home/user/Desktop/latency-aware-target-control/firmware/zynq/vitis_workspace/target_control_zynq_platform/zynq_fsbl/zynq_fsbl_bsp/system.mss|system||

TRACE::2026-08-28.15:22:48::SCWMssOS::Sw design exists and opened at  /home/user/Desktop/latency-aware-target-control/firmware/zynq/vitis_workspace/target_control_zynq_platform/ps7_cortexa9_0/standalone_domain/bsp/system.mss
TRACE::2026-08-28.15:22:48::SCWPlatform::Trying to open the hw design at /home/user/Desktop/latency-aware-target-control/firmware/zynq/vitis_workspace/target_control_zynq_platform/hw/target_control_zynq_hw.xsa
TRACE::2026-08-28.15:22:48::SCWPlatform::DSA given /home/user/Desktop/latency-aware-target-control/firmware/zynq/vitis_workspace/target_control_zynq_platform/hw/target_control_zynq_hw.xsa
TRACE::2026-08-28.15:22:48::SCWPlatform::DSA absoulate path /home/user/Desktop/latency-aware-target-control/firmware/zynq/vitis_workspace/target_control_zynq_platform/hw/target_control_zynq_hw.xsa
TRACE::2026-08-28.15:22:48::SCWPlatform::DSA directory /home/user/Desktop/latency-aware-target-control/firmware/zynq/vitis_workspace/target_control_zynq_platform/hw
TRACE::2026-08-28.15:22:48::SCWPlatform:: Platform Path /home/user/Desktop/latency-aware-target-control/firmware/zynq/vitis_workspace/target_control_zynq_platform/hw/target_control_zynq_hw.xsa
TRACE::2026-08-28.15:22:48::SCWPlatform:: Unique name xilinx:zybo-z7-10::0.0
TRACE::2026-08-28.15:22:48::SCWPlatform::Trying to set the existing hwdb with name design_1_wrapper_0
TRACE::2026-08-28.15:22:48::SCWPlatform::Opened existing hwdb design_1_wrapper_0
TRACE::2026-08-28.15:22:48::SCWPlatform::Found the Hw Db part of the input DSA
TRACE::2026-08-28.15:22:48::SCWMssOS::Checking the sw design at  /home/user/Desktop/latency-aware-target-control/firmware/zynq/vitis_workspace/target_control_zynq_platform/ps7_cortexa9_0/standalone_domain/bsp/system.mss
TRACE::2026-08-28.15:22:48::SCWMssOS::DEBUG:  swdes dump  /home/user/Desktop/latency-aware-target-control/firmware/zynq/vitis_workspace/target_control_zynq_platform/ps7_cortexa9_0/standalone_domain/bsp/system.mss|system_0||
/home/user/Desktop/latency-aware-target-control/firmware/zynq/vitis_workspace/target_control_zynq_platform/zynq_fsbl/zynq_fsbl_bsp/system.mss|system||

TRACE::2026-08-28.15:22:48::SCWMssOS::Sw design exists and opened at  /home/user/Desktop/latency-aware-target-control/firmware/zynq/vitis_workspace/target_control_zynq_platform/ps7_cortexa9_0/standalone_domain/bsp/system.mss
TRACE::2026-08-28.15:22:48::SCWPlatform::Trying to open the hw design at /home/user/Desktop/latency-aware-target-control/firmware/zynq/vitis_workspace/target_control_zynq_platform/hw/target_control_zynq_hw.xsa
TRACE::2026-08-28.15:22:48::SCWPlatform::DSA given /home/user/Desktop/latency-aware-target-control/firmware/zynq/vitis_workspace/target_control_zynq_platform/hw/target_control_zynq_hw.xsa
TRACE::2026-08-28.15:22:48::SCWPlatform::DSA absoulate path /home/user/Desktop/latency-aware-target-control/firmware/zynq/vitis_workspace/target_control_zynq_platform/hw/target_control_zynq_hw.xsa
TRACE::2026-08-28.15:22:48::SCWPlatform::DSA directory /home/user/Desktop/latency-aware-target-control/firmware/zynq/vitis_workspace/target_control_zynq_platform/hw
TRACE::2026-08-28.15:22:48::SCWPlatform:: Platform Path /home/user/Desktop/latency-aware-target-control/firmware/zynq/vitis_workspace/target_control_zynq_platform/hw/target_control_zynq_hw.xsa
TRACE::2026-08-28.15:22:48::SCWPlatform:: Unique name xilinx:zybo-z7-10::0.0
TRACE::2026-08-28.15:22:48::SCWPlatform::Trying to set the existing hwdb with name design_1_wrapper_0
TRACE::2026-08-28.15:22:48::SCWPlatform::Opened existing hwdb design_1_wrapper_0
TRACE::2026-08-28.15:22:48::SCWPlatform::Found the Hw Db part of the input DSA
TRACE::2026-08-28.15:22:48::SCWMssOS::Checking the sw design at  /home/user/Desktop/latency-aware-target-control/firmware/zynq/vitis_workspace/target_control_zynq_platform/ps7_cortexa9_0/standalone_domain/bsp/system.mss
TRACE::2026-08-28.15:22:48::SCWMssOS::DEBUG:  swdes dump  /home/user/Desktop/latency-aware-target-control/firmware/zynq/vitis_workspace/target_control_zynq_platform/ps7_cortexa9_0/standalone_domain/bsp/system.mss|system_0||
/home/user/Desktop/latency-aware-target-control/firmware/zynq/vitis_workspace/target_control_zynq_platform/zynq_fsbl/zynq_fsbl_bsp/system.mss|system||

TRACE::2026-08-28.15:22:48::SCWMssOS::Sw design exists and opened at  /home/user/Desktop/latency-aware-target-control/firmware/zynq/vitis_workspace/target_control_zynq_platform/ps7_cortexa9_0/standalone_domain/bsp/system.mss
TRACE::2026-08-28.15:22:48::SCWWriter::formatted JSON is {
	"platformName":	"target_control_zynq_platform",
	"sprVersion":	"2.0",
	"mode":	"gui",
	"dsaType":	"Fixed",
	"platformDesc":	"target_control_zynq_platform",
	"platHandOff":	"/home/user/Desktop/latency-aware-target-control/firmware/zynq/target_control_zynq_hw/target_control_zynq_hw.xsa",
	"platIntHandOff":	"<platformDir>/hw/target_control_zynq_hw.xsa",
	"deviceType":	"zynq",
	"platIsPrebuiltAutogen":	"false",
	"platIsNoBootBsp":	"false",
	"platFsblTarget":	"ps7_cortexa9_0",
	"hasFsblMakeHasChanges":	"false",
	"hasPmufwMakeHasChanges":	"false",
	"fsblExtraCompilerFlags":	"-MMD -MP       -mcpu=cortex-a9 -mfpu=vfpv3 -mfloat-abi=hard ",
	"platPreBuiltFlag":	false,
	"platformSamplesDir":	"",
	"platActiveSys":	"target_control_zynq_platform",
	"systems":	[{
			"systemName":	"target_control_zynq_platform",
			"systemDesc":	"target_control_zynq_platform",
			"sysIsBootAutoGen":	"true",
			"systemDispName":	"target_control_zynq_platform",
			"sysActiveDom":	"standalone_domain",
			"sysDefaultDom":	"standalone_domain",
			"domains":	[{
					"domainName":	"zynq_fsbl",
					"domainDispName":	"zynq_fsbl",
					"domainDesc":	"FSBL Application BSP - Auto Generated.",
					"processors":	"ps7_cortexa9_0",
					"os":	"standalone",
					"sdxOs":	"standalone",
					"debugEnable":	"",
					"domRuntimes":	["cpp"],
					"swRepo":	"",
					"mssOsVer":	"7.7",
					"mssFile":	"",
					"md5Digest":	"68359604a3374d6a43f578fe0b642f17",
					"compatibleApp":	"zynq_fsbl",
					"domType":	"bootDomain",
					"arch":	"32-bit",
					"appSettings":	{
						"appCompilerFlags":	"",
						"appLinkerFlags":	""
					},
					"addedLibs":	["xilffs:4.7", "xilrsa:1.6"],
					"libOptions":	{
						"libsContainingOptions":	[]
					},
					"prebuiltLibs":	{
						"prebuiltIncPath":	[],
						"prebuiltLibPath":	[]
					},
					"isolation":	{
					}
				}, {
					"domainName":	"standalone_domain",
					"domainDispName":	"standalone_domain",
					"domainDesc":	"standalone_domain",
					"processors":	"ps7_cortexa9_0",
					"os":	"standalone",
					"sdxOs":	"standalone",
					"qemuArgs":	"<platformDir>/resources/target_control_zynq_platform/standalone_domain/qemu_args.txt",
					"qemuData":	"<platformDir>/resources/target_control_zynq_platform/standalone_domain/qemu",
					"debugEnable":	"False",
					"domRuntimes":	["cpp"],
					"swRepo":	"",
					"mssOsVer":	"7.7",
					"mssFile":	"",
					"md5Digest":	"859da1b96f35d25dd5a4f58dfbef0ebc",
					"compatibleApp":	"",
					"domType":	"mssDomain",
					"appSettings":	{
						"appCompilerFlags":	"",
						"appLinkerFlags":	""
					},
					"addedLibs":	[],
					"libOptions":	{
						"libsContainingOptions":	[]
					},
					"prebuiltLibs":	{
						"prebuiltIncPath":	[],
						"prebuiltLibPath":	[]
					},
					"isolation":	{
					}
				}]
		}]
}
KEYINFO::2026-08-28.15:22:48::SCWPlatform::updated the xpfm file.
TRACE::2026-08-28.15:22:48::SCWPlatform::Trying to open the hw design at /home/user/Desktop/latency-aware-target-control/firmware/zynq/vitis_workspace/target_control_zynq_platform/hw/target_control_zynq_hw.xsa
TRACE::2026-08-28.15:22:48::SCWPlatform::DSA given /home/user/Desktop/latency-aware-target-control/firmware/zynq/vitis_workspace/target_control_zynq_platform/hw/target_control_zynq_hw.xsa
TRACE::2026-08-28.15:22:48::SCWPlatform::DSA absoulate path /home/user/Desktop/latency-aware-target-control/firmware/zynq/vitis_workspace/target_control_zynq_platform/hw/target_control_zynq_hw.xsa
TRACE::2026-08-28.15:22:48::SCWPlatform::DSA directory /home/user/Desktop/latency-aware-target-control/firmware/zynq/vitis_workspace/target_control_zynq_platform/hw
TRACE::2026-08-28.15:22:48::SCWPlatform:: Platform Path /home/user/Desktop/latency-aware-target-control/firmware/zynq/vitis_workspace/target_control_zynq_platform/hw/target_control_zynq_hw.xsa
TRACE::2026-08-28.15:22:48::SCWPlatform:: Unique name xilinx:zybo-z7-10::0.0
TRACE::2026-08-28.15:22:48::SCWPlatform::Trying to set the existing hwdb with name design_1_wrapper_0
TRACE::2026-08-28.15:22:48::SCWPlatform::Opened existing hwdb design_1_wrapper_0
TRACE::2026-08-28.15:22:48::SCWPlatform::Found the Hw Db part of the input DSA
TRACE::2026-08-28.15:22:48::SCWMssOS::Checking the sw design at  /home/user/Desktop/latency-aware-target-control/firmware/zynq/vitis_workspace/target_control_zynq_platform/ps7_cortexa9_0/standalone_domain/bsp/system.mss
TRACE::2026-08-28.15:22:48::SCWMssOS::DEBUG:  swdes dump  /home/user/Desktop/latency-aware-target-control/firmware/zynq/vitis_workspace/target_control_zynq_platform/ps7_cortexa9_0/standalone_domain/bsp/system.mss|system_0||
/home/user/Desktop/latency-aware-target-control/firmware/zynq/vitis_workspace/target_control_zynq_platform/zynq_fsbl/zynq_fsbl_bsp/system.mss|system||

TRACE::2026-08-28.15:22:48::SCWMssOS::Sw design exists and opened at  /home/user/Desktop/latency-aware-target-control/firmware/zynq/vitis_workspace/target_control_zynq_platform/ps7_cortexa9_0/standalone_domain/bsp/system.mss
TRACE::2026-08-28.15:22:48::SCWMssOS::Saving the mss changes /home/user/Desktop/latency-aware-target-control/firmware/zynq/vitis_workspace/target_control_zynq_platform/zynq_fsbl/zynq_fsbl_bsp/system.mss
TRACE::2026-08-28.15:22:48::SCWMssOS::Found a swdesign opened with the mssfile.
TRACE::2026-08-28.15:22:48::SCWMssOS::Completed writemss as part of save.
TRACE::2026-08-28.15:22:48::SCWMssOS::Commit changes completed.
TRACE::2026-08-28.15:22:48::SCWMssOS::Saving the mss changes /home/user/Desktop/latency-aware-target-control/firmware/zynq/vitis_workspace/target_control_zynq_platform/ps7_cortexa9_0/standalone_domain/bsp/system.mss
TRACE::2026-08-28.15:22:48::SCWMssOS::Found a swdesign opened with the mssfile.
TRACE::2026-08-28.15:22:48::SCWMssOS::Completed writemss as part of save.
TRACE::2026-08-28.15:22:48::SCWMssOS::Commit changes completed.
TRACE::2026-08-28.15:22:48::SCWPlatform::Trying to open the hw design at /home/user/Desktop/latency-aware-target-control/firmware/zynq/vitis_workspace/target_control_zynq_platform/hw/target_control_zynq_hw.xsa
TRACE::2026-08-28.15:22:48::SCWPlatform::DSA given /home/user/Desktop/latency-aware-target-control/firmware/zynq/vitis_workspace/target_control_zynq_platform/hw/target_control_zynq_hw.xsa
TRACE::2026-08-28.15:22:48::SCWPlatform::DSA absoulate path /home/user/Desktop/latency-aware-target-control/firmware/zynq/vitis_workspace/target_control_zynq_platform/hw/target_control_zynq_hw.xsa
TRACE::2026-08-28.15:22:48::SCWPlatform::DSA directory /home/user/Desktop/latency-aware-target-control/firmware/zynq/vitis_workspace/target_control_zynq_platform/hw
TRACE::2026-08-28.15:22:48::SCWPlatform:: Platform Path /home/user/Desktop/latency-aware-target-control/firmware/zynq/vitis_workspace/target_control_zynq_platform/hw/target_control_zynq_hw.xsa
TRACE::2026-08-28.15:22:48::SCWPlatform:: Unique name xilinx:zybo-z7-10::0.0
TRACE::2026-08-28.15:22:48::SCWPlatform::Trying to set the existing hwdb with name design_1_wrapper_0
TRACE::2026-08-28.15:22:48::SCWPlatform::Opened existing hwdb design_1_wrapper_0
TRACE::2026-08-28.15:22:48::SCWPlatform::Found the Hw Db part of the input DSA
TRACE::2026-08-28.15:22:48::SCWMssOS::Checking the sw design at  /home/user/Desktop/latency-aware-target-control/firmware/zynq/vitis_workspace/target_control_zynq_platform/zynq_fsbl/zynq_fsbl_bsp/system.mss
TRACE::2026-08-28.15:22:48::SCWMssOS::DEBUG:  swdes dump  /home/user/Desktop/latency-aware-target-control/firmware/zynq/vitis_workspace/target_control_zynq_platform/ps7_cortexa9_0/standalone_domain/bsp/system.mss|system_0||
/home/user/Desktop/latency-aware-target-control/firmware/zynq/vitis_workspace/target_control_zynq_platform/zynq_fsbl/zynq_fsbl_bsp/system.mss|system||

TRACE::2026-08-28.15:22:48::SCWMssOS::Sw design exists and opened at  /home/user/Desktop/latency-aware-target-control/firmware/zynq/vitis_workspace/target_control_zynq_platform/zynq_fsbl/zynq_fsbl_bsp/system.mss
TRACE::2026-08-28.15:22:48::SCWPlatform::Trying to open the hw design at /home/user/Desktop/latency-aware-target-control/firmware/zynq/vitis_workspace/target_control_zynq_platform/hw/target_control_zynq_hw.xsa
TRACE::2026-08-28.15:22:48::SCWPlatform::DSA given /home/user/Desktop/latency-aware-target-control/firmware/zynq/vitis_workspace/target_control_zynq_platform/hw/target_control_zynq_hw.xsa
TRACE::2026-08-28.15:22:48::SCWPlatform::DSA absoulate path /home/user/Desktop/latency-aware-target-control/firmware/zynq/vitis_workspace/target_control_zynq_platform/hw/target_control_zynq_hw.xsa
TRACE::2026-08-28.15:22:48::SCWPlatform::DSA directory /home/user/Desktop/latency-aware-target-control/firmware/zynq/vitis_workspace/target_control_zynq_platform/hw
TRACE::2026-08-28.15:22:48::SCWPlatform:: Platform Path /home/user/Desktop/latency-aware-target-control/firmware/zynq/vitis_workspace/target_control_zynq_platform/hw/target_control_zynq_hw.xsa
TRACE::2026-08-28.15:22:48::SCWPlatform:: Unique name xilinx:zybo-z7-10::0.0
TRACE::2026-08-28.15:22:48::SCWPlatform::Trying to set the existing hwdb with name design_1_wrapper_0
TRACE::2026-08-28.15:22:48::SCWPlatform::Opened existing hwdb design_1_wrapper_0
TRACE::2026-08-28.15:22:48::SCWPlatform::Found the Hw Db part of the input DSA
TRACE::2026-08-28.15:22:48::SCWMssOS::Checking the sw design at  /home/user/Desktop/latency-aware-target-control/firmware/zynq/vitis_workspace/target_control_zynq_platform/zynq_fsbl/zynq_fsbl_bsp/system.mss
TRACE::2026-08-28.15:22:48::SCWMssOS::DEBUG:  swdes dump  /home/user/Desktop/latency-aware-target-control/firmware/zynq/vitis_workspace/target_control_zynq_platform/ps7_cortexa9_0/standalone_domain/bsp/system.mss|system_0||
/home/user/Desktop/latency-aware-target-control/firmware/zynq/vitis_workspace/target_control_zynq_platform/zynq_fsbl/zynq_fsbl_bsp/system.mss|system||

TRACE::2026-08-28.15:22:48::SCWMssOS::Sw design exists and opened at  /home/user/Desktop/latency-aware-target-control/firmware/zynq/vitis_workspace/target_control_zynq_platform/zynq_fsbl/zynq_fsbl_bsp/system.mss
TRACE::2026-08-28.15:22:48::SCWPlatform::Trying to open the hw design at /home/user/Desktop/latency-aware-target-control/firmware/zynq/vitis_workspace/target_control_zynq_platform/hw/target_control_zynq_hw.xsa
TRACE::2026-08-28.15:22:48::SCWPlatform::DSA given /home/user/Desktop/latency-aware-target-control/firmware/zynq/vitis_workspace/target_control_zynq_platform/hw/target_control_zynq_hw.xsa
TRACE::2026-08-28.15:22:48::SCWPlatform::DSA absoulate path /home/user/Desktop/latency-aware-target-control/firmware/zynq/vitis_workspace/target_control_zynq_platform/hw/target_control_zynq_hw.xsa
TRACE::2026-08-28.15:22:48::SCWPlatform::DSA directory /home/user/Desktop/latency-aware-target-control/firmware/zynq/vitis_workspace/target_control_zynq_platform/hw
TRACE::2026-08-28.15:22:48::SCWPlatform:: Platform Path /home/user/Desktop/latency-aware-target-control/firmware/zynq/vitis_workspace/target_control_zynq_platform/hw/target_control_zynq_hw.xsa
TRACE::2026-08-28.15:22:48::SCWPlatform:: Unique name xilinx:zybo-z7-10::0.0
TRACE::2026-08-28.15:22:48::SCWPlatform::Trying to set the existing hwdb with name design_1_wrapper_0
TRACE::2026-08-28.15:22:48::SCWPlatform::Opened existing hwdb design_1_wrapper_0
TRACE::2026-08-28.15:22:48::SCWPlatform::Found the Hw Db part of the input DSA
TRACE::2026-08-28.15:22:48::SCWMssOS::Checking the sw design at  /home/user/Desktop/latency-aware-target-control/firmware/zynq/vitis_workspace/target_control_zynq_platform/zynq_fsbl/zynq_fsbl_bsp/system.mss
TRACE::2026-08-28.15:22:48::SCWMssOS::DEBUG:  swdes dump  /home/user/Desktop/latency-aware-target-control/firmware/zynq/vitis_workspace/target_control_zynq_platform/ps7_cortexa9_0/standalone_domain/bsp/system.mss|system_0||
/home/user/Desktop/latency-aware-target-control/firmware/zynq/vitis_workspace/target_control_zynq_platform/zynq_fsbl/zynq_fsbl_bsp/system.mss|system||

TRACE::2026-08-28.15:22:48::SCWMssOS::Sw design exists and opened at  /home/user/Desktop/latency-aware-target-control/firmware/zynq/vitis_workspace/target_control_zynq_platform/zynq_fsbl/zynq_fsbl_bsp/system.mss
TRACE::2026-08-28.15:22:48::SCWPlatform::Trying to open the hw design at /home/user/Desktop/latency-aware-target-control/firmware/zynq/vitis_workspace/target_control_zynq_platform/hw/target_control_zynq_hw.xsa
TRACE::2026-08-28.15:22:48::SCWPlatform::DSA given /home/user/Desktop/latency-aware-target-control/firmware/zynq/vitis_workspace/target_control_zynq_platform/hw/target_control_zynq_hw.xsa
TRACE::2026-08-28.15:22:48::SCWPlatform::DSA absoulate path /home/user/Desktop/latency-aware-target-control/firmware/zynq/vitis_workspace/target_control_zynq_platform/hw/target_control_zynq_hw.xsa
TRACE::2026-08-28.15:22:48::SCWPlatform::DSA directory /home/user/Desktop/latency-aware-target-control/firmware/zynq/vitis_workspace/target_control_zynq_platform/hw
TRACE::2026-08-28.15:22:48::SCWPlatform:: Platform Path /home/user/Desktop/latency-aware-target-control/firmware/zynq/vitis_workspace/target_control_zynq_platform/hw/target_control_zynq_hw.xsa
TRACE::2026-08-28.15:22:48::SCWPlatform:: Unique name xilinx:zybo-z7-10::0.0
TRACE::2026-08-28.15:22:48::SCWPlatform::Trying to set the existing hwdb with name design_1_wrapper_0
TRACE::2026-08-28.15:22:48::SCWPlatform::Opened existing hwdb design_1_wrapper_0
TRACE::2026-08-28.15:22:48::SCWPlatform::Found the Hw Db part of the input DSA
TRACE::2026-08-28.15:22:48::SCWMssOS::Checking the sw design at  /home/user/Desktop/latency-aware-target-control/firmware/zynq/vitis_workspace/target_control_zynq_platform/ps7_cortexa9_0/standalone_domain/bsp/system.mss
TRACE::2026-08-28.15:22:48::SCWMssOS::DEBUG:  swdes dump  /home/user/Desktop/latency-aware-target-control/firmware/zynq/vitis_workspace/target_control_zynq_platform/ps7_cortexa9_0/standalone_domain/bsp/system.mss|system_0||
/home/user/Desktop/latency-aware-target-control/firmware/zynq/vitis_workspace/target_control_zynq_platform/zynq_fsbl/zynq_fsbl_bsp/system.mss|system||

TRACE::2026-08-28.15:22:48::SCWMssOS::Sw design exists and opened at  /home/user/Desktop/latency-aware-target-control/firmware/zynq/vitis_workspace/target_control_zynq_platform/ps7_cortexa9_0/standalone_domain/bsp/system.mss
TRACE::2026-08-28.15:22:48::SCWPlatform::Trying to open the hw design at /home/user/Desktop/latency-aware-target-control/firmware/zynq/vitis_workspace/target_control_zynq_platform/hw/target_control_zynq_hw.xsa
TRACE::2026-08-28.15:22:48::SCWPlatform::DSA given /home/user/Desktop/latency-aware-target-control/firmware/zynq/vitis_workspace/target_control_zynq_platform/hw/target_control_zynq_hw.xsa
TRACE::2026-08-28.15:22:48::SCWPlatform::DSA absoulate path /home/user/Desktop/latency-aware-target-control/firmware/zynq/vitis_workspace/target_control_zynq_platform/hw/target_control_zynq_hw.xsa
TRACE::2026-08-28.15:22:48::SCWPlatform::DSA directory /home/user/Desktop/latency-aware-target-control/firmware/zynq/vitis_workspace/target_control_zynq_platform/hw
TRACE::2026-08-28.15:22:48::SCWPlatform:: Platform Path /home/user/Desktop/latency-aware-target-control/firmware/zynq/vitis_workspace/target_control_zynq_platform/hw/target_control_zynq_hw.xsa
TRACE::2026-08-28.15:22:48::SCWPlatform:: Unique name xilinx:zybo-z7-10::0.0
TRACE::2026-08-28.15:22:48::SCWPlatform::Trying to set the existing hwdb with name design_1_wrapper_0
TRACE::2026-08-28.15:22:48::SCWPlatform::Opened existing hwdb design_1_wrapper_0
TRACE::2026-08-28.15:22:48::SCWPlatform::Found the Hw Db part of the input DSA
TRACE::2026-08-28.15:22:48::SCWMssOS::Checking the sw design at  /home/user/Desktop/latency-aware-target-control/firmware/zynq/vitis_workspace/target_control_zynq_platform/ps7_cortexa9_0/standalone_domain/bsp/system.mss
TRACE::2026-08-28.15:22:48::SCWMssOS::DEBUG:  swdes dump  /home/user/Desktop/latency-aware-target-control/firmware/zynq/vitis_workspace/target_control_zynq_platform/ps7_cortexa9_0/standalone_domain/bsp/system.mss|system_0||
/home/user/Desktop/latency-aware-target-control/firmware/zynq/vitis_workspace/target_control_zynq_platform/zynq_fsbl/zynq_fsbl_bsp/system.mss|system||

TRACE::2026-08-28.15:22:48::SCWMssOS::Sw design exists and opened at  /home/user/Desktop/latency-aware-target-control/firmware/zynq/vitis_workspace/target_control_zynq_platform/ps7_cortexa9_0/standalone_domain/bsp/system.mss
TRACE::2026-08-28.15:22:48::SCWPlatform::Trying to open the hw design at /home/user/Desktop/latency-aware-target-control/firmware/zynq/vitis_workspace/target_control_zynq_platform/hw/target_control_zynq_hw.xsa
TRACE::2026-08-28.15:22:48::SCWPlatform::DSA given /home/user/Desktop/latency-aware-target-control/firmware/zynq/vitis_workspace/target_control_zynq_platform/hw/target_control_zynq_hw.xsa
TRACE::2026-08-28.15:22:48::SCWPlatform::DSA absoulate path /home/user/Desktop/latency-aware-target-control/firmware/zynq/vitis_workspace/target_control_zynq_platform/hw/target_control_zynq_hw.xsa
TRACE::2026-08-28.15:22:48::SCWPlatform::DSA directory /home/user/Desktop/latency-aware-target-control/firmware/zynq/vitis_workspace/target_control_zynq_platform/hw
TRACE::2026-08-28.15:22:48::SCWPlatform:: Platform Path /home/user/Desktop/latency-aware-target-control/firmware/zynq/vitis_workspace/target_control_zynq_platform/hw/target_control_zynq_hw.xsa
TRACE::2026-08-28.15:22:48::SCWPlatform:: Unique name xilinx:zybo-z7-10::0.0
TRACE::2026-08-28.15:22:48::SCWPlatform::Trying to set the existing hwdb with name design_1_wrapper_0
TRACE::2026-08-28.15:22:48::SCWPlatform::Opened existing hwdb design_1_wrapper_0
TRACE::2026-08-28.15:22:48::SCWPlatform::Found the Hw Db part of the input DSA
TRACE::2026-08-28.15:22:48::SCWMssOS::Checking the sw design at  /home/user/Desktop/latency-aware-target-control/firmware/zynq/vitis_workspace/target_control_zynq_platform/ps7_cortexa9_0/standalone_domain/bsp/system.mss
TRACE::2026-08-28.15:22:48::SCWMssOS::DEBUG:  swdes dump  /home/user/Desktop/latency-aware-target-control/firmware/zynq/vitis_workspace/target_control_zynq_platform/ps7_cortexa9_0/standalone_domain/bsp/system.mss|system_0||
/home/user/Desktop/latency-aware-target-control/firmware/zynq/vitis_workspace/target_control_zynq_platform/zynq_fsbl/zynq_fsbl_bsp/system.mss|system||

TRACE::2026-08-28.15:22:48::SCWMssOS::Sw design exists and opened at  /home/user/Desktop/latency-aware-target-control/firmware/zynq/vitis_workspace/target_control_zynq_platform/ps7_cortexa9_0/standalone_domain/bsp/system.mss
TRACE::2026-08-28.15:22:48::SCWWriter::formatted JSON is {
	"platformName":	"target_control_zynq_platform",
	"sprVersion":	"2.0",
	"mode":	"gui",
	"dsaType":	"Fixed",
	"platformDesc":	"target_control_zynq_platform",
	"platHandOff":	"/home/user/Desktop/latency-aware-target-control/firmware/zynq/target_control_zynq_hw/target_control_zynq_hw.xsa",
	"platIntHandOff":	"<platformDir>/hw/target_control_zynq_hw.xsa",
	"deviceType":	"zynq",
	"platIsPrebuiltAutogen":	"false",
	"platIsNoBootBsp":	"false",
	"platFsblTarget":	"ps7_cortexa9_0",
	"hasFsblMakeHasChanges":	"false",
	"hasPmufwMakeHasChanges":	"false",
	"fsblExtraCompilerFlags":	"-MMD -MP       -mcpu=cortex-a9 -mfpu=vfpv3 -mfloat-abi=hard ",
	"platPreBuiltFlag":	false,
	"platformSamplesDir":	"",
	"platActiveSys":	"target_control_zynq_platform",
	"systems":	[{
			"systemName":	"target_control_zynq_platform",
			"systemDesc":	"target_control_zynq_platform",
			"sysIsBootAutoGen":	"true",
			"systemDispName":	"target_control_zynq_platform",
			"sysActiveDom":	"standalone_domain",
			"sysDefaultDom":	"standalone_domain",
			"domains":	[{
					"domainName":	"zynq_fsbl",
					"domainDispName":	"zynq_fsbl",
					"domainDesc":	"FSBL Application BSP - Auto Generated.",
					"processors":	"ps7_cortexa9_0",
					"os":	"standalone",
					"sdxOs":	"standalone",
					"debugEnable":	"",
					"domRuntimes":	["cpp"],
					"swRepo":	"",
					"mssOsVer":	"7.7",
					"mssFile":	"",
					"md5Digest":	"68359604a3374d6a43f578fe0b642f17",
					"compatibleApp":	"zynq_fsbl",
					"domType":	"bootDomain",
					"arch":	"32-bit",
					"appSettings":	{
						"appCompilerFlags":	"",
						"appLinkerFlags":	""
					},
					"addedLibs":	["xilffs:4.7", "xilrsa:1.6"],
					"libOptions":	{
						"libsContainingOptions":	[]
					},
					"prebuiltLibs":	{
						"prebuiltIncPath":	[],
						"prebuiltLibPath":	[]
					},
					"isolation":	{
					}
				}, {
					"domainName":	"standalone_domain",
					"domainDispName":	"standalone_domain",
					"domainDesc":	"standalone_domain",
					"processors":	"ps7_cortexa9_0",
					"os":	"standalone",
					"sdxOs":	"standalone",
					"qemuArgs":	"<platformDir>/resources/target_control_zynq_platform/standalone_domain/qemu_args.txt",
					"qemuData":	"<platformDir>/resources/target_control_zynq_platform/standalone_domain/qemu",
					"debugEnable":	"False",
					"domRuntimes":	["cpp"],
					"swRepo":	"",
					"mssOsVer":	"7.7",
					"mssFile":	"",
					"md5Digest":	"859da1b96f35d25dd5a4f58dfbef0ebc",
					"compatibleApp":	"",
					"domType":	"mssDomain",
					"appSettings":	{
						"appCompilerFlags":	"",
						"appLinkerFlags":	""
					},
					"addedLibs":	[],
					"libOptions":	{
						"libsContainingOptions":	[]
					},
					"prebuiltLibs":	{
						"prebuiltIncPath":	[],
						"prebuiltLibPath":	[]
					},
					"isolation":	{
					}
				}]
		}]
}
TRACE::2026-08-28.15:22:48::SCWPlatform::Trying to open the hw design at /home/user/Desktop/latency-aware-target-control/firmware/zynq/vitis_workspace/target_control_zynq_platform/hw/target_control_zynq_hw.xsa
TRACE::2026-08-28.15:22:48::SCWPlatform::DSA given /home/user/Desktop/latency-aware-target-control/firmware/zynq/vitis_workspace/target_control_zynq_platform/hw/target_control_zynq_hw.xsa
TRACE::2026-08-28.15:22:48::SCWPlatform::DSA absoulate path /home/user/Desktop/latency-aware-target-control/firmware/zynq/vitis_workspace/target_control_zynq_platform/hw/target_control_zynq_hw.xsa
TRACE::2026-08-28.15:22:48::SCWPlatform::DSA directory /home/user/Desktop/latency-aware-target-control/firmware/zynq/vitis_workspace/target_control_zynq_platform/hw
TRACE::2026-08-28.15:22:48::SCWPlatform:: Platform Path /home/user/Desktop/latency-aware-target-control/firmware/zynq/vitis_workspace/target_control_zynq_platform/hw/target_control_zynq_hw.xsa
TRACE::2026-08-28.15:22:48::SCWPlatform:: Unique name xilinx:zybo-z7-10::0.0
TRACE::2026-08-28.15:22:48::SCWPlatform::Trying to set the existing hwdb with name design_1_wrapper_0
TRACE::2026-08-28.15:22:48::SCWPlatform::Opened existing hwdb design_1_wrapper_0
TRACE::2026-08-28.15:22:48::SCWPlatform::Found the Hw Db part of the input DSA
TRACE::2026-08-28.15:22:48::SCWMssOS::Checking the sw design at  /home/user/Desktop/latency-aware-target-control/firmware/zynq/vitis_workspace/target_control_zynq_platform/ps7_cortexa9_0/standalone_domain/bsp/system.mss
TRACE::2026-08-28.15:22:48::SCWMssOS::DEBUG:  swdes dump  /home/user/Desktop/latency-aware-target-control/firmware/zynq/vitis_workspace/target_control_zynq_platform/ps7_cortexa9_0/standalone_domain/bsp/system.mss|system_0||
/home/user/Desktop/latency-aware-target-control/firmware/zynq/vitis_workspace/target_control_zynq_platform/zynq_fsbl/zynq_fsbl_bsp/system.mss|system||

TRACE::2026-08-28.15:22:48::SCWMssOS::Sw design exists and opened at  /home/user/Desktop/latency-aware-target-control/firmware/zynq/vitis_workspace/target_control_zynq_platform/ps7_cortexa9_0/standalone_domain/bsp/system.mss
TRACE::2026-08-28.15:22:48::SCWPlatform::Trying to open the hw design at /home/user/Desktop/latency-aware-target-control/firmware/zynq/vitis_workspace/target_control_zynq_platform/hw/target_control_zynq_hw.xsa
TRACE::2026-08-28.15:22:48::SCWPlatform::DSA given /home/user/Desktop/latency-aware-target-control/firmware/zynq/vitis_workspace/target_control_zynq_platform/hw/target_control_zynq_hw.xsa
TRACE::2026-08-28.15:22:48::SCWPlatform::DSA absoulate path /home/user/Desktop/latency-aware-target-control/firmware/zynq/vitis_workspace/target_control_zynq_platform/hw/target_control_zynq_hw.xsa
TRACE::2026-08-28.15:22:48::SCWPlatform::DSA directory /home/user/Desktop/latency-aware-target-control/firmware/zynq/vitis_workspace/target_control_zynq_platform/hw
TRACE::2026-08-28.15:22:48::SCWPlatform:: Platform Path /home/user/Desktop/latency-aware-target-control/firmware/zynq/vitis_workspace/target_control_zynq_platform/hw/target_control_zynq_hw.xsa
TRACE::2026-08-28.15:22:48::SCWPlatform:: Unique name xilinx:zybo-z7-10::0.0
TRACE::2026-08-28.15:22:48::SCWPlatform::Trying to set the existing hwdb with name design_1_wrapper_0
TRACE::2026-08-28.15:22:48::SCWPlatform::Opened existing hwdb design_1_wrapper_0
TRACE::2026-08-28.15:22:48::SCWPlatform::Found the Hw Db part of the input DSA
TRACE::2026-08-28.15:22:48::SCWMssOS::Checking the sw design at  /home/user/Desktop/latency-aware-target-control/firmware/zynq/vitis_workspace/target_control_zynq_platform/ps7_cortexa9_0/standalone_domain/bsp/system.mss
TRACE::2026-08-28.15:22:48::SCWMssOS::DEBUG:  swdes dump  /home/user/Desktop/latency-aware-target-control/firmware/zynq/vitis_workspace/target_control_zynq_platform/ps7_cortexa9_0/standalone_domain/bsp/system.mss|system_0||
/home/user/Desktop/latency-aware-target-control/firmware/zynq/vitis_workspace/target_control_zynq_platform/zynq_fsbl/zynq_fsbl_bsp/system.mss|system||

TRACE::2026-08-28.15:22:48::SCWMssOS::Sw design exists and opened at  /home/user/Desktop/latency-aware-target-control/firmware/zynq/vitis_workspace/target_control_zynq_platform/ps7_cortexa9_0/standalone_domain/bsp/system.mss
TRACE::2026-08-28.15:22:48::SCWPlatform::Trying to open the hw design at /home/user/Desktop/latency-aware-target-control/firmware/zynq/vitis_workspace/target_control_zynq_platform/hw/target_control_zynq_hw.xsa
TRACE::2026-08-28.15:22:48::SCWPlatform::DSA given /home/user/Desktop/latency-aware-target-control/firmware/zynq/vitis_workspace/target_control_zynq_platform/hw/target_control_zynq_hw.xsa
TRACE::2026-08-28.15:22:48::SCWPlatform::DSA absoulate path /home/user/Desktop/latency-aware-target-control/firmware/zynq/vitis_workspace/target_control_zynq_platform/hw/target_control_zynq_hw.xsa
TRACE::2026-08-28.15:22:48::SCWPlatform::DSA directory /home/user/Desktop/latency-aware-target-control/firmware/zynq/vitis_workspace/target_control_zynq_platform/hw
TRACE::2026-08-28.15:22:48::SCWPlatform:: Platform Path /home/user/Desktop/latency-aware-target-control/firmware/zynq/vitis_workspace/target_control_zynq_platform/hw/target_control_zynq_hw.xsa
TRACE::2026-08-28.15:22:48::SCWPlatform:: Unique name xilinx:zybo-z7-10::0.0
TRACE::2026-08-28.15:22:48::SCWPlatform::Trying to set the existing hwdb with name design_1_wrapper_0
TRACE::2026-08-28.15:22:48::SCWPlatform::Opened existing hwdb design_1_wrapper_0
TRACE::2026-08-28.15:22:48::SCWPlatform::Found the Hw Db part of the input DSA
TRACE::2026-08-28.15:22:48::SCWMssOS::Checking the sw design at  /home/user/Desktop/latency-aware-target-control/firmware/zynq/vitis_workspace/target_control_zynq_platform/ps7_cortexa9_0/standalone_domain/bsp/system.mss
TRACE::2026-08-28.15:22:48::SCWMssOS::DEBUG:  swdes dump  /home/user/Desktop/latency-aware-target-control/firmware/zynq/vitis_workspace/target_control_zynq_platform/ps7_cortexa9_0/standalone_domain/bsp/system.mss|system_0||
/home/user/Desktop/latency-aware-target-control/firmware/zynq/vitis_workspace/target_control_zynq_platform/zynq_fsbl/zynq_fsbl_bsp/system.mss|system||

TRACE::2026-08-28.15:22:48::SCWMssOS::Sw design exists and opened at  /home/user/Desktop/latency-aware-target-control/firmware/zynq/vitis_workspace/target_control_zynq_platform/ps7_cortexa9_0/standalone_domain/bsp/system.mss
TRACE::2026-08-28.15:22:48::SCWMssOS::Saving the mss changes /home/user/Desktop/latency-aware-target-control/firmware/zynq/vitis_workspace/target_control_zynq_platform/zynq_fsbl/zynq_fsbl_bsp/system.mss
TRACE::2026-08-28.15:22:48::SCWMssOS::Found a swdesign opened with the mssfile.
TRACE::2026-08-28.15:22:48::SCWMssOS::Completed writemss as part of save.
TRACE::2026-08-28.15:22:48::SCWMssOS::Commit changes completed.
TRACE::2026-08-28.15:22:48::SCWMssOS::Saving the mss changes /home/user/Desktop/latency-aware-target-control/firmware/zynq/vitis_workspace/target_control_zynq_platform/ps7_cortexa9_0/standalone_domain/bsp/system.mss
TRACE::2026-08-28.15:22:48::SCWMssOS::Found a swdesign opened with the mssfile.
TRACE::2026-08-28.15:22:48::SCWMssOS::Completed writemss as part of save.
TRACE::2026-08-28.15:22:48::SCWMssOS::Commit changes completed.
TRACE::2026-08-28.15:22:48::SCWPlatform::Trying to open the hw design at /home/user/Desktop/latency-aware-target-control/firmware/zynq/vitis_workspace/target_control_zynq_platform/hw/target_control_zynq_hw.xsa
TRACE::2026-08-28.15:22:48::SCWPlatform::DSA given /home/user/Desktop/latency-aware-target-control/firmware/zynq/vitis_workspace/target_control_zynq_platform/hw/target_control_zynq_hw.xsa
TRACE::2026-08-28.15:22:48::SCWPlatform::DSA absoulate path /home/user/Desktop/latency-aware-target-control/firmware/zynq/vitis_workspace/target_control_zynq_platform/hw/target_control_zynq_hw.xsa
TRACE::2026-08-28.15:22:48::SCWPlatform::DSA directory /home/user/Desktop/latency-aware-target-control/firmware/zynq/vitis_workspace/target_control_zynq_platform/hw
TRACE::2026-08-28.15:22:48::SCWPlatform:: Platform Path /home/user/Desktop/latency-aware-target-control/firmware/zynq/vitis_workspace/target_control_zynq_platform/hw/target_control_zynq_hw.xsa
TRACE::2026-08-28.15:22:48::SCWPlatform:: Unique name xilinx:zybo-z7-10::0.0
TRACE::2026-08-28.15:22:48::SCWPlatform::Trying to set the existing hwdb with name design_1_wrapper_0
TRACE::2026-08-28.15:22:48::SCWPlatform::Opened existing hwdb design_1_wrapper_0
TRACE::2026-08-28.15:22:48::SCWPlatform::Found the Hw Db part of the input DSA
TRACE::2026-08-28.15:22:48::SCWMssOS::Checking the sw design at  /home/user/Desktop/latency-aware-target-control/firmware/zynq/vitis_workspace/target_control_zynq_platform/zynq_fsbl/zynq_fsbl_bsp/system.mss
TRACE::2026-08-28.15:22:48::SCWMssOS::DEBUG:  swdes dump  /home/user/Desktop/latency-aware-target-control/firmware/zynq/vitis_workspace/target_control_zynq_platform/ps7_cortexa9_0/standalone_domain/bsp/system.mss|system_0||
/home/user/Desktop/latency-aware-target-control/firmware/zynq/vitis_workspace/target_control_zynq_platform/zynq_fsbl/zynq_fsbl_bsp/system.mss|system||

TRACE::2026-08-28.15:22:48::SCWMssOS::Sw design exists and opened at  /home/user/Desktop/latency-aware-target-control/firmware/zynq/vitis_workspace/target_control_zynq_platform/zynq_fsbl/zynq_fsbl_bsp/system.mss
TRACE::2026-08-28.15:22:48::SCWPlatform::Trying to open the hw design at /home/user/Desktop/latency-aware-target-control/firmware/zynq/vitis_workspace/target_control_zynq_platform/hw/target_control_zynq_hw.xsa
TRACE::2026-08-28.15:22:48::SCWPlatform::DSA given /home/user/Desktop/latency-aware-target-control/firmware/zynq/vitis_workspace/target_control_zynq_platform/hw/target_control_zynq_hw.xsa
TRACE::2026-08-28.15:22:48::SCWPlatform::DSA absoulate path /home/user/Desktop/latency-aware-target-control/firmware/zynq/vitis_workspace/target_control_zynq_platform/hw/target_control_zynq_hw.xsa
TRACE::2026-08-28.15:22:48::SCWPlatform::DSA directory /home/user/Desktop/latency-aware-target-control/firmware/zynq/vitis_workspace/target_control_zynq_platform/hw
TRACE::2026-08-28.15:22:48::SCWPlatform:: Platform Path /home/user/Desktop/latency-aware-target-control/firmware/zynq/vitis_workspace/target_control_zynq_platform/hw/target_control_zynq_hw.xsa
TRACE::2026-08-28.15:22:48::SCWPlatform:: Unique name xilinx:zybo-z7-10::0.0
TRACE::2026-08-28.15:22:48::SCWPlatform::Trying to set the existing hwdb with name design_1_wrapper_0
TRACE::2026-08-28.15:22:48::SCWPlatform::Opened existing hwdb design_1_wrapper_0
TRACE::2026-08-28.15:22:48::SCWPlatform::Found the Hw Db part of the input DSA
TRACE::2026-08-28.15:22:48::SCWMssOS::Checking the sw design at  /home/user/Desktop/latency-aware-target-control/firmware/zynq/vitis_workspace/target_control_zynq_platform/zynq_fsbl/zynq_fsbl_bsp/system.mss
TRACE::2026-08-28.15:22:48::SCWMssOS::DEBUG:  swdes dump  /home/user/Desktop/latency-aware-target-control/firmware/zynq/vitis_workspace/target_control_zynq_platform/ps7_cortexa9_0/standalone_domain/bsp/system.mss|system_0||
/home/user/Desktop/latency-aware-target-control/firmware/zynq/vitis_workspace/target_control_zynq_platform/zynq_fsbl/zynq_fsbl_bsp/system.mss|system||

TRACE::2026-08-28.15:22:48::SCWMssOS::Sw design exists and opened at  /home/user/Desktop/latency-aware-target-control/firmware/zynq/vitis_workspace/target_control_zynq_platform/zynq_fsbl/zynq_fsbl_bsp/system.mss
TRACE::2026-08-28.15:22:48::SCWPlatform::Trying to open the hw design at /home/user/Desktop/latency-aware-target-control/firmware/zynq/vitis_workspace/target_control_zynq_platform/hw/target_control_zynq_hw.xsa
TRACE::2026-08-28.15:22:48::SCWPlatform::DSA given /home/user/Desktop/latency-aware-target-control/firmware/zynq/vitis_workspace/target_control_zynq_platform/hw/target_control_zynq_hw.xsa
TRACE::2026-08-28.15:22:48::SCWPlatform::DSA absoulate path /home/user/Desktop/latency-aware-target-control/firmware/zynq/vitis_workspace/target_control_zynq_platform/hw/target_control_zynq_hw.xsa
TRACE::2026-08-28.15:22:48::SCWPlatform::DSA directory /home/user/Desktop/latency-aware-target-control/firmware/zynq/vitis_workspace/target_control_zynq_platform/hw
TRACE::2026-08-28.15:22:48::SCWPlatform:: Platform Path /home/user/Desktop/latency-aware-target-control/firmware/zynq/vitis_workspace/target_control_zynq_platform/hw/target_control_zynq_hw.xsa
TRACE::2026-08-28.15:22:48::SCWPlatform:: Unique name xilinx:zybo-z7-10::0.0
TRACE::2026-08-28.15:22:48::SCWPlatform::Trying to set the existing hwdb with name design_1_wrapper_0
TRACE::2026-08-28.15:22:48::SCWPlatform::Opened existing hwdb design_1_wrapper_0
TRACE::2026-08-28.15:22:48::SCWPlatform::Found the Hw Db part of the input DSA
TRACE::2026-08-28.15:22:48::SCWMssOS::Checking the sw design at  /home/user/Desktop/latency-aware-target-control/firmware/zynq/vitis_workspace/target_control_zynq_platform/zynq_fsbl/zynq_fsbl_bsp/system.mss
TRACE::2026-08-28.15:22:48::SCWMssOS::DEBUG:  swdes dump  /home/user/Desktop/latency-aware-target-control/firmware/zynq/vitis_workspace/target_control_zynq_platform/ps7_cortexa9_0/standalone_domain/bsp/system.mss|system_0||
/home/user/Desktop/latency-aware-target-control/firmware/zynq/vitis_workspace/target_control_zynq_platform/zynq_fsbl/zynq_fsbl_bsp/system.mss|system||

TRACE::2026-08-28.15:22:48::SCWMssOS::Sw design exists and opened at  /home/user/Desktop/latency-aware-target-control/firmware/zynq/vitis_workspace/target_control_zynq_platform/zynq_fsbl/zynq_fsbl_bsp/system.mss
TRACE::2026-08-28.15:22:48::SCWPlatform::Trying to open the hw design at /home/user/Desktop/latency-aware-target-control/firmware/zynq/vitis_workspace/target_control_zynq_platform/hw/target_control_zynq_hw.xsa
TRACE::2026-08-28.15:22:48::SCWPlatform::DSA given /home/user/Desktop/latency-aware-target-control/firmware/zynq/vitis_workspace/target_control_zynq_platform/hw/target_control_zynq_hw.xsa
TRACE::2026-08-28.15:22:48::SCWPlatform::DSA absoulate path /home/user/Desktop/latency-aware-target-control/firmware/zynq/vitis_workspace/target_control_zynq_platform/hw/target_control_zynq_hw.xsa
TRACE::2026-08-28.15:22:48::SCWPlatform::DSA directory /home/user/Desktop/latency-aware-target-control/firmware/zynq/vitis_workspace/target_control_zynq_platform/hw
TRACE::2026-08-28.15:22:48::SCWPlatform:: Platform Path /home/user/Desktop/latency-aware-target-control/firmware/zynq/vitis_workspace/target_control_zynq_platform/hw/target_control_zynq_hw.xsa
TRACE::2026-08-28.15:22:48::SCWPlatform:: Unique name xilinx:zybo-z7-10::0.0
TRACE::2026-08-28.15:22:48::SCWPlatform::Trying to set the existing hwdb with name design_1_wrapper_0
TRACE::2026-08-28.15:22:48::SCWPlatform::Opened existing hwdb design_1_wrapper_0
TRACE::2026-08-28.15:22:48::SCWPlatform::Found the Hw Db part of the input DSA
TRACE::2026-08-28.15:22:48::SCWMssOS::Checking the sw design at  /home/user/Desktop/latency-aware-target-control/firmware/zynq/vitis_workspace/target_control_zynq_platform/ps7_cortexa9_0/standalone_domain/bsp/system.mss
TRACE::2026-08-28.15:22:48::SCWMssOS::DEBUG:  swdes dump  /home/user/Desktop/latency-aware-target-control/firmware/zynq/vitis_workspace/target_control_zynq_platform/ps7_cortexa9_0/standalone_domain/bsp/system.mss|system_0||
/home/user/Desktop/latency-aware-target-control/firmware/zynq/vitis_workspace/target_control_zynq_platform/zynq_fsbl/zynq_fsbl_bsp/system.mss|system||

TRACE::2026-08-28.15:22:48::SCWMssOS::Sw design exists and opened at  /home/user/Desktop/latency-aware-target-control/firmware/zynq/vitis_workspace/target_control_zynq_platform/ps7_cortexa9_0/standalone_domain/bsp/system.mss
TRACE::2026-08-28.15:22:48::SCWPlatform::Trying to open the hw design at /home/user/Desktop/latency-aware-target-control/firmware/zynq/vitis_workspace/target_control_zynq_platform/hw/target_control_zynq_hw.xsa
TRACE::2026-08-28.15:22:48::SCWPlatform::DSA given /home/user/Desktop/latency-aware-target-control/firmware/zynq/vitis_workspace/target_control_zynq_platform/hw/target_control_zynq_hw.xsa
TRACE::2026-08-28.15:22:48::SCWPlatform::DSA absoulate path /home/user/Desktop/latency-aware-target-control/firmware/zynq/vitis_workspace/target_control_zynq_platform/hw/target_control_zynq_hw.xsa
TRACE::2026-08-28.15:22:48::SCWPlatform::DSA directory /home/user/Desktop/latency-aware-target-control/firmware/zynq/vitis_workspace/target_control_zynq_platform/hw
TRACE::2026-08-28.15:22:48::SCWPlatform:: Platform Path /home/user/Desktop/latency-aware-target-control/firmware/zynq/vitis_workspace/target_control_zynq_platform/hw/target_control_zynq_hw.xsa
TRACE::2026-08-28.15:22:48::SCWPlatform:: Unique name xilinx:zybo-z7-10::0.0
TRACE::2026-08-28.15:22:48::SCWPlatform::Trying to set the existing hwdb with name design_1_wrapper_0
TRACE::2026-08-28.15:22:48::SCWPlatform::Opened existing hwdb design_1_wrapper_0
TRACE::2026-08-28.15:22:48::SCWPlatform::Found the Hw Db part of the input DSA
TRACE::2026-08-28.15:22:48::SCWMssOS::Checking the sw design at  /home/user/Desktop/latency-aware-target-control/firmware/zynq/vitis_workspace/target_control_zynq_platform/ps7_cortexa9_0/standalone_domain/bsp/system.mss
TRACE::2026-08-28.15:22:48::SCWMssOS::DEBUG:  swdes dump  /home/user/Desktop/latency-aware-target-control/firmware/zynq/vitis_workspace/target_control_zynq_platform/ps7_cortexa9_0/standalone_domain/bsp/system.mss|system_0||
/home/user/Desktop/latency-aware-target-control/firmware/zynq/vitis_workspace/target_control_zynq_platform/zynq_fsbl/zynq_fsbl_bsp/system.mss|system||

TRACE::2026-08-28.15:22:48::SCWMssOS::Sw design exists and opened at  /home/user/Desktop/latency-aware-target-control/firmware/zynq/vitis_workspace/target_control_zynq_platform/ps7_cortexa9_0/standalone_domain/bsp/system.mss
TRACE::2026-08-28.15:22:48::SCWPlatform::Trying to open the hw design at /home/user/Desktop/latency-aware-target-control/firmware/zynq/vitis_workspace/target_control_zynq_platform/hw/target_control_zynq_hw.xsa
TRACE::2026-08-28.15:22:48::SCWPlatform::DSA given /home/user/Desktop/latency-aware-target-control/firmware/zynq/vitis_workspace/target_control_zynq_platform/hw/target_control_zynq_hw.xsa
TRACE::2026-08-28.15:22:48::SCWPlatform::DSA absoulate path /home/user/Desktop/latency-aware-target-control/firmware/zynq/vitis_workspace/target_control_zynq_platform/hw/target_control_zynq_hw.xsa
TRACE::2026-08-28.15:22:48::SCWPlatform::DSA directory /home/user/Desktop/latency-aware-target-control/firmware/zynq/vitis_workspace/target_control_zynq_platform/hw
TRACE::2026-08-28.15:22:48::SCWPlatform:: Platform Path /home/user/Desktop/latency-aware-target-control/firmware/zynq/vitis_workspace/target_control_zynq_platform/hw/target_control_zynq_hw.xsa
TRACE::2026-08-28.15:22:48::SCWPlatform:: Unique name xilinx:zybo-z7-10::0.0
TRACE::2026-08-28.15:22:48::SCWPlatform::Trying to set the existing hwdb with name design_1_wrapper_0
TRACE::2026-08-28.15:22:48::SCWPlatform::Opened existing hwdb design_1_wrapper_0
TRACE::2026-08-28.15:22:48::SCWPlatform::Found the Hw Db part of the input DSA
TRACE::2026-08-28.15:22:48::SCWMssOS::Checking the sw design at  /home/user/Desktop/latency-aware-target-control/firmware/zynq/vitis_workspace/target_control_zynq_platform/ps7_cortexa9_0/standalone_domain/bsp/system.mss
TRACE::2026-08-28.15:22:48::SCWMssOS::DEBUG:  swdes dump  /home/user/Desktop/latency-aware-target-control/firmware/zynq/vitis_workspace/target_control_zynq_platform/ps7_cortexa9_0/standalone_domain/bsp/system.mss|system_0||
/home/user/Desktop/latency-aware-target-control/firmware/zynq/vitis_workspace/target_control_zynq_platform/zynq_fsbl/zynq_fsbl_bsp/system.mss|system||

TRACE::2026-08-28.15:22:48::SCWMssOS::Sw design exists and opened at  /home/user/Desktop/latency-aware-target-control/firmware/zynq/vitis_workspace/target_control_zynq_platform/ps7_cortexa9_0/standalone_domain/bsp/system.mss
TRACE::2026-08-28.15:22:48::SCWWriter::formatted JSON is {
	"platformName":	"target_control_zynq_platform",
	"sprVersion":	"2.0",
	"mode":	"gui",
	"dsaType":	"Fixed",
	"platformDesc":	"target_control_zynq_platform",
	"platHandOff":	"/home/user/Desktop/latency-aware-target-control/firmware/zynq/target_control_zynq_hw/target_control_zynq_hw.xsa",
	"platIntHandOff":	"<platformDir>/hw/target_control_zynq_hw.xsa",
	"deviceType":	"zynq",
	"platIsPrebuiltAutogen":	"false",
	"platIsNoBootBsp":	"false",
	"platFsblTarget":	"ps7_cortexa9_0",
	"hasFsblMakeHasChanges":	"false",
	"hasPmufwMakeHasChanges":	"false",
	"fsblExtraCompilerFlags":	"-MMD -MP       -mcpu=cortex-a9 -mfpu=vfpv3 -mfloat-abi=hard ",
	"platPreBuiltFlag":	false,
	"platformSamplesDir":	"",
	"platActiveSys":	"target_control_zynq_platform",
	"systems":	[{
			"systemName":	"target_control_zynq_platform",
			"systemDesc":	"target_control_zynq_platform",
			"sysIsBootAutoGen":	"true",
			"systemDispName":	"target_control_zynq_platform",
			"sysActiveDom":	"standalone_domain",
			"sysDefaultDom":	"standalone_domain",
			"domains":	[{
					"domainName":	"zynq_fsbl",
					"domainDispName":	"zynq_fsbl",
					"domainDesc":	"FSBL Application BSP - Auto Generated.",
					"processors":	"ps7_cortexa9_0",
					"os":	"standalone",
					"sdxOs":	"standalone",
					"debugEnable":	"",
					"domRuntimes":	["cpp"],
					"swRepo":	"",
					"mssOsVer":	"7.7",
					"mssFile":	"",
					"md5Digest":	"68359604a3374d6a43f578fe0b642f17",
					"compatibleApp":	"zynq_fsbl",
					"domType":	"bootDomain",
					"arch":	"32-bit",
					"appSettings":	{
						"appCompilerFlags":	"",
						"appLinkerFlags":	""
					},
					"addedLibs":	["xilffs:4.7", "xilrsa:1.6"],
					"libOptions":	{
						"libsContainingOptions":	[]
					},
					"prebuiltLibs":	{
						"prebuiltIncPath":	[],
						"prebuiltLibPath":	[]
					},
					"isolation":	{
					}
				}, {
					"domainName":	"standalone_domain",
					"domainDispName":	"standalone on ps7_cortexa9_0",
					"domainDesc":	"standalone_domain",
					"processors":	"ps7_cortexa9_0",
					"os":	"standalone",
					"sdxOs":	"standalone",
					"qemuArgs":	"<platformDir>/resources/target_control_zynq_platform/standalone_domain/qemu_args.txt",
					"qemuData":	"<platformDir>/resources/target_control_zynq_platform/standalone_domain/qemu",
					"debugEnable":	"False",
					"domRuntimes":	["cpp"],
					"swRepo":	"",
					"mssOsVer":	"7.7",
					"mssFile":	"",
					"md5Digest":	"859da1b96f35d25dd5a4f58dfbef0ebc",
					"compatibleApp":	"",
					"domType":	"mssDomain",
					"appSettings":	{
						"appCompilerFlags":	"",
						"appLinkerFlags":	""
					},
					"addedLibs":	[],
					"libOptions":	{
						"libsContainingOptions":	[]
					},
					"prebuiltLibs":	{
						"prebuiltIncPath":	[],
						"prebuiltLibPath":	[]
					},
					"isolation":	{
					}
				}]
		}]
}
TRACE::2026-08-28.15:22:48::SCWMssOS::Saving the mss changes /home/user/Desktop/latency-aware-target-control/firmware/zynq/vitis_workspace/target_control_zynq_platform/zynq_fsbl/zynq_fsbl_bsp/system.mss
TRACE::2026-08-28.15:22:48::SCWMssOS::Found a swdesign opened with the mssfile.
TRACE::2026-08-28.15:22:48::SCWMssOS::Completed writemss as part of save.
TRACE::2026-08-28.15:22:48::SCWMssOS::Commit changes completed.
TRACE::2026-08-28.15:22:48::SCWMssOS::Saving the mss changes /home/user/Desktop/latency-aware-target-control/firmware/zynq/vitis_workspace/target_control_zynq_platform/ps7_cortexa9_0/standalone_domain/bsp/system.mss
TRACE::2026-08-28.15:22:48::SCWMssOS::Found a swdesign opened with the mssfile.
TRACE::2026-08-28.15:22:48::SCWMssOS::Completed writemss as part of save.
TRACE::2026-08-28.15:22:48::SCWMssOS::Commit changes completed.
TRACE::2026-08-28.15:22:48::SCWPlatform::Trying to open the hw design at /home/user/Desktop/latency-aware-target-control/firmware/zynq/vitis_workspace/target_control_zynq_platform/hw/target_control_zynq_hw.xsa
TRACE::2026-08-28.15:22:48::SCWPlatform::DSA given /home/user/Desktop/latency-aware-target-control/firmware/zynq/vitis_workspace/target_control_zynq_platform/hw/target_control_zynq_hw.xsa
TRACE::2026-08-28.15:22:48::SCWPlatform::DSA absoulate path /home/user/Desktop/latency-aware-target-control/firmware/zynq/vitis_workspace/target_control_zynq_platform/hw/target_control_zynq_hw.xsa
TRACE::2026-08-28.15:22:48::SCWPlatform::DSA directory /home/user/Desktop/latency-aware-target-control/firmware/zynq/vitis_workspace/target_control_zynq_platform/hw
TRACE::2026-08-28.15:22:48::SCWPlatform:: Platform Path /home/user/Desktop/latency-aware-target-control/firmware/zynq/vitis_workspace/target_control_zynq_platform/hw/target_control_zynq_hw.xsa
TRACE::2026-08-28.15:22:48::SCWPlatform:: Unique name xilinx:zybo-z7-10::0.0
TRACE::2026-08-28.15:22:48::SCWPlatform::Trying to set the existing hwdb with name design_1_wrapper_0
TRACE::2026-08-28.15:22:48::SCWPlatform::Opened existing hwdb design_1_wrapper_0
TRACE::2026-08-28.15:22:48::SCWPlatform::Found the Hw Db part of the input DSA
TRACE::2026-08-28.15:22:48::SCWMssOS::Checking the sw design at  /home/user/Desktop/latency-aware-target-control/firmware/zynq/vitis_workspace/target_control_zynq_platform/zynq_fsbl/zynq_fsbl_bsp/system.mss
TRACE::2026-08-28.15:22:48::SCWMssOS::DEBUG:  swdes dump  /home/user/Desktop/latency-aware-target-control/firmware/zynq/vitis_workspace/target_control_zynq_platform/ps7_cortexa9_0/standalone_domain/bsp/system.mss|system_0||
/home/user/Desktop/latency-aware-target-control/firmware/zynq/vitis_workspace/target_control_zynq_platform/zynq_fsbl/zynq_fsbl_bsp/system.mss|system||

TRACE::2026-08-28.15:22:48::SCWMssOS::Sw design exists and opened at  /home/user/Desktop/latency-aware-target-control/firmware/zynq/vitis_workspace/target_control_zynq_platform/zynq_fsbl/zynq_fsbl_bsp/system.mss
TRACE::2026-08-28.15:22:48::SCWPlatform::Trying to open the hw design at /home/user/Desktop/latency-aware-target-control/firmware/zynq/vitis_workspace/target_control_zynq_platform/hw/target_control_zynq_hw.xsa
TRACE::2026-08-28.15:22:48::SCWPlatform::DSA given /home/user/Desktop/latency-aware-target-control/firmware/zynq/vitis_workspace/target_control_zynq_platform/hw/target_control_zynq_hw.xsa
TRACE::2026-08-28.15:22:48::SCWPlatform::DSA absoulate path /home/user/Desktop/latency-aware-target-control/firmware/zynq/vitis_workspace/target_control_zynq_platform/hw/target_control_zynq_hw.xsa
TRACE::2026-08-28.15:22:48::SCWPlatform::DSA directory /home/user/Desktop/latency-aware-target-control/firmware/zynq/vitis_workspace/target_control_zynq_platform/hw
TRACE::2026-08-28.15:22:48::SCWPlatform:: Platform Path /home/user/Desktop/latency-aware-target-control/firmware/zynq/vitis_workspace/target_control_zynq_platform/hw/target_control_zynq_hw.xsa
TRACE::2026-08-28.15:22:48::SCWPlatform:: Unique name xilinx:zybo-z7-10::0.0
TRACE::2026-08-28.15:22:48::SCWPlatform::Trying to set the existing hwdb with name design_1_wrapper_0
TRACE::2026-08-28.15:22:48::SCWPlatform::Opened existing hwdb design_1_wrapper_0
TRACE::2026-08-28.15:22:48::SCWPlatform::Found the Hw Db part of the input DSA
TRACE::2026-08-28.15:22:48::SCWMssOS::Checking the sw design at  /home/user/Desktop/latency-aware-target-control/firmware/zynq/vitis_workspace/target_control_zynq_platform/zynq_fsbl/zynq_fsbl_bsp/system.mss
TRACE::2026-08-28.15:22:48::SCWMssOS::DEBUG:  swdes dump  /home/user/Desktop/latency-aware-target-control/firmware/zynq/vitis_workspace/target_control_zynq_platform/ps7_cortexa9_0/standalone_domain/bsp/system.mss|system_0||
/home/user/Desktop/latency-aware-target-control/firmware/zynq/vitis_workspace/target_control_zynq_platform/zynq_fsbl/zynq_fsbl_bsp/system.mss|system||

TRACE::2026-08-28.15:22:48::SCWMssOS::Sw design exists and opened at  /home/user/Desktop/latency-aware-target-control/firmware/zynq/vitis_workspace/target_control_zynq_platform/zynq_fsbl/zynq_fsbl_bsp/system.mss
TRACE::2026-08-28.15:22:48::SCWPlatform::Trying to open the hw design at /home/user/Desktop/latency-aware-target-control/firmware/zynq/vitis_workspace/target_control_zynq_platform/hw/target_control_zynq_hw.xsa
TRACE::2026-08-28.15:22:48::SCWPlatform::DSA given /home/user/Desktop/latency-aware-target-control/firmware/zynq/vitis_workspace/target_control_zynq_platform/hw/target_control_zynq_hw.xsa
TRACE::2026-08-28.15:22:48::SCWPlatform::DSA absoulate path /home/user/Desktop/latency-aware-target-control/firmware/zynq/vitis_workspace/target_control_zynq_platform/hw/target_control_zynq_hw.xsa
TRACE::2026-08-28.15:22:48::SCWPlatform::DSA directory /home/user/Desktop/latency-aware-target-control/firmware/zynq/vitis_workspace/target_control_zynq_platform/hw
TRACE::2026-08-28.15:22:48::SCWPlatform:: Platform Path /home/user/Desktop/latency-aware-target-control/firmware/zynq/vitis_workspace/target_control_zynq_platform/hw/target_control_zynq_hw.xsa
TRACE::2026-08-28.15:22:48::SCWPlatform:: Unique name xilinx:zybo-z7-10::0.0
TRACE::2026-08-28.15:22:48::SCWPlatform::Trying to set the existing hwdb with name design_1_wrapper_0
TRACE::2026-08-28.15:22:48::SCWPlatform::Opened existing hwdb design_1_wrapper_0
TRACE::2026-08-28.15:22:48::SCWPlatform::Found the Hw Db part of the input DSA
TRACE::2026-08-28.15:22:48::SCWMssOS::Checking the sw design at  /home/user/Desktop/latency-aware-target-control/firmware/zynq/vitis_workspace/target_control_zynq_platform/zynq_fsbl/zynq_fsbl_bsp/system.mss
TRACE::2026-08-28.15:22:48::SCWMssOS::DEBUG:  swdes dump  /home/user/Desktop/latency-aware-target-control/firmware/zynq/vitis_workspace/target_control_zynq_platform/ps7_cortexa9_0/standalone_domain/bsp/system.mss|system_0||
/home/user/Desktop/latency-aware-target-control/firmware/zynq/vitis_workspace/target_control_zynq_platform/zynq_fsbl/zynq_fsbl_bsp/system.mss|system||

TRACE::2026-08-28.15:22:48::SCWMssOS::Sw design exists and opened at  /home/user/Desktop/latency-aware-target-control/firmware/zynq/vitis_workspace/target_control_zynq_platform/zynq_fsbl/zynq_fsbl_bsp/system.mss
TRACE::2026-08-28.15:22:48::SCWPlatform::Trying to open the hw design at /home/user/Desktop/latency-aware-target-control/firmware/zynq/vitis_workspace/target_control_zynq_platform/hw/target_control_zynq_hw.xsa
TRACE::2026-08-28.15:22:48::SCWPlatform::DSA given /home/user/Desktop/latency-aware-target-control/firmware/zynq/vitis_workspace/target_control_zynq_platform/hw/target_control_zynq_hw.xsa
TRACE::2026-08-28.15:22:48::SCWPlatform::DSA absoulate path /home/user/Desktop/latency-aware-target-control/firmware/zynq/vitis_workspace/target_control_zynq_platform/hw/target_control_zynq_hw.xsa
TRACE::2026-08-28.15:22:48::SCWPlatform::DSA directory /home/user/Desktop/latency-aware-target-control/firmware/zynq/vitis_workspace/target_control_zynq_platform/hw
TRACE::2026-08-28.15:22:48::SCWPlatform:: Platform Path /home/user/Desktop/latency-aware-target-control/firmware/zynq/vitis_workspace/target_control_zynq_platform/hw/target_control_zynq_hw.xsa
TRACE::2026-08-28.15:22:48::SCWPlatform:: Unique name xilinx:zybo-z7-10::0.0
TRACE::2026-08-28.15:22:48::SCWPlatform::Trying to set the existing hwdb with name design_1_wrapper_0
TRACE::2026-08-28.15:22:48::SCWPlatform::Opened existing hwdb design_1_wrapper_0
TRACE::2026-08-28.15:22:48::SCWPlatform::Found the Hw Db part of the input DSA
TRACE::2026-08-28.15:22:48::SCWMssOS::Checking the sw design at  /home/user/Desktop/latency-aware-target-control/firmware/zynq/vitis_workspace/target_control_zynq_platform/ps7_cortexa9_0/standalone_domain/bsp/system.mss
TRACE::2026-08-28.15:22:48::SCWMssOS::DEBUG:  swdes dump  /home/user/Desktop/latency-aware-target-control/firmware/zynq/vitis_workspace/target_control_zynq_platform/ps7_cortexa9_0/standalone_domain/bsp/system.mss|system_0||
/home/user/Desktop/latency-aware-target-control/firmware/zynq/vitis_workspace/target_control_zynq_platform/zynq_fsbl/zynq_fsbl_bsp/system.mss|system||

TRACE::2026-08-28.15:22:48::SCWMssOS::Sw design exists and opened at  /home/user/Desktop/latency-aware-target-control/firmware/zynq/vitis_workspace/target_control_zynq_platform/ps7_cortexa9_0/standalone_domain/bsp/system.mss
TRACE::2026-08-28.15:22:48::SCWPlatform::Trying to open the hw design at /home/user/Desktop/latency-aware-target-control/firmware/zynq/vitis_workspace/target_control_zynq_platform/hw/target_control_zynq_hw.xsa
TRACE::2026-08-28.15:22:48::SCWPlatform::DSA given /home/user/Desktop/latency-aware-target-control/firmware/zynq/vitis_workspace/target_control_zynq_platform/hw/target_control_zynq_hw.xsa
TRACE::2026-08-28.15:22:48::SCWPlatform::DSA absoulate path /home/user/Desktop/latency-aware-target-control/firmware/zynq/vitis_workspace/target_control_zynq_platform/hw/target_control_zynq_hw.xsa
TRACE::2026-08-28.15:22:48::SCWPlatform::DSA directory /home/user/Desktop/latency-aware-target-control/firmware/zynq/vitis_workspace/target_control_zynq_platform/hw
TRACE::2026-08-28.15:22:48::SCWPlatform:: Platform Path /home/user/Desktop/latency-aware-target-control/firmware/zynq/vitis_workspace/target_control_zynq_platform/hw/target_control_zynq_hw.xsa
TRACE::2026-08-28.15:22:48::SCWPlatform:: Unique name xilinx:zybo-z7-10::0.0
TRACE::2026-08-28.15:22:48::SCWPlatform::Trying to set the existing hwdb with name design_1_wrapper_0
TRACE::2026-08-28.15:22:48::SCWPlatform::Opened existing hwdb design_1_wrapper_0
TRACE::2026-08-28.15:22:48::SCWPlatform::Found the Hw Db part of the input DSA
TRACE::2026-08-28.15:22:48::SCWMssOS::Checking the sw design at  /home/user/Desktop/latency-aware-target-control/firmware/zynq/vitis_workspace/target_control_zynq_platform/ps7_cortexa9_0/standalone_domain/bsp/system.mss
TRACE::2026-08-28.15:22:48::SCWMssOS::DEBUG:  swdes dump  /home/user/Desktop/latency-aware-target-control/firmware/zynq/vitis_workspace/target_control_zynq_platform/ps7_cortexa9_0/standalone_domain/bsp/system.mss|system_0||
/home/user/Desktop/latency-aware-target-control/firmware/zynq/vitis_workspace/target_control_zynq_platform/zynq_fsbl/zynq_fsbl_bsp/system.mss|system||

TRACE::2026-08-28.15:22:48::SCWMssOS::Sw design exists and opened at  /home/user/Desktop/latency-aware-target-control/firmware/zynq/vitis_workspace/target_control_zynq_platform/ps7_cortexa9_0/standalone_domain/bsp/system.mss
TRACE::2026-08-28.15:22:48::SCWPlatform::Trying to open the hw design at /home/user/Desktop/latency-aware-target-control/firmware/zynq/vitis_workspace/target_control_zynq_platform/hw/target_control_zynq_hw.xsa
TRACE::2026-08-28.15:22:48::SCWPlatform::DSA given /home/user/Desktop/latency-aware-target-control/firmware/zynq/vitis_workspace/target_control_zynq_platform/hw/target_control_zynq_hw.xsa
TRACE::2026-08-28.15:22:48::SCWPlatform::DSA absoulate path /home/user/Desktop/latency-aware-target-control/firmware/zynq/vitis_workspace/target_control_zynq_platform/hw/target_control_zynq_hw.xsa
TRACE::2026-08-28.15:22:48::SCWPlatform::DSA directory /home/user/Desktop/latency-aware-target-control/firmware/zynq/vitis_workspace/target_control_zynq_platform/hw
TRACE::2026-08-28.15:22:48::SCWPlatform:: Platform Path /home/user/Desktop/latency-aware-target-control/firmware/zynq/vitis_workspace/target_control_zynq_platform/hw/target_control_zynq_hw.xsa
TRACE::2026-08-28.15:22:48::SCWPlatform:: Unique name xilinx:zybo-z7-10::0.0
TRACE::2026-08-28.15:22:48::SCWPlatform::Trying to set the existing hwdb with name design_1_wrapper_0
TRACE::2026-08-28.15:22:48::SCWPlatform::Opened existing hwdb design_1_wrapper_0
TRACE::2026-08-28.15:22:48::SCWPlatform::Found the Hw Db part of the input DSA
TRACE::2026-08-28.15:22:48::SCWMssOS::Checking the sw design at  /home/user/Desktop/latency-aware-target-control/firmware/zynq/vitis_workspace/target_control_zynq_platform/ps7_cortexa9_0/standalone_domain/bsp/system.mss
TRACE::2026-08-28.15:22:48::SCWMssOS::DEBUG:  swdes dump  /home/user/Desktop/latency-aware-target-control/firmware/zynq/vitis_workspace/target_control_zynq_platform/ps7_cortexa9_0/standalone_domain/bsp/system.mss|system_0||
/home/user/Desktop/latency-aware-target-control/firmware/zynq/vitis_workspace/target_control_zynq_platform/zynq_fsbl/zynq_fsbl_bsp/system.mss|system||

TRACE::2026-08-28.15:22:48::SCWMssOS::Sw design exists and opened at  /home/user/Desktop/latency-aware-target-control/firmware/zynq/vitis_workspace/target_control_zynq_platform/ps7_cortexa9_0/standalone_domain/bsp/system.mss
TRACE::2026-08-28.15:22:48::SCWWriter::formatted JSON is {
	"platformName":	"target_control_zynq_platform",
	"sprVersion":	"2.0",
	"mode":	"gui",
	"dsaType":	"Fixed",
	"platformDesc":	"target_control_zynq_platform",
	"platHandOff":	"/home/user/Desktop/latency-aware-target-control/firmware/zynq/target_control_zynq_hw/target_control_zynq_hw.xsa",
	"platIntHandOff":	"<platformDir>/hw/target_control_zynq_hw.xsa",
	"deviceType":	"zynq",
	"platIsPrebuiltAutogen":	"false",
	"platIsNoBootBsp":	"false",
	"platFsblTarget":	"ps7_cortexa9_0",
	"hasFsblMakeHasChanges":	"false",
	"hasPmufwMakeHasChanges":	"false",
	"fsblExtraCompilerFlags":	"-MMD -MP       -mcpu=cortex-a9 -mfpu=vfpv3 -mfloat-abi=hard ",
	"platPreBuiltFlag":	false,
	"platformSamplesDir":	"",
	"platActiveSys":	"target_control_zynq_platform",
	"systems":	[{
			"systemName":	"target_control_zynq_platform",
			"systemDesc":	"target_control_zynq_platform",
			"sysIsBootAutoGen":	"true",
			"systemDispName":	"target_control_zynq_platform",
			"sysActiveDom":	"standalone_domain",
			"sysDefaultDom":	"standalone_domain",
			"domains":	[{
					"domainName":	"zynq_fsbl",
					"domainDispName":	"zynq_fsbl",
					"domainDesc":	"FSBL Application BSP - Auto Generated.",
					"processors":	"ps7_cortexa9_0",
					"os":	"standalone",
					"sdxOs":	"standalone",
					"debugEnable":	"",
					"domRuntimes":	["cpp"],
					"swRepo":	"",
					"mssOsVer":	"7.7",
					"mssFile":	"",
					"md5Digest":	"68359604a3374d6a43f578fe0b642f17",
					"compatibleApp":	"zynq_fsbl",
					"domType":	"bootDomain",
					"arch":	"32-bit",
					"appSettings":	{
						"appCompilerFlags":	"",
						"appLinkerFlags":	""
					},
					"addedLibs":	["xilffs:4.7", "xilrsa:1.6"],
					"libOptions":	{
						"libsContainingOptions":	[]
					},
					"prebuiltLibs":	{
						"prebuiltIncPath":	[],
						"prebuiltLibPath":	[]
					},
					"isolation":	{
					}
				}, {
					"domainName":	"standalone_domain",
					"domainDispName":	"standalone on ps7_cortexa9_0",
					"domainDesc":	"standalone_domain",
					"processors":	"ps7_cortexa9_0",
					"os":	"standalone",
					"sdxOs":	"standalone",
					"qemuArgs":	"<platformDir>/resources/target_control_zynq_platform/standalone_domain/qemu_args.txt",
					"qemuData":	"<platformDir>/resources/target_control_zynq_platform/standalone_domain/qemu",
					"debugEnable":	"False",
					"domRuntimes":	["cpp"],
					"swRepo":	"",
					"mssOsVer":	"7.7",
					"mssFile":	"",
					"md5Digest":	"859da1b96f35d25dd5a4f58dfbef0ebc",
					"compatibleApp":	"",
					"domType":	"mssDomain",
					"appSettings":	{
						"appCompilerFlags":	"",
						"appLinkerFlags":	""
					},
					"addedLibs":	[],
					"libOptions":	{
						"libsContainingOptions":	[]
					},
					"prebuiltLibs":	{
						"prebuiltIncPath":	[],
						"prebuiltLibPath":	[]
					},
					"isolation":	{
					}
				}]
		}]
}
TRACE::2026-08-28.15:22:49::SCWPlatform::Clearing the existing platform
TRACE::2026-08-28.15:22:49::SCWSystem::Clearing the existing sysconfig
TRACE::2026-08-28.15:22:49::SCWBDomain::clearing the fsbl build
TRACE::2026-08-28.15:22:49::SCWMssOS::Removing the swdes entry for  /home/user/Desktop/latency-aware-target-control/firmware/zynq/vitis_workspace/target_control_zynq_platform/zynq_fsbl/zynq_fsbl_bsp/system.mss
TRACE::2026-08-28.15:22:49::SCWMssOS::Removing the swdes entry for  /home/user/Desktop/latency-aware-target-control/firmware/zynq/vitis_workspace/target_control_zynq_platform/ps7_cortexa9_0/standalone_domain/bsp/system.mss
TRACE::2026-08-28.15:22:49::SCWSystem::Clearing the domains completed.
TRACE::2026-08-28.15:22:49::SCWPlatform::Clearing the opened hw db.
TRACE::2026-08-28.15:22:49::SCWPlatform::DSA given /home/user/Desktop/latency-aware-target-control/firmware/zynq/vitis_workspace/target_control_zynq_platform/hw/target_control_zynq_hw.xsa
TRACE::2026-08-28.15:22:49::SCWPlatform::DSA absoulate path /home/user/Desktop/latency-aware-target-control/firmware/zynq/vitis_workspace/target_control_zynq_platform/hw/target_control_zynq_hw.xsa
TRACE::2026-08-28.15:22:49::SCWPlatform:: Platform location is /home/user/Desktop/latency-aware-target-control/firmware/zynq/vitis_workspace/target_control_zynq_platform/hw
TRACE::2026-08-28.15:22:49::SCWPlatform:: Platform Path /home/user/Desktop/latency-aware-target-control/firmware/zynq/vitis_workspace/target_control_zynq_platform/hw/target_control_zynq_hw.xsa
TRACE::2026-08-28.15:22:49::SCWPlatform:: Unique name xilinx:zybo-z7-10::0.0
TRACE::2026-08-28.15:22:49::SCWPlatform::Removing the HwDB with name /home/user/Desktop/latency-aware-target-control/firmware/zynq/vitis_workspace/target_control_zynq_platform/hw/target_control_zynq_hw.xsa
TRACE::2026-08-28.15:22:49::SCWPlatform::Trying to open the hw design at /home/user/Desktop/latency-aware-target-control/firmware/zynq/vitis_workspace/target_control_zynq_platform/hw/target_control_zynq_hw.xsa
TRACE::2026-08-28.15:22:49::SCWPlatform::DSA given /home/user/Desktop/latency-aware-target-control/firmware/zynq/vitis_workspace/target_control_zynq_platform/hw/target_control_zynq_hw.xsa
TRACE::2026-08-28.15:22:49::SCWPlatform::DSA absoulate path /home/user/Desktop/latency-aware-target-control/firmware/zynq/vitis_workspace/target_control_zynq_platform/hw/target_control_zynq_hw.xsa
TRACE::2026-08-28.15:22:49::SCWPlatform::DSA directory /home/user/Desktop/latency-aware-target-control/firmware/zynq/vitis_workspace/target_control_zynq_platform/hw
TRACE::2026-08-28.15:22:49::SCWPlatform:: Platform Path /home/user/Desktop/latency-aware-target-control/firmware/zynq/vitis_workspace/target_control_zynq_platform/hw/target_control_zynq_hw.xsa
TRACE::2026-08-28.15:22:49::SCWPlatform:: Unique name xilinx:zybo-z7-10::0.0
TRACE::2026-08-28.15:22:49::SCWPlatform::Do not have an existing db opened. 
TRACE::2026-08-28.15:22:51::SCWPlatform::Opened new HwDB with name design_1_wrapper_1
TRACE::2026-08-28.15:22:51::SCWReader::Active system found as  target_control_zynq_platform
TRACE::2026-08-28.15:22:51::SCWReader::Handling sysconfig target_control_zynq_platform
TRACE::2026-08-28.15:22:51::SCWDomain::checking for install qemu data   : 
TRACE::2026-08-28.15:22:51::SCWDomain:: Using the QEMU Data from install at  : /tools/Xilinx/Vitis/2022.1/data/emulation/platforms/zynq/sw/a9_standalone/qemu/
TRACE::2026-08-28.15:22:51::SCWDomain:: Using the QEMU args  from install at  : /tools/Xilinx/Vitis/2022.1/data/emulation/platforms/zynq/sw/a9_standalone/qemu/qemu_args.txt
TRACE::2026-08-28.15:22:51::SCWPlatform::Trying to open the hw design at /home/user/Desktop/latency-aware-target-control/firmware/zynq/vitis_workspace/target_control_zynq_platform/hw/target_control_zynq_hw.xsa
TRACE::2026-08-28.15:22:51::SCWPlatform::DSA given /home/user/Desktop/latency-aware-target-control/firmware/zynq/vitis_workspace/target_control_zynq_platform/hw/target_control_zynq_hw.xsa
TRACE::2026-08-28.15:22:51::SCWPlatform::DSA absoulate path /home/user/Desktop/latency-aware-target-control/firmware/zynq/vitis_workspace/target_control_zynq_platform/hw/target_control_zynq_hw.xsa
TRACE::2026-08-28.15:22:51::SCWPlatform::DSA directory /home/user/Desktop/latency-aware-target-control/firmware/zynq/vitis_workspace/target_control_zynq_platform/hw
TRACE::2026-08-28.15:22:51::SCWPlatform:: Platform Path /home/user/Desktop/latency-aware-target-control/firmware/zynq/vitis_workspace/target_control_zynq_platform/hw/target_control_zynq_hw.xsa
TRACE::2026-08-28.15:22:51::SCWPlatform:: Unique name xilinx:zybo-z7-10::0.0
TRACE::2026-08-28.15:22:51::SCWPlatform::Trying to set the existing hwdb with name design_1_wrapper_1
TRACE::2026-08-28.15:22:51::SCWPlatform::Opened existing hwdb design_1_wrapper_1
TRACE::2026-08-28.15:22:51::SCWPlatform::Found the Hw Db part of the input DSA
TRACE::2026-08-28.15:22:51::SCWPlatform::Trying to open the hw design at /home/user/Desktop/latency-aware-target-control/firmware/zynq/vitis_workspace/target_control_zynq_platform/hw/target_control_zynq_hw.xsa
TRACE::2026-08-28.15:22:51::SCWPlatform::DSA given /home/user/Desktop/latency-aware-target-control/firmware/zynq/vitis_workspace/target_control_zynq_platform/hw/target_control_zynq_hw.xsa
TRACE::2026-08-28.15:22:51::SCWPlatform::DSA absoulate path /home/user/Desktop/latency-aware-target-control/firmware/zynq/vitis_workspace/target_control_zynq_platform/hw/target_control_zynq_hw.xsa
TRACE::2026-08-28.15:22:51::SCWPlatform::DSA directory /home/user/Desktop/latency-aware-target-control/firmware/zynq/vitis_workspace/target_control_zynq_platform/hw
TRACE::2026-08-28.15:22:51::SCWPlatform:: Platform Path /home/user/Desktop/latency-aware-target-control/firmware/zynq/vitis_workspace/target_control_zynq_platform/hw/target_control_zynq_hw.xsa
TRACE::2026-08-28.15:22:51::SCWPlatform:: Unique name xilinx:zybo-z7-10::0.0
TRACE::2026-08-28.15:22:51::SCWPlatform::Trying to set the existing hwdb with name design_1_wrapper_1
TRACE::2026-08-28.15:22:51::SCWPlatform::Opened existing hwdb design_1_wrapper_1
TRACE::2026-08-28.15:22:51::SCWPlatform::Found the Hw Db part of the input DSA
TRACE::2026-08-28.15:22:51::SCWPlatform::Trying to open the hw design at /home/user/Desktop/latency-aware-target-control/firmware/zynq/vitis_workspace/target_control_zynq_platform/hw/target_control_zynq_hw.xsa
TRACE::2026-08-28.15:22:51::SCWPlatform::DSA given /home/user/Desktop/latency-aware-target-control/firmware/zynq/vitis_workspace/target_control_zynq_platform/hw/target_control_zynq_hw.xsa
TRACE::2026-08-28.15:22:51::SCWPlatform::DSA absoulate path /home/user/Desktop/latency-aware-target-control/firmware/zynq/vitis_workspace/target_control_zynq_platform/hw/target_control_zynq_hw.xsa
TRACE::2026-08-28.15:22:51::SCWPlatform::DSA directory /home/user/Desktop/latency-aware-target-control/firmware/zynq/vitis_workspace/target_control_zynq_platform/hw
TRACE::2026-08-28.15:22:51::SCWPlatform:: Platform Path /home/user/Desktop/latency-aware-target-control/firmware/zynq/vitis_workspace/target_control_zynq_platform/hw/target_control_zynq_hw.xsa
TRACE::2026-08-28.15:22:51::SCWPlatform:: Unique name xilinx:zybo-z7-10::0.0
TRACE::2026-08-28.15:22:51::SCWPlatform::Trying to set the existing hwdb with name design_1_wrapper_1
TRACE::2026-08-28.15:22:51::SCWPlatform::Opened existing hwdb design_1_wrapper_1
TRACE::2026-08-28.15:22:51::SCWPlatform::Found the Hw Db part of the input DSA
TRACE::2026-08-28.15:22:51::SCWReader::Boot application domain added for zynq_fsbl
TRACE::2026-08-28.15:22:51::SCWPlatform::Trying to open the hw design at /home/user/Desktop/latency-aware-target-control/firmware/zynq/vitis_workspace/target_control_zynq_platform/hw/target_control_zynq_hw.xsa
TRACE::2026-08-28.15:22:51::SCWPlatform::DSA given /home/user/Desktop/latency-aware-target-control/firmware/zynq/vitis_workspace/target_control_zynq_platform/hw/target_control_zynq_hw.xsa
TRACE::2026-08-28.15:22:51::SCWPlatform::DSA absoulate path /home/user/Desktop/latency-aware-target-control/firmware/zynq/vitis_workspace/target_control_zynq_platform/hw/target_control_zynq_hw.xsa
TRACE::2026-08-28.15:22:51::SCWPlatform::DSA directory /home/user/Desktop/latency-aware-target-control/firmware/zynq/vitis_workspace/target_control_zynq_platform/hw
TRACE::2026-08-28.15:22:51::SCWPlatform:: Platform Path /home/user/Desktop/latency-aware-target-control/firmware/zynq/vitis_workspace/target_control_zynq_platform/hw/target_control_zynq_hw.xsa
TRACE::2026-08-28.15:22:51::SCWPlatform:: Unique name xilinx:zybo-z7-10::0.0
TRACE::2026-08-28.15:22:51::SCWPlatform::Trying to set the existing hwdb with name design_1_wrapper_1
TRACE::2026-08-28.15:22:51::SCWPlatform::Opened existing hwdb design_1_wrapper_1
TRACE::2026-08-28.15:22:51::SCWPlatform::Found the Hw Db part of the input DSA
TRACE::2026-08-28.15:22:51::SCWMssOS::Checking the sw design at  /home/user/Desktop/latency-aware-target-control/firmware/zynq/vitis_workspace/target_control_zynq_platform/zynq_fsbl/zynq_fsbl_bsp/system.mss
TRACE::2026-08-28.15:22:51::SCWMssOS::DEBUG:  swdes dump  
TRACE::2026-08-28.15:22:51::SCWMssOS::No sw design opened at  /home/user/Desktop/latency-aware-target-control/firmware/zynq/vitis_workspace/target_control_zynq_platform/zynq_fsbl/zynq_fsbl_bsp/system.mss
TRACE::2026-08-28.15:22:51::SCWMssOS::mss exists loading the mss file  /home/user/Desktop/latency-aware-target-control/firmware/zynq/vitis_workspace/target_control_zynq_platform/zynq_fsbl/zynq_fsbl_bsp/system.mss
TRACE::2026-08-28.15:22:51::SCWMssOS::Opened the sw design from mss  /home/user/Desktop/latency-aware-target-control/firmware/zynq/vitis_workspace/target_control_zynq_platform/zynq_fsbl/zynq_fsbl_bsp/system.mss
TRACE::2026-08-28.15:22:51::SCWMssOS::Adding the swdes entry /home/user/Desktop/latency-aware-target-control/firmware/zynq/vitis_workspace/target_control_zynq_platform/zynq_fsbl/zynq_fsbl_bsp/system.mss with des name system
TRACE::2026-08-28.15:22:51::SCWMssOS::updating the scw layer about changes
TRACE::2026-08-28.15:22:51::SCWMssOS::Opened the sw design.  /home/user/Desktop/latency-aware-target-control/firmware/zynq/vitis_workspace/target_control_zynq_platform/zynq_fsbl/zynq_fsbl_bsp/system.mss
TRACE::2026-08-28.15:22:51::SCWPlatform::Trying to open the hw design at /home/user/Desktop/latency-aware-target-control/firmware/zynq/vitis_workspace/target_control_zynq_platform/hw/target_control_zynq_hw.xsa
TRACE::2026-08-28.15:22:51::SCWPlatform::DSA given /home/user/Desktop/latency-aware-target-control/firmware/zynq/vitis_workspace/target_control_zynq_platform/hw/target_control_zynq_hw.xsa
TRACE::2026-08-28.15:22:51::SCWPlatform::DSA absoulate path /home/user/Desktop/latency-aware-target-control/firmware/zynq/vitis_workspace/target_control_zynq_platform/hw/target_control_zynq_hw.xsa
TRACE::2026-08-28.15:22:51::SCWPlatform::DSA directory /home/user/Desktop/latency-aware-target-control/firmware/zynq/vitis_workspace/target_control_zynq_platform/hw
TRACE::2026-08-28.15:22:51::SCWPlatform:: Platform Path /home/user/Desktop/latency-aware-target-control/firmware/zynq/vitis_workspace/target_control_zynq_platform/hw/target_control_zynq_hw.xsa
TRACE::2026-08-28.15:22:51::SCWPlatform:: Unique name xilinx:zybo-z7-10::0.0
TRACE::2026-08-28.15:22:51::SCWPlatform::Trying to set the existing hwdb with name design_1_wrapper_1
TRACE::2026-08-28.15:22:51::SCWPlatform::Opened existing hwdb design_1_wrapper_1
TRACE::2026-08-28.15:22:51::SCWPlatform::Found the Hw Db part of the input DSA
TRACE::2026-08-28.15:22:51::SCWMssOS::Checking the sw design at  /home/user/Desktop/latency-aware-target-control/firmware/zynq/vitis_workspace/target_control_zynq_platform/zynq_fsbl/zynq_fsbl_bsp/system.mss
TRACE::2026-08-28.15:22:51::SCWMssOS::DEBUG:  swdes dump  /home/user/Desktop/latency-aware-target-control/firmware/zynq/vitis_workspace/target_control_zynq_platform/zynq_fsbl/zynq_fsbl_bsp/system.mss|system||

TRACE::2026-08-28.15:22:51::SCWMssOS::Sw design exists and opened at  /home/user/Desktop/latency-aware-target-control/firmware/zynq/vitis_workspace/target_control_zynq_platform/zynq_fsbl/zynq_fsbl_bsp/system.mss
TRACE::2026-08-28.15:22:51::SCWMssOS:: library already available in sw design:  xilffs:4.7
TRACE::2026-08-28.15:22:51::SCWPlatform::Trying to open the hw design at /home/user/Desktop/latency-aware-target-control/firmware/zynq/vitis_workspace/target_control_zynq_platform/hw/target_control_zynq_hw.xsa
TRACE::2026-08-28.15:22:51::SCWPlatform::DSA given /home/user/Desktop/latency-aware-target-control/firmware/zynq/vitis_workspace/target_control_zynq_platform/hw/target_control_zynq_hw.xsa
TRACE::2026-08-28.15:22:51::SCWPlatform::DSA absoulate path /home/user/Desktop/latency-aware-target-control/firmware/zynq/vitis_workspace/target_control_zynq_platform/hw/target_control_zynq_hw.xsa
TRACE::2026-08-28.15:22:51::SCWPlatform::DSA directory /home/user/Desktop/latency-aware-target-control/firmware/zynq/vitis_workspace/target_control_zynq_platform/hw
TRACE::2026-08-28.15:22:51::SCWPlatform:: Platform Path /home/user/Desktop/latency-aware-target-control/firmware/zynq/vitis_workspace/target_control_zynq_platform/hw/target_control_zynq_hw.xsa
TRACE::2026-08-28.15:22:51::SCWPlatform:: Unique name xilinx:zybo-z7-10::0.0
TRACE::2026-08-28.15:22:51::SCWPlatform::Trying to set the existing hwdb with name design_1_wrapper_1
TRACE::2026-08-28.15:22:51::SCWPlatform::Opened existing hwdb design_1_wrapper_1
TRACE::2026-08-28.15:22:51::SCWPlatform::Found the Hw Db part of the input DSA
TRACE::2026-08-28.15:22:51::SCWMssOS::Checking the sw design at  /home/user/Desktop/latency-aware-target-control/firmware/zynq/vitis_workspace/target_control_zynq_platform/zynq_fsbl/zynq_fsbl_bsp/system.mss
TRACE::2026-08-28.15:22:51::SCWMssOS::DEBUG:  swdes dump  /home/user/Desktop/latency-aware-target-control/firmware/zynq/vitis_workspace/target_control_zynq_platform/zynq_fsbl/zynq_fsbl_bsp/system.mss|system||

TRACE::2026-08-28.15:22:51::SCWMssOS::Sw design exists and opened at  /home/user/Desktop/latency-aware-target-control/firmware/zynq/vitis_workspace/target_control_zynq_platform/zynq_fsbl/zynq_fsbl_bsp/system.mss
TRACE::2026-08-28.15:22:51::SCWMssOS:: library already available in sw design:  xilrsa:1.6
TRACE::2026-08-28.15:22:51::SCWMssOS::Saving the mss changes /home/user/Desktop/latency-aware-target-control/firmware/zynq/vitis_workspace/target_control_zynq_platform/zynq_fsbl/zynq_fsbl_bsp/system.mss
TRACE::2026-08-28.15:22:51::SCWMssOS::Found a swdesign opened with the mssfile.
TRACE::2026-08-28.15:22:51::SCWMssOS::Completed writemss as part of save.
TRACE::2026-08-28.15:22:51::SCWMssOS::Commit changes completed.
TRACE::2026-08-28.15:22:51::SCWReader::Adding prebuilt librarypaths as   
TRACE::2026-08-28.15:22:51::SCWReader::Adding prebuilt incpaths  as   
TRACE::2026-08-28.15:22:51::SCWPlatform::Trying to open the hw design at /home/user/Desktop/latency-aware-target-control/firmware/zynq/vitis_workspace/target_control_zynq_platform/hw/target_control_zynq_hw.xsa
TRACE::2026-08-28.15:22:51::SCWPlatform::DSA given /home/user/Desktop/latency-aware-target-control/firmware/zynq/vitis_workspace/target_control_zynq_platform/hw/target_control_zynq_hw.xsa
TRACE::2026-08-28.15:22:51::SCWPlatform::DSA absoulate path /home/user/Desktop/latency-aware-target-control/firmware/zynq/vitis_workspace/target_control_zynq_platform/hw/target_control_zynq_hw.xsa
TRACE::2026-08-28.15:22:51::SCWPlatform::DSA directory /home/user/Desktop/latency-aware-target-control/firmware/zynq/vitis_workspace/target_control_zynq_platform/hw
TRACE::2026-08-28.15:22:51::SCWPlatform:: Platform Path /home/user/Desktop/latency-aware-target-control/firmware/zynq/vitis_workspace/target_control_zynq_platform/hw/target_control_zynq_hw.xsa
TRACE::2026-08-28.15:22:51::SCWPlatform:: Unique name xilinx:zybo-z7-10::0.0
TRACE::2026-08-28.15:22:51::SCWPlatform::Trying to set the existing hwdb with name design_1_wrapper_1
TRACE::2026-08-28.15:22:51::SCWPlatform::Opened existing hwdb design_1_wrapper_1
TRACE::2026-08-28.15:22:51::SCWPlatform::Found the Hw Db part of the input DSA
TRACE::2026-08-28.15:22:51::SCWMssOS::Checking the sw design at  /home/user/Desktop/latency-aware-target-control/firmware/zynq/vitis_workspace/target_control_zynq_platform/zynq_fsbl/zynq_fsbl_bsp/system.mss
TRACE::2026-08-28.15:22:51::SCWMssOS::DEBUG:  swdes dump  /home/user/Desktop/latency-aware-target-control/firmware/zynq/vitis_workspace/target_control_zynq_platform/zynq_fsbl/zynq_fsbl_bsp/system.mss|system||

TRACE::2026-08-28.15:22:51::SCWMssOS::Sw design exists and opened at  /home/user/Desktop/latency-aware-target-control/firmware/zynq/vitis_workspace/target_control_zynq_platform/zynq_fsbl/zynq_fsbl_bsp/system.mss
TRACE::2026-08-28.15:22:51::SCWReader::No isolation master present  
TRACE::2026-08-28.15:22:51::SCWDomain::checking for install qemu data   : 
TRACE::2026-08-28.15:22:51::SCWDomain:: Using the QEMU Data from install at  : /tools/Xilinx/Vitis/2022.1/data/emulation/platforms/zynq/sw/a9_standalone/qemu/
TRACE::2026-08-28.15:22:51::SCWDomain:: Using the QEMU args  from install at  : /tools/Xilinx/Vitis/2022.1/data/emulation/platforms/zynq/sw/a9_standalone/qemu/qemu_args.txt
TRACE::2026-08-28.15:22:51::SCWPlatform::Trying to open the hw design at /home/user/Desktop/latency-aware-target-control/firmware/zynq/vitis_workspace/target_control_zynq_platform/hw/target_control_zynq_hw.xsa
TRACE::2026-08-28.15:22:51::SCWPlatform::DSA given /home/user/Desktop/latency-aware-target-control/firmware/zynq/vitis_workspace/target_control_zynq_platform/hw/target_control_zynq_hw.xsa
TRACE::2026-08-28.15:22:51::SCWPlatform::DSA absoulate path /home/user/Desktop/latency-aware-target-control/firmware/zynq/vitis_workspace/target_control_zynq_platform/hw/target_control_zynq_hw.xsa
TRACE::2026-08-28.15:22:51::SCWPlatform::DSA directory /home/user/Desktop/latency-aware-target-control/firmware/zynq/vitis_workspace/target_control_zynq_platform/hw
TRACE::2026-08-28.15:22:51::SCWPlatform:: Platform Path /home/user/Desktop/latency-aware-target-control/firmware/zynq/vitis_workspace/target_control_zynq_platform/hw/target_control_zynq_hw.xsa
TRACE::2026-08-28.15:22:51::SCWPlatform:: Unique name xilinx:zybo-z7-10::0.0
TRACE::2026-08-28.15:22:51::SCWPlatform::Trying to set the existing hwdb with name design_1_wrapper_1
TRACE::2026-08-28.15:22:51::SCWPlatform::Opened existing hwdb design_1_wrapper_1
TRACE::2026-08-28.15:22:51::SCWPlatform::Found the Hw Db part of the input DSA
TRACE::2026-08-28.15:22:51::SCWPlatform::Trying to open the hw design at /home/user/Desktop/latency-aware-target-control/firmware/zynq/vitis_workspace/target_control_zynq_platform/hw/target_control_zynq_hw.xsa
TRACE::2026-08-28.15:22:51::SCWPlatform::DSA given /home/user/Desktop/latency-aware-target-control/firmware/zynq/vitis_workspace/target_control_zynq_platform/hw/target_control_zynq_hw.xsa
TRACE::2026-08-28.15:22:51::SCWPlatform::DSA absoulate path /home/user/Desktop/latency-aware-target-control/firmware/zynq/vitis_workspace/target_control_zynq_platform/hw/target_control_zynq_hw.xsa
TRACE::2026-08-28.15:22:51::SCWPlatform::DSA directory /home/user/Desktop/latency-aware-target-control/firmware/zynq/vitis_workspace/target_control_zynq_platform/hw
TRACE::2026-08-28.15:22:51::SCWPlatform:: Platform Path /home/user/Desktop/latency-aware-target-control/firmware/zynq/vitis_workspace/target_control_zynq_platform/hw/target_control_zynq_hw.xsa
TRACE::2026-08-28.15:22:51::SCWPlatform:: Unique name xilinx:zybo-z7-10::0.0
TRACE::2026-08-28.15:22:51::SCWPlatform::Trying to set the existing hwdb with name design_1_wrapper_1
TRACE::2026-08-28.15:22:51::SCWPlatform::Opened existing hwdb design_1_wrapper_1
TRACE::2026-08-28.15:22:51::SCWPlatform::Found the Hw Db part of the input DSA
TRACE::2026-08-28.15:22:51::SCWPlatform::Trying to open the hw design at /home/user/Desktop/latency-aware-target-control/firmware/zynq/vitis_workspace/target_control_zynq_platform/hw/target_control_zynq_hw.xsa
TRACE::2026-08-28.15:22:51::SCWPlatform::DSA given /home/user/Desktop/latency-aware-target-control/firmware/zynq/vitis_workspace/target_control_zynq_platform/hw/target_control_zynq_hw.xsa
TRACE::2026-08-28.15:22:51::SCWPlatform::DSA absoulate path /home/user/Desktop/latency-aware-target-control/firmware/zynq/vitis_workspace/target_control_zynq_platform/hw/target_control_zynq_hw.xsa
TRACE::2026-08-28.15:22:51::SCWPlatform::DSA directory /home/user/Desktop/latency-aware-target-control/firmware/zynq/vitis_workspace/target_control_zynq_platform/hw
TRACE::2026-08-28.15:22:51::SCWPlatform:: Platform Path /home/user/Desktop/latency-aware-target-control/firmware/zynq/vitis_workspace/target_control_zynq_platform/hw/target_control_zynq_hw.xsa
TRACE::2026-08-28.15:22:51::SCWPlatform:: Unique name xilinx:zybo-z7-10::0.0
TRACE::2026-08-28.15:22:51::SCWPlatform::Trying to set the existing hwdb with name design_1_wrapper_1
TRACE::2026-08-28.15:22:51::SCWPlatform::Opened existing hwdb design_1_wrapper_1
TRACE::2026-08-28.15:22:51::SCWPlatform::Found the Hw Db part of the input DSA
TRACE::2026-08-28.15:22:51::SCWMssOS::Checking the sw design at  /home/user/Desktop/latency-aware-target-control/firmware/zynq/vitis_workspace/target_control_zynq_platform/ps7_cortexa9_0/standalone_domain/bsp/system.mss
TRACE::2026-08-28.15:22:51::SCWMssOS::DEBUG:  swdes dump  /home/user/Desktop/latency-aware-target-control/firmware/zynq/vitis_workspace/target_control_zynq_platform/zynq_fsbl/zynq_fsbl_bsp/system.mss|system||

TRACE::2026-08-28.15:22:51::SCWMssOS::No sw design opened at  /home/user/Desktop/latency-aware-target-control/firmware/zynq/vitis_workspace/target_control_zynq_platform/ps7_cortexa9_0/standalone_domain/bsp/system.mss
TRACE::2026-08-28.15:22:51::SCWMssOS::mss exists loading the mss file  /home/user/Desktop/latency-aware-target-control/firmware/zynq/vitis_workspace/target_control_zynq_platform/ps7_cortexa9_0/standalone_domain/bsp/system.mss
TRACE::2026-08-28.15:22:51::SCWMssOS::Opened the sw design from mss  /home/user/Desktop/latency-aware-target-control/firmware/zynq/vitis_workspace/target_control_zynq_platform/ps7_cortexa9_0/standalone_domain/bsp/system.mss
TRACE::2026-08-28.15:22:51::SCWMssOS::Adding the swdes entry /home/user/Desktop/latency-aware-target-control/firmware/zynq/vitis_workspace/target_control_zynq_platform/ps7_cortexa9_0/standalone_domain/bsp/system.mss with des name system_0
TRACE::2026-08-28.15:22:51::SCWMssOS::updating the scw layer about changes
TRACE::2026-08-28.15:22:51::SCWMssOS::Opened the sw design.  /home/user/Desktop/latency-aware-target-control/firmware/zynq/vitis_workspace/target_control_zynq_platform/ps7_cortexa9_0/standalone_domain/bsp/system.mss
TRACE::2026-08-28.15:22:51::SCWMssOS::Saving the mss changes /home/user/Desktop/latency-aware-target-control/firmware/zynq/vitis_workspace/target_control_zynq_platform/ps7_cortexa9_0/standalone_domain/bsp/system.mss
TRACE::2026-08-28.15:22:51::SCWMssOS::Found a swdesign opened with the mssfile.
TRACE::2026-08-28.15:22:51::SCWMssOS::Completed writemss as part of save.
TRACE::2026-08-28.15:22:51::SCWMssOS::Commit changes completed.
TRACE::2026-08-28.15:22:51::SCWReader::Adding prebuilt librarypaths as   
TRACE::2026-08-28.15:22:51::SCWReader::Adding prebuilt incpaths  as   
TRACE::2026-08-28.15:22:51::SCWPlatform::Trying to open the hw design at /home/user/Desktop/latency-aware-target-control/firmware/zynq/vitis_workspace/target_control_zynq_platform/hw/target_control_zynq_hw.xsa
TRACE::2026-08-28.15:22:51::SCWPlatform::DSA given /home/user/Desktop/latency-aware-target-control/firmware/zynq/vitis_workspace/target_control_zynq_platform/hw/target_control_zynq_hw.xsa
TRACE::2026-08-28.15:22:51::SCWPlatform::DSA absoulate path /home/user/Desktop/latency-aware-target-control/firmware/zynq/vitis_workspace/target_control_zynq_platform/hw/target_control_zynq_hw.xsa
TRACE::2026-08-28.15:22:51::SCWPlatform::DSA directory /home/user/Desktop/latency-aware-target-control/firmware/zynq/vitis_workspace/target_control_zynq_platform/hw
TRACE::2026-08-28.15:22:51::SCWPlatform:: Platform Path /home/user/Desktop/latency-aware-target-control/firmware/zynq/vitis_workspace/target_control_zynq_platform/hw/target_control_zynq_hw.xsa
TRACE::2026-08-28.15:22:51::SCWPlatform:: Unique name xilinx:zybo-z7-10::0.0
TRACE::2026-08-28.15:22:51::SCWPlatform::Trying to set the existing hwdb with name design_1_wrapper_1
TRACE::2026-08-28.15:22:51::SCWPlatform::Opened existing hwdb design_1_wrapper_1
TRACE::2026-08-28.15:22:51::SCWPlatform::Found the Hw Db part of the input DSA
TRACE::2026-08-28.15:22:51::SCWMssOS::Checking the sw design at  /home/user/Desktop/latency-aware-target-control/firmware/zynq/vitis_workspace/target_control_zynq_platform/ps7_cortexa9_0/standalone_domain/bsp/system.mss
TRACE::2026-08-28.15:22:51::SCWMssOS::DEBUG:  swdes dump  /home/user/Desktop/latency-aware-target-control/firmware/zynq/vitis_workspace/target_control_zynq_platform/ps7_cortexa9_0/standalone_domain/bsp/system.mss|system_0||
/home/user/Desktop/latency-aware-target-control/firmware/zynq/vitis_workspace/target_control_zynq_platform/zynq_fsbl/zynq_fsbl_bsp/system.mss|system||

TRACE::2026-08-28.15:22:51::SCWMssOS::Sw design exists and opened at  /home/user/Desktop/latency-aware-target-control/firmware/zynq/vitis_workspace/target_control_zynq_platform/ps7_cortexa9_0/standalone_domain/bsp/system.mss
TRACE::2026-08-28.15:22:51::SCWReader::No isolation master present  
LOG::2026-08-28.15:23:18::SCWPlatform::Started generating the artifacts platform target_control_zynq_platform
TRACE::2026-08-28.15:23:18::SCWPlatform::Sanity checking of platform is completed
LOG::2026-08-28.15:23:18::SCWPlatform::Started generating the artifacts for system configuration target_control_zynq_platform
LOG::2026-08-28.15:23:18::SCWSystem::Checking the domain zynq_fsbl
LOG::2026-08-28.15:23:18::SCWSystem::Doing application build for :  zynq_fsbl
TRACE::2026-08-28.15:23:18::SCWBDomain::Not a forced makefile updation, No changes are present. 
TRACE::2026-08-28.15:23:18::SCWDomain::Building the domain as part of full build :  zynq_fsbl
TRACE::2026-08-28.15:23:18::SCWPlatform::Trying to open the hw design at /home/user/Desktop/latency-aware-target-control/firmware/zynq/vitis_workspace/target_control_zynq_platform/hw/target_control_zynq_hw.xsa
TRACE::2026-08-28.15:23:18::SCWPlatform::DSA given /home/user/Desktop/latency-aware-target-control/firmware/zynq/vitis_workspace/target_control_zynq_platform/hw/target_control_zynq_hw.xsa
TRACE::2026-08-28.15:23:18::SCWPlatform::DSA absoulate path /home/user/Desktop/latency-aware-target-control/firmware/zynq/vitis_workspace/target_control_zynq_platform/hw/target_control_zynq_hw.xsa
TRACE::2026-08-28.15:23:18::SCWPlatform::DSA directory /home/user/Desktop/latency-aware-target-control/firmware/zynq/vitis_workspace/target_control_zynq_platform/hw
TRACE::2026-08-28.15:23:18::SCWPlatform:: Platform Path /home/user/Desktop/latency-aware-target-control/firmware/zynq/vitis_workspace/target_control_zynq_platform/hw/target_control_zynq_hw.xsa
TRACE::2026-08-28.15:23:18::SCWPlatform:: Unique name xilinx:zybo-z7-10::0.0
TRACE::2026-08-28.15:23:18::SCWPlatform::Trying to set the existing hwdb with name design_1_wrapper_1
TRACE::2026-08-28.15:23:18::SCWPlatform::Opened existing hwdb design_1_wrapper_1
TRACE::2026-08-28.15:23:18::SCWPlatform::Found the Hw Db part of the input DSA
TRACE::2026-08-28.15:23:18::SCWMssOS::Checking the sw design at  /home/user/Desktop/latency-aware-target-control/firmware/zynq/vitis_workspace/target_control_zynq_platform/zynq_fsbl/zynq_fsbl_bsp/system.mss
TRACE::2026-08-28.15:23:18::SCWMssOS::DEBUG:  swdes dump  /home/user/Desktop/latency-aware-target-control/firmware/zynq/vitis_workspace/target_control_zynq_platform/ps7_cortexa9_0/standalone_domain/bsp/system.mss|system_0||
/home/user/Desktop/latency-aware-target-control/firmware/zynq/vitis_workspace/target_control_zynq_platform/zynq_fsbl/zynq_fsbl_bsp/system.mss|system||

TRACE::2026-08-28.15:23:18::SCWMssOS::Sw design exists and opened at  /home/user/Desktop/latency-aware-target-control/firmware/zynq/vitis_workspace/target_control_zynq_platform/zynq_fsbl/zynq_fsbl_bsp/system.mss
TRACE::2026-08-28.15:23:18::SCWBDomain::Completed writing the mss file at /home/user/Desktop/latency-aware-target-control/firmware/zynq/vitis_workspace/target_control_zynq_platform/zynq_fsbl/zynq_fsbl_bsp
TRACE::2026-08-28.15:23:18::SCWBDomain::bsp generated is upto date with the mss file. Skipping bsp generation.
TRACE::2026-08-28.15:23:18::SCWBDomain::Not a forced makefile updation, No changes are present. 
TRACE::2026-08-28.15:23:18::SCWBDomain::System Command Ran  cd  /home/user/Desktop/latency-aware-target-control/firmware/zynq/vitis_workspace/target_control_zynq_platform/zynq_fsbl ; bash -c " make -C zynq_fsbl_bsp ; make  " 
TRACE::2026-08-28.15:23:18::SCWBDomain::make: Entering directory '/home/user/Desktop/latency-aware-target-control/firmware/zynq/vitis_workspace/target_control_zynq_pla
TRACE::2026-08-28.15:23:18::SCWBDomain::tform/zynq_fsbl/zynq_fsbl_bsp'

TRACE::2026-08-28.15:23:18::SCWBDomain::make --no-print-directory seq_libs

TRACE::2026-08-28.15:23:18::SCWBDomain::Running Make include in ps7_cortexa9_0/libsrc/coresightps_dcc_v1_8/src

TRACE::2026-08-28.15:23:18::SCWBDomain::make -C ps7_cortexa9_0/libsrc/coresightps_dcc_v1_8/src -s include  "SHELL=/bin/sh" "COMPILER=arm-none-eabi-gcc" "ASSEMBLER=arm-
TRACE::2026-08-28.15:23:18::SCWBDomain::none-eabi-as" "ARCHIVER=arm-none-eabi-ar" "COMPILER_FLAGS=  -O2 -c" "EXTRA_COMPILER_FLAGS=-mcpu=cortex-a9 -mfpu=vfpv3 -mfloat-a
TRACE::2026-08-28.15:23:18::SCWBDomain::bi=hard -nostartfiles -g -Wall -Wextra -fno-tree-loop-distribute-patterns"

TRACE::2026-08-28.15:23:18::SCWBDomain::Running Make include in ps7_cortexa9_0/libsrc/cpu_cortexa9_v2_11/src

TRACE::2026-08-28.15:23:18::SCWBDomain::make -C ps7_cortexa9_0/libsrc/cpu_cortexa9_v2_11/src -s include  "SHELL=/bin/sh" "COMPILER=arm-none-eabi-gcc" "ASSEMBLER=arm-no
TRACE::2026-08-28.15:23:18::SCWBDomain::ne-eabi-as" "ARCHIVER=arm-none-eabi-ar" "COMPILER_FLAGS=  -O2 -c" "EXTRA_COMPILER_FLAGS=-mcpu=cortex-a9 -mfpu=vfpv3 -mfloat-abi
TRACE::2026-08-28.15:23:18::SCWBDomain::=hard -nostartfiles -g -Wall -Wextra -fno-tree-loop-distribute-patterns"

TRACE::2026-08-28.15:23:18::SCWBDomain::Running Make include in ps7_cortexa9_0/libsrc/ddrps_v1_2/src

TRACE::2026-08-28.15:23:18::SCWBDomain::make -C ps7_cortexa9_0/libsrc/ddrps_v1_2/src -s include  "SHELL=/bin/sh" "COMPILER=arm-none-eabi-gcc" "ASSEMBLER=arm-none-eabi-
TRACE::2026-08-28.15:23:18::SCWBDomain::as" "ARCHIVER=arm-none-eabi-ar" "COMPILER_FLAGS=  -O2 -c" "EXTRA_COMPILER_FLAGS=-mcpu=cortex-a9 -mfpu=vfpv3 -mfloat-abi=hard -n
TRACE::2026-08-28.15:23:18::SCWBDomain::ostartfiles -g -Wall -Wextra -fno-tree-loop-distribute-patterns"

TRACE::2026-08-28.15:23:18::SCWBDomain::Running Make include in ps7_cortexa9_0/libsrc/devcfg_v3_7/src

TRACE::2026-08-28.15:23:18::SCWBDomain::make -C ps7_cortexa9_0/libsrc/devcfg_v3_7/src -s include  "SHELL=/bin/sh" "COMPILER=arm-none-eabi-gcc" "ASSEMBLER=arm-none-eabi
TRACE::2026-08-28.15:23:18::SCWBDomain::-as" "ARCHIVER=arm-none-eabi-ar" "COMPILER_FLAGS=  -O2 -c" "EXTRA_COMPILER_FLAGS=-mcpu=cortex-a9 -mfpu=vfpv3 -mfloat-abi=hard -
TRACE::2026-08-28.15:23:18::SCWBDomain::nostartfiles -g -Wall -Wextra -fno-tree-loop-distribute-patterns"

TRACE::2026-08-28.15:23:18::SCWBDomain::Running Make include in ps7_cortexa9_0/libsrc/dmaps_v2_8/src

TRACE::2026-08-28.15:23:18::SCWBDomain::make -C ps7_cortexa9_0/libsrc/dmaps_v2_8/src -s include  "SHELL=/bin/sh" "COMPILER=arm-none-eabi-gcc" "ASSEMBLER=arm-none-eabi-
TRACE::2026-08-28.15:23:18::SCWBDomain::as" "ARCHIVER=arm-none-eabi-ar" "COMPILER_FLAGS=  -O2 -c" "EXTRA_COMPILER_FLAGS=-mcpu=cortex-a9 -mfpu=vfpv3 -mfloat-abi=hard -n
TRACE::2026-08-28.15:23:18::SCWBDomain::ostartfiles -g -Wall -Wextra -fno-tree-loop-distribute-patterns"

TRACE::2026-08-28.15:23:18::SCWBDomain::Running Make include in ps7_cortexa9_0/libsrc/emacps_v3_16/src

TRACE::2026-08-28.15:23:18::SCWBDomain::make -C ps7_cortexa9_0/libsrc/emacps_v3_16/src -s include  "SHELL=/bin/sh" "COMPILER=arm-none-eabi-gcc" "ASSEMBLER=arm-none-eab
TRACE::2026-08-28.15:23:18::SCWBDomain::i-as" "ARCHIVER=arm-none-eabi-ar" "COMPILER_FLAGS=  -O2 -c" "EXTRA_COMPILER_FLAGS=-mcpu=cortex-a9 -mfpu=vfpv3 -mfloat-abi=hard 
TRACE::2026-08-28.15:23:18::SCWBDomain::-nostartfiles -g -Wall -Wextra -fno-tree-loop-distribute-patterns"

TRACE::2026-08-28.15:23:18::SCWBDomain::Running Make include in ps7_cortexa9_0/libsrc/gpiops_v3_9/src

TRACE::2026-08-28.15:23:18::SCWBDomain::make -C ps7_cortexa9_0/libsrc/gpiops_v3_9/src -s include  "SHELL=/bin/sh" "COMPILER=arm-none-eabi-gcc" "ASSEMBLER=arm-none-eabi
TRACE::2026-08-28.15:23:18::SCWBDomain::-as" "ARCHIVER=arm-none-eabi-ar" "COMPILER_FLAGS=  -O2 -c" "EXTRA_COMPILER_FLAGS=-mcpu=cortex-a9 -mfpu=vfpv3 -mfloat-abi=hard -
TRACE::2026-08-28.15:23:18::SCWBDomain::nostartfiles -g -Wall -Wextra -fno-tree-loop-distribute-patterns"

TRACE::2026-08-28.15:23:18::SCWBDomain::Running Make include in ps7_cortexa9_0/libsrc/qspips_v3_9/src

TRACE::2026-08-28.15:23:18::SCWBDomain::make -C ps7_cortexa9_0/libsrc/qspips_v3_9/src -s include  "SHELL=/bin/sh" "COMPILER=arm-none-eabi-gcc" "ASSEMBLER=arm-none-eabi
TRACE::2026-08-28.15:23:18::SCWBDomain::-as" "ARCHIVER=arm-none-eabi-ar" "COMPILER_FLAGS=  -O2 -c" "EXTRA_COMPILER_FLAGS=-mcpu=cortex-a9 -mfpu=vfpv3 -mfloat-abi=hard -
TRACE::2026-08-28.15:23:18::SCWBDomain::nostartfiles -g -Wall -Wextra -fno-tree-loop-distribute-patterns"

TRACE::2026-08-28.15:23:18::SCWBDomain::Running Make include in ps7_cortexa9_0/libsrc/scugic_v4_7/src

TRACE::2026-08-28.15:23:18::SCWBDomain::make -C ps7_cortexa9_0/libsrc/scugic_v4_7/src -s include  "SHELL=/bin/sh" "COMPILER=arm-none-eabi-gcc" "ASSEMBLER=arm-none-eabi
TRACE::2026-08-28.15:23:18::SCWBDomain::-as" "ARCHIVER=arm-none-eabi-ar" "COMPILER_FLAGS=  -O2 -c" "EXTRA_COMPILER_FLAGS=-mcpu=cortex-a9 -mfpu=vfpv3 -mfloat-abi=hard -
TRACE::2026-08-28.15:23:18::SCWBDomain::nostartfiles -g -Wall -Wextra -fno-tree-loop-distribute-patterns"

TRACE::2026-08-28.15:23:18::SCWBDomain::Running Make include in ps7_cortexa9_0/libsrc/scutimer_v2_4/src

TRACE::2026-08-28.15:23:18::SCWBDomain::make -C ps7_cortexa9_0/libsrc/scutimer_v2_4/src -s include  "SHELL=/bin/sh" "COMPILER=arm-none-eabi-gcc" "ASSEMBLER=arm-none-ea
TRACE::2026-08-28.15:23:18::SCWBDomain::bi-as" "ARCHIVER=arm-none-eabi-ar" "COMPILER_FLAGS=  -O2 -c" "EXTRA_COMPILER_FLAGS=-mcpu=cortex-a9 -mfpu=vfpv3 -mfloat-abi=hard
TRACE::2026-08-28.15:23:18::SCWBDomain:: -nostartfiles -g -Wall -Wextra -fno-tree-loop-distribute-patterns"

TRACE::2026-08-28.15:23:18::SCWBDomain::Running Make include in ps7_cortexa9_0/libsrc/scuwdt_v2_4/src

TRACE::2026-08-28.15:23:18::SCWBDomain::make -C ps7_cortexa9_0/libsrc/scuwdt_v2_4/src -s include  "SHELL=/bin/sh" "COMPILER=arm-none-eabi-gcc" "ASSEMBLER=arm-none-eabi
TRACE::2026-08-28.15:23:18::SCWBDomain::-as" "ARCHIVER=arm-none-eabi-ar" "COMPILER_FLAGS=  -O2 -c" "EXTRA_COMPILER_FLAGS=-mcpu=cortex-a9 -mfpu=vfpv3 -mfloat-abi=hard -
TRACE::2026-08-28.15:23:18::SCWBDomain::nostartfiles -g -Wall -Wextra -fno-tree-loop-distribute-patterns"

TRACE::2026-08-28.15:23:18::SCWBDomain::Running Make include in ps7_cortexa9_0/libsrc/sdps_v3_14/src

TRACE::2026-08-28.15:23:18::SCWBDomain::make -C ps7_cortexa9_0/libsrc/sdps_v3_14/src -s include  "SHELL=/bin/sh" "COMPILER=arm-none-eabi-gcc" "ASSEMBLER=arm-none-eabi-
TRACE::2026-08-28.15:23:18::SCWBDomain::as" "ARCHIVER=arm-none-eabi-ar" "COMPILER_FLAGS=  -O2 -c" "EXTRA_COMPILER_FLAGS=-mcpu=cortex-a9 -mfpu=vfpv3 -mfloat-abi=hard -n
TRACE::2026-08-28.15:23:18::SCWBDomain::ostartfiles -g -Wall -Wextra -fno-tree-loop-distribute-patterns"

TRACE::2026-08-28.15:23:18::SCWBDomain::Running Make include in ps7_cortexa9_0/libsrc/standalone_v7_7/src

TRACE::2026-08-28.15:23:18::SCWBDomain::make -C ps7_cortexa9_0/libsrc/standalone_v7_7/src -s include  "SHELL=/bin/sh" "COMPILER=arm-none-eabi-gcc" "ASSEMBLER=arm-none-
TRACE::2026-08-28.15:23:18::SCWBDomain::eabi-as" "ARCHIVER=arm-none-eabi-ar" "COMPILER_FLAGS=  -O2 -c" "EXTRA_COMPILER_FLAGS=-mcpu=cortex-a9 -mfpu=vfpv3 -mfloat-abi=ha
TRACE::2026-08-28.15:23:18::SCWBDomain::rd -nostartfiles -g -Wall -Wextra -fno-tree-loop-distribute-patterns"

TRACE::2026-08-28.15:23:18::SCWBDomain::Running Make include in ps7_cortexa9_0/libsrc/uartps_v3_11/src

TRACE::2026-08-28.15:23:18::SCWBDomain::make -C ps7_cortexa9_0/libsrc/uartps_v3_11/src -s include  "SHELL=/bin/sh" "COMPILER=arm-none-eabi-gcc" "ASSEMBLER=arm-none-eab
TRACE::2026-08-28.15:23:18::SCWBDomain::i-as" "ARCHIVER=arm-none-eabi-ar" "COMPILER_FLAGS=  -O2 -c" "EXTRA_COMPILER_FLAGS=-mcpu=cortex-a9 -mfpu=vfpv3 -mfloat-abi=hard 
TRACE::2026-08-28.15:23:18::SCWBDomain::-nostartfiles -g -Wall -Wextra -fno-tree-loop-distribute-patterns"

TRACE::2026-08-28.15:23:18::SCWBDomain::Running Make include in ps7_cortexa9_0/libsrc/usbps_v2_7/src

TRACE::2026-08-28.15:23:18::SCWBDomain::make -C ps7_cortexa9_0/libsrc/usbps_v2_7/src -s include  "SHELL=/bin/sh" "COMPILER=arm-none-eabi-gcc" "ASSEMBLER=arm-none-eabi-
TRACE::2026-08-28.15:23:18::SCWBDomain::as" "ARCHIVER=arm-none-eabi-ar" "COMPILER_FLAGS=  -O2 -c" "EXTRA_COMPILER_FLAGS=-mcpu=cortex-a9 -mfpu=vfpv3 -mfloat-abi=hard -n
TRACE::2026-08-28.15:23:18::SCWBDomain::ostartfiles -g -Wall -Wextra -fno-tree-loop-distribute-patterns"

TRACE::2026-08-28.15:23:18::SCWBDomain::Running Make include in ps7_cortexa9_0/libsrc/xadcps_v2_6/src

TRACE::2026-08-28.15:23:18::SCWBDomain::make -C ps7_cortexa9_0/libsrc/xadcps_v2_6/src -s include  "SHELL=/bin/sh" "COMPILER=arm-none-eabi-gcc" "ASSEMBLER=arm-none-eabi
TRACE::2026-08-28.15:23:18::SCWBDomain::-as" "ARCHIVER=arm-none-eabi-ar" "COMPILER_FLAGS=  -O2 -c" "EXTRA_COMPILER_FLAGS=-mcpu=cortex-a9 -mfpu=vfpv3 -mfloat-abi=hard -
TRACE::2026-08-28.15:23:18::SCWBDomain::nostartfiles -g -Wall -Wextra -fno-tree-loop-distribute-patterns"

TRACE::2026-08-28.15:23:18::SCWBDomain::Running Make include in ps7_cortexa9_0/libsrc/xilffs_v4_7/src

TRACE::2026-08-28.15:23:18::SCWBDomain::make -C ps7_cortexa9_0/libsrc/xilffs_v4_7/src -s include  "SHELL=/bin/sh" "COMPILER=arm-none-eabi-gcc" "ASSEMBLER=arm-none-eabi
TRACE::2026-08-28.15:23:18::SCWBDomain::-as" "ARCHIVER=arm-none-eabi-ar" "COMPILER_FLAGS=  -O2 -c" "EXTRA_COMPILER_FLAGS=-mcpu=cortex-a9 -mfpu=vfpv3 -mfloat-abi=hard -
TRACE::2026-08-28.15:23:18::SCWBDomain::nostartfiles -g -Wall -Wextra -fno-tree-loop-distribute-patterns"

TRACE::2026-08-28.15:23:18::SCWBDomain::Running Make include in ps7_cortexa9_0/libsrc/xilrsa_v1_6/src

TRACE::2026-08-28.15:23:18::SCWBDomain::make -C ps7_cortexa9_0/libsrc/xilrsa_v1_6/src -s include  "SHELL=/bin/sh" "COMPILER=arm-none-eabi-gcc" "ASSEMBLER=arm-none-eabi
TRACE::2026-08-28.15:23:18::SCWBDomain::-as" "ARCHIVER=arm-none-eabi-ar" "COMPILER_FLAGS=  -O2 -c" "EXTRA_COMPILER_FLAGS=-mcpu=cortex-a9 -mfpu=vfpv3 -mfloat-abi=hard -
TRACE::2026-08-28.15:23:18::SCWBDomain::nostartfiles -g -Wall -Wextra -fno-tree-loop-distribute-patterns"

TRACE::2026-08-28.15:23:18::SCWBDomain::Running Make libs in ps7_cortexa9_0/libsrc/xilrsa_v1_6/src

TRACE::2026-08-28.15:23:18::SCWBDomain::make -C ps7_cortexa9_0/libsrc/xilrsa_v1_6/src -s libs  "SHELL=/bin/sh" "COMPILER=arm-none-eabi-gcc" "ASSEMBLER=arm-none-eabi-as
TRACE::2026-08-28.15:23:18::SCWBDomain::" "ARCHIVER=arm-none-eabi-ar" "COMPILER_FLAGS=  -O2 -c" "EXTRA_COMPILER_FLAGS=-mcpu=cortex-a9 -mfpu=vfpv3 -mfloat-abi=hard -nos
TRACE::2026-08-28.15:23:18::SCWBDomain::tartfiles -g -Wall -Wextra -fno-tree-loop-distribute-patterns"

TRACE::2026-08-28.15:23:18::SCWBDomain::Finished building libraries sequentially.

TRACE::2026-08-28.15:23:18::SCWBDomain::make -j 2 --no-print-directory par_libs

TRACE::2026-08-28.15:23:18::SCWBDomain::Running Make include in ps7_cortexa9_0/libsrc/coresightps_dcc_v1_8/src

TRACE::2026-08-28.15:23:18::SCWBDomain::make -C ps7_cortexa9_0/libsrc/coresightps_dcc_v1_8/src -s include  "SHELL=/bin/sh" "COMPILER=arm-none-eabi-gcc" "ASSEMBLER=arm-
TRACE::2026-08-28.15:23:18::SCWBDomain::none-eabi-as" "ARCHIVER=arm-none-eabi-ar" "COMPILER_FLAGS=  -O2 -c" "EXTRA_COMPILER_FLAGS=-mcpu=cortex-a9 -mfpu=vfpv3 -mfloat-a
TRACE::2026-08-28.15:23:18::SCWBDomain::bi=hard -nostartfiles -g -Wall -Wextra -fno-tree-loop-distribute-patterns"

TRACE::2026-08-28.15:23:18::SCWBDomain::Running Make include in ps7_cortexa9_0/libsrc/cpu_cortexa9_v2_11/src

TRACE::2026-08-28.15:23:18::SCWBDomain::make -C ps7_cortexa9_0/libsrc/cpu_cortexa9_v2_11/src -s include  "SHELL=/bin/sh" "COMPILER=arm-none-eabi-gcc" "ASSEMBLER=arm-no
TRACE::2026-08-28.15:23:18::SCWBDomain::ne-eabi-as" "ARCHIVER=arm-none-eabi-ar" "COMPILER_FLAGS=  -O2 -c" "EXTRA_COMPILER_FLAGS=-mcpu=cortex-a9 -mfpu=vfpv3 -mfloat-abi
TRACE::2026-08-28.15:23:18::SCWBDomain::=hard -nostartfiles -g -Wall -Wextra -fno-tree-loop-distribute-patterns"

TRACE::2026-08-28.15:23:18::SCWBDomain::Running Make include in ps7_cortexa9_0/libsrc/devcfg_v3_7/src

TRACE::2026-08-28.15:23:18::SCWBDomain::make -C ps7_cortexa9_0/libsrc/devcfg_v3_7/src -s include  "SHELL=/bin/sh" "COMPILER=arm-none-eabi-gcc" "ASSEMBLER=arm-none-eabi
TRACE::2026-08-28.15:23:18::SCWBDomain::-as" "ARCHIVER=arm-none-eabi-ar" "COMPILER_FLAGS=  -O2 -c" "EXTRA_COMPILER_FLAGS=-mcpu=cortex-a9 -mfpu=vfpv3 -mfloat-abi=hard -
TRACE::2026-08-28.15:23:18::SCWBDomain::nostartfiles -g -Wall -Wextra -fno-tree-loop-distribute-patterns"

TRACE::2026-08-28.15:23:18::SCWBDomain::Running Make include in ps7_cortexa9_0/libsrc/ddrps_v1_2/src

TRACE::2026-08-28.15:23:18::SCWBDomain::make -C ps7_cortexa9_0/libsrc/ddrps_v1_2/src -s include  "SHELL=/bin/sh" "COMPILER=arm-none-eabi-gcc" "ASSEMBLER=arm-none-eabi-
TRACE::2026-08-28.15:23:18::SCWBDomain::as" "ARCHIVER=arm-none-eabi-ar" "COMPILER_FLAGS=  -O2 -c" "EXTRA_COMPILER_FLAGS=-mcpu=cortex-a9 -mfpu=vfpv3 -mfloat-abi=hard -n
TRACE::2026-08-28.15:23:18::SCWBDomain::ostartfiles -g -Wall -Wextra -fno-tree-loop-distribute-patterns"

TRACE::2026-08-28.15:23:18::SCWBDomain::Running Make include in ps7_cortexa9_0/libsrc/dmaps_v2_8/src

TRACE::2026-08-28.15:23:18::SCWBDomain::make -C ps7_cortexa9_0/libsrc/dmaps_v2_8/src -s include  "SHELL=/bin/sh" "COMPILER=arm-none-eabi-gcc" "ASSEMBLER=arm-none-eabi-
TRACE::2026-08-28.15:23:18::SCWBDomain::as" "ARCHIVER=arm-none-eabi-ar" "COMPILER_FLAGS=  -O2 -c" "EXTRA_COMPILER_FLAGS=-mcpu=cortex-a9 -mfpu=vfpv3 -mfloat-abi=hard -n
TRACE::2026-08-28.15:23:18::SCWBDomain::ostartfiles -g -Wall -Wextra -fno-tree-loop-distribute-patterns"

TRACE::2026-08-28.15:23:18::SCWBDomain::Running Make include in ps7_cortexa9_0/libsrc/emacps_v3_16/src

TRACE::2026-08-28.15:23:18::SCWBDomain::make -C ps7_cortexa9_0/libsrc/emacps_v3_16/src -s include  "SHELL=/bin/sh" "COMPILER=arm-none-eabi-gcc" "ASSEMBLER=arm-none-eab
TRACE::2026-08-28.15:23:18::SCWBDomain::i-as" "ARCHIVER=arm-none-eabi-ar" "COMPILER_FLAGS=  -O2 -c" "EXTRA_COMPILER_FLAGS=-mcpu=cortex-a9 -mfpu=vfpv3 -mfloat-abi=hard 
TRACE::2026-08-28.15:23:18::SCWBDomain::-nostartfiles -g -Wall -Wextra -fno-tree-loop-distribute-patterns"

TRACE::2026-08-28.15:23:18::SCWBDomain::Running Make include in ps7_cortexa9_0/libsrc/qspips_v3_9/src

TRACE::2026-08-28.15:23:18::SCWBDomain::make -C ps7_cortexa9_0/libsrc/qspips_v3_9/src -s include  "SHELL=/bin/sh" "COMPILER=arm-none-eabi-gcc" "ASSEMBLER=arm-none-eabi
TRACE::2026-08-28.15:23:18::SCWBDomain::-as" "ARCHIVER=arm-none-eabi-ar" "COMPILER_FLAGS=  -O2 -c" "EXTRA_COMPILER_FLAGS=-mcpu=cortex-a9 -mfpu=vfpv3 -mfloat-abi=hard -
TRACE::2026-08-28.15:23:18::SCWBDomain::nostartfiles -g -Wall -Wextra -fno-tree-loop-distribute-patterns"

TRACE::2026-08-28.15:23:18::SCWBDomain::Running Make include in ps7_cortexa9_0/libsrc/gpiops_v3_9/src

TRACE::2026-08-28.15:23:18::SCWBDomain::make -C ps7_cortexa9_0/libsrc/gpiops_v3_9/src -s include  "SHELL=/bin/sh" "COMPILER=arm-none-eabi-gcc" "ASSEMBLER=arm-none-eabi
TRACE::2026-08-28.15:23:18::SCWBDomain::-as" "ARCHIVER=arm-none-eabi-ar" "COMPILER_FLAGS=  -O2 -c" "EXTRA_COMPILER_FLAGS=-mcpu=cortex-a9 -mfpu=vfpv3 -mfloat-abi=hard -
TRACE::2026-08-28.15:23:18::SCWBDomain::nostartfiles -g -Wall -Wextra -fno-tree-loop-distribute-patterns"

TRACE::2026-08-28.15:23:18::SCWBDomain::Running Make include in ps7_cortexa9_0/libsrc/scugic_v4_7/src

TRACE::2026-08-28.15:23:18::SCWBDomain::make -C ps7_cortexa9_0/libsrc/scugic_v4_7/src -s include  "SHELL=/bin/sh" "COMPILER=arm-none-eabi-gcc" "ASSEMBLER=arm-none-eabi
TRACE::2026-08-28.15:23:18::SCWBDomain::-as" "ARCHIVER=arm-none-eabi-ar" "COMPILER_FLAGS=  -O2 -c" "EXTRA_COMPILER_FLAGS=-mcpu=cortex-a9 -mfpu=vfpv3 -mfloat-abi=hard -
TRACE::2026-08-28.15:23:18::SCWBDomain::nostartfiles -g -Wall -Wextra -fno-tree-loop-distribute-patterns"

TRACE::2026-08-28.15:23:18::SCWBDomain::Running Make include in ps7_cortexa9_0/libsrc/scutimer_v2_4/src

TRACE::2026-08-28.15:23:18::SCWBDomain::make -C ps7_cortexa9_0/libsrc/scutimer_v2_4/src -s include  "SHELL=/bin/sh" "COMPILER=arm-none-eabi-gcc" "ASSEMBLER=arm-none-ea
TRACE::2026-08-28.15:23:18::SCWBDomain::bi-as" "ARCHIVER=arm-none-eabi-ar" "COMPILER_FLAGS=  -O2 -c" "EXTRA_COMPILER_FLAGS=-mcpu=cortex-a9 -mfpu=vfpv3 -mfloat-abi=hard
TRACE::2026-08-28.15:23:18::SCWBDomain:: -nostartfiles -g -Wall -Wextra -fno-tree-loop-distribute-patterns"

TRACE::2026-08-28.15:23:18::SCWBDomain::Running Make include in ps7_cortexa9_0/libsrc/scuwdt_v2_4/src

TRACE::2026-08-28.15:23:18::SCWBDomain::make -C ps7_cortexa9_0/libsrc/scuwdt_v2_4/src -s include  "SHELL=/bin/sh" "COMPILER=arm-none-eabi-gcc" "ASSEMBLER=arm-none-eabi
TRACE::2026-08-28.15:23:18::SCWBDomain::-as" "ARCHIVER=arm-none-eabi-ar" "COMPILER_FLAGS=  -O2 -c" "EXTRA_COMPILER_FLAGS=-mcpu=cortex-a9 -mfpu=vfpv3 -mfloat-abi=hard -
TRACE::2026-08-28.15:23:18::SCWBDomain::nostartfiles -g -Wall -Wextra -fno-tree-loop-distribute-patterns"

TRACE::2026-08-28.15:23:18::SCWBDomain::Running Make include in ps7_cortexa9_0/libsrc/sdps_v3_14/src

TRACE::2026-08-28.15:23:18::SCWBDomain::make -C ps7_cortexa9_0/libsrc/sdps_v3_14/src -s include  "SHELL=/bin/sh" "COMPILER=arm-none-eabi-gcc" "ASSEMBLER=arm-none-eabi-
TRACE::2026-08-28.15:23:18::SCWBDomain::as" "ARCHIVER=arm-none-eabi-ar" "COMPILER_FLAGS=  -O2 -c" "EXTRA_COMPILER_FLAGS=-mcpu=cortex-a9 -mfpu=vfpv3 -mfloat-abi=hard -n
TRACE::2026-08-28.15:23:18::SCWBDomain::ostartfiles -g -Wall -Wextra -fno-tree-loop-distribute-patterns"

TRACE::2026-08-28.15:23:18::SCWBDomain::Running Make include in ps7_cortexa9_0/libsrc/standalone_v7_7/src

TRACE::2026-08-28.15:23:18::SCWBDomain::make -C ps7_cortexa9_0/libsrc/standalone_v7_7/src -s include  "SHELL=/bin/sh" "COMPILER=arm-none-eabi-gcc" "ASSEMBLER=arm-none-
TRACE::2026-08-28.15:23:18::SCWBDomain::eabi-as" "ARCHIVER=arm-none-eabi-ar" "COMPILER_FLAGS=  -O2 -c" "EXTRA_COMPILER_FLAGS=-mcpu=cortex-a9 -mfpu=vfpv3 -mfloat-abi=ha
TRACE::2026-08-28.15:23:18::SCWBDomain::rd -nostartfiles -g -Wall -Wextra -fno-tree-loop-distribute-patterns"

TRACE::2026-08-28.15:23:18::SCWBDomain::Running Make include in ps7_cortexa9_0/libsrc/uartps_v3_11/src

TRACE::2026-08-28.15:23:18::SCWBDomain::make -C ps7_cortexa9_0/libsrc/uartps_v3_11/src -s include  "SHELL=/bin/sh" "COMPILER=arm-none-eabi-gcc" "ASSEMBLER=arm-none-eab
TRACE::2026-08-28.15:23:18::SCWBDomain::i-as" "ARCHIVER=arm-none-eabi-ar" "COMPILER_FLAGS=  -O2 -c" "EXTRA_COMPILER_FLAGS=-mcpu=cortex-a9 -mfpu=vfpv3 -mfloat-abi=hard 
TRACE::2026-08-28.15:23:18::SCWBDomain::-nostartfiles -g -Wall -Wextra -fno-tree-loop-distribute-patterns"

TRACE::2026-08-28.15:23:18::SCWBDomain::Running Make include in ps7_cortexa9_0/libsrc/usbps_v2_7/src

TRACE::2026-08-28.15:23:18::SCWBDomain::make -C ps7_cortexa9_0/libsrc/usbps_v2_7/src -s include  "SHELL=/bin/sh" "COMPILER=arm-none-eabi-gcc" "ASSEMBLER=arm-none-eabi-
TRACE::2026-08-28.15:23:18::SCWBDomain::as" "ARCHIVER=arm-none-eabi-ar" "COMPILER_FLAGS=  -O2 -c" "EXTRA_COMPILER_FLAGS=-mcpu=cortex-a9 -mfpu=vfpv3 -mfloat-abi=hard -n
TRACE::2026-08-28.15:23:18::SCWBDomain::ostartfiles -g -Wall -Wextra -fno-tree-loop-distribute-patterns"

TRACE::2026-08-28.15:23:18::SCWBDomain::Running Make include in ps7_cortexa9_0/libsrc/xadcps_v2_6/src

TRACE::2026-08-28.15:23:18::SCWBDomain::make -C ps7_cortexa9_0/libsrc/xadcps_v2_6/src -s include  "SHELL=/bin/sh" "COMPILER=arm-none-eabi-gcc" "ASSEMBLER=arm-none-eabi
TRACE::2026-08-28.15:23:18::SCWBDomain::-as" "ARCHIVER=arm-none-eabi-ar" "COMPILER_FLAGS=  -O2 -c" "EXTRA_COMPILER_FLAGS=-mcpu=cortex-a9 -mfpu=vfpv3 -mfloat-abi=hard -
TRACE::2026-08-28.15:23:18::SCWBDomain::nostartfiles -g -Wall -Wextra -fno-tree-loop-distribute-patterns"

TRACE::2026-08-28.15:23:18::SCWBDomain::Running Make include in ps7_cortexa9_0/libsrc/xilffs_v4_7/src

TRACE::2026-08-28.15:23:18::SCWBDomain::make -C ps7_cortexa9_0/libsrc/xilffs_v4_7/src -s include  "SHELL=/bin/sh" "COMPILER=arm-none-eabi-gcc" "ASSEMBLER=arm-none-eabi
TRACE::2026-08-28.15:23:18::SCWBDomain::-as" "ARCHIVER=arm-none-eabi-ar" "COMPILER_FLAGS=  -O2 -c" "EXTRA_COMPILER_FLAGS=-mcpu=cortex-a9 -mfpu=vfpv3 -mfloat-abi=hard -
TRACE::2026-08-28.15:23:18::SCWBDomain::nostartfiles -g -Wall -Wextra -fno-tree-loop-distribute-patterns"

TRACE::2026-08-28.15:23:18::SCWBDomain::Running Make include in ps7_cortexa9_0/libsrc/xilrsa_v1_6/src

TRACE::2026-08-28.15:23:18::SCWBDomain::make -C ps7_cortexa9_0/libsrc/xilrsa_v1_6/src -s include  "SHELL=/bin/sh" "COMPILER=arm-none-eabi-gcc" "ASSEMBLER=arm-none-eabi
TRACE::2026-08-28.15:23:18::SCWBDomain::-as" "ARCHIVER=arm-none-eabi-ar" "COMPILER_FLAGS=  -O2 -c" "EXTRA_COMPILER_FLAGS=-mcpu=cortex-a9 -mfpu=vfpv3 -mfloat-abi=hard -
TRACE::2026-08-28.15:23:18::SCWBDomain::nostartfiles -g -Wall -Wextra -fno-tree-loop-distribute-patterns"

TRACE::2026-08-28.15:23:18::SCWBDomain::Running Make libs in ps7_cortexa9_0/libsrc/coresightps_dcc_v1_8/src

TRACE::2026-08-28.15:23:18::SCWBDomain::Running Make libs in ps7_cortexa9_0/libsrc/cpu_cortexa9_v2_11/src

TRACE::2026-08-28.15:23:18::SCWBDomain::make -C ps7_cortexa9_0/libsrc/cpu_cortexa9_v2_11/src -s libs  "SHELL=/bin/sh" "COMPILER=arm-none-eabi-gcc" "ASSEMBLER=arm-none-
TRACE::2026-08-28.15:23:18::SCWBDomain::eabi-as" "ARCHIVER=arm-none-eabi-ar" "COMPILER_FLAGS=  -O2 -c" "EXTRA_COMPILER_FLAGS=-mcpu=cortex-a9 -mfpu=vfpv3 -mfloat-abi=ha
TRACE::2026-08-28.15:23:18::SCWBDomain::rd -nostartfiles -g -Wall -Wextra -fno-tree-loop-distribute-patterns"

TRACE::2026-08-28.15:23:18::SCWBDomain::make -C ps7_cortexa9_0/libsrc/coresightps_dcc_v1_8/src -s libs  "SHELL=/bin/sh" "COMPILER=arm-none-eabi-gcc" "ASSEMBLER=arm-non
TRACE::2026-08-28.15:23:18::SCWBDomain::e-eabi-as" "ARCHIVER=arm-none-eabi-ar" "COMPILER_FLAGS=  -O2 -c" "EXTRA_COMPILER_FLAGS=-mcpu=cortex-a9 -mfpu=vfpv3 -mfloat-abi=
TRACE::2026-08-28.15:23:18::SCWBDomain::hard -nostartfiles -g -Wall -Wextra -fno-tree-loop-distribute-patterns"

TRACE::2026-08-28.15:23:18::SCWBDomain::Running Make libs in ps7_cortexa9_0/libsrc/ddrps_v1_2/src

TRACE::2026-08-28.15:23:18::SCWBDomain::make -C ps7_cortexa9_0/libsrc/ddrps_v1_2/src -s libs  "SHELL=/bin/sh" "COMPILER=arm-none-eabi-gcc" "ASSEMBLER=arm-none-eabi-as"
TRACE::2026-08-28.15:23:18::SCWBDomain:: "ARCHIVER=arm-none-eabi-ar" "COMPILER_FLAGS=  -O2 -c" "EXTRA_COMPILER_FLAGS=-mcpu=cortex-a9 -mfpu=vfpv3 -mfloat-abi=hard -nost
TRACE::2026-08-28.15:23:18::SCWBDomain::artfiles -g -Wall -Wextra -fno-tree-loop-distribute-patterns"

TRACE::2026-08-28.15:23:18::SCWBDomain::Running Make libs in ps7_cortexa9_0/libsrc/devcfg_v3_7/src

TRACE::2026-08-28.15:23:18::SCWBDomain::make -C ps7_cortexa9_0/libsrc/devcfg_v3_7/src -s libs  "SHELL=/bin/sh" "COMPILER=arm-none-eabi-gcc" "ASSEMBLER=arm-none-eabi-as
TRACE::2026-08-28.15:23:18::SCWBDomain::" "ARCHIVER=arm-none-eabi-ar" "COMPILER_FLAGS=  -O2 -c" "EXTRA_COMPILER_FLAGS=-mcpu=cortex-a9 -mfpu=vfpv3 -mfloat-abi=hard -nos
TRACE::2026-08-28.15:23:18::SCWBDomain::tartfiles -g -Wall -Wextra -fno-tree-loop-distribute-patterns"

TRACE::2026-08-28.15:23:19::SCWBDomain::Running Make libs in ps7_cortexa9_0/libsrc/dmaps_v2_8/src

TRACE::2026-08-28.15:23:19::SCWBDomain::make -C ps7_cortexa9_0/libsrc/dmaps_v2_8/src -s libs  "SHELL=/bin/sh" "COMPILER=arm-none-eabi-gcc" "ASSEMBLER=arm-none-eabi-as"
TRACE::2026-08-28.15:23:19::SCWBDomain:: "ARCHIVER=arm-none-eabi-ar" "COMPILER_FLAGS=  -O2 -c" "EXTRA_COMPILER_FLAGS=-mcpu=cortex-a9 -mfpu=vfpv3 -mfloat-abi=hard -nost
TRACE::2026-08-28.15:23:19::SCWBDomain::artfiles -g -Wall -Wextra -fno-tree-loop-distribute-patterns"

TRACE::2026-08-28.15:23:19::SCWBDomain::Running Make libs in ps7_cortexa9_0/libsrc/emacps_v3_16/src

TRACE::2026-08-28.15:23:19::SCWBDomain::make -C ps7_cortexa9_0/libsrc/emacps_v3_16/src -s libs  "SHELL=/bin/sh" "COMPILER=arm-none-eabi-gcc" "ASSEMBLER=arm-none-eabi-a
TRACE::2026-08-28.15:23:19::SCWBDomain::s" "ARCHIVER=arm-none-eabi-ar" "COMPILER_FLAGS=  -O2 -c" "EXTRA_COMPILER_FLAGS=-mcpu=cortex-a9 -mfpu=vfpv3 -mfloat-abi=hard -no
TRACE::2026-08-28.15:23:19::SCWBDomain::startfiles -g -Wall -Wextra -fno-tree-loop-distribute-patterns"

TRACE::2026-08-28.15:23:19::SCWBDomain::Running Make libs in ps7_cortexa9_0/libsrc/gpiops_v3_9/src

TRACE::2026-08-28.15:23:19::SCWBDomain::make -C ps7_cortexa9_0/libsrc/gpiops_v3_9/src -s libs  "SHELL=/bin/sh" "COMPILER=arm-none-eabi-gcc" "ASSEMBLER=arm-none-eabi-as
TRACE::2026-08-28.15:23:19::SCWBDomain::" "ARCHIVER=arm-none-eabi-ar" "COMPILER_FLAGS=  -O2 -c" "EXTRA_COMPILER_FLAGS=-mcpu=cortex-a9 -mfpu=vfpv3 -mfloat-abi=hard -nos
TRACE::2026-08-28.15:23:19::SCWBDomain::tartfiles -g -Wall -Wextra -fno-tree-loop-distribute-patterns"

TRACE::2026-08-28.15:23:20::SCWBDomain::Running Make libs in ps7_cortexa9_0/libsrc/qspips_v3_9/src

TRACE::2026-08-28.15:23:20::SCWBDomain::make -C ps7_cortexa9_0/libsrc/qspips_v3_9/src -s libs  "SHELL=/bin/sh" "COMPILER=arm-none-eabi-gcc" "ASSEMBLER=arm-none-eabi-as
TRACE::2026-08-28.15:23:20::SCWBDomain::" "ARCHIVER=arm-none-eabi-ar" "COMPILER_FLAGS=  -O2 -c" "EXTRA_COMPILER_FLAGS=-mcpu=cortex-a9 -mfpu=vfpv3 -mfloat-abi=hard -nos
TRACE::2026-08-28.15:23:20::SCWBDomain::tartfiles -g -Wall -Wextra -fno-tree-loop-distribute-patterns"

TRACE::2026-08-28.15:23:20::SCWBDomain::Running Make libs in ps7_cortexa9_0/libsrc/scugic_v4_7/src

TRACE::2026-08-28.15:23:20::SCWBDomain::make -C ps7_cortexa9_0/libsrc/scugic_v4_7/src -s libs  "SHELL=/bin/sh" "COMPILER=arm-none-eabi-gcc" "ASSEMBLER=arm-none-eabi-as
TRACE::2026-08-28.15:23:20::SCWBDomain::" "ARCHIVER=arm-none-eabi-ar" "COMPILER_FLAGS=  -O2 -c" "EXTRA_COMPILER_FLAGS=-mcpu=cortex-a9 -mfpu=vfpv3 -mfloat-abi=hard -nos
TRACE::2026-08-28.15:23:20::SCWBDomain::tartfiles -g -Wall -Wextra -fno-tree-loop-distribute-patterns"

TRACE::2026-08-28.15:23:20::SCWBDomain::Running Make libs in ps7_cortexa9_0/libsrc/scutimer_v2_4/src

TRACE::2026-08-28.15:23:20::SCWBDomain::make -C ps7_cortexa9_0/libsrc/scutimer_v2_4/src -s libs  "SHELL=/bin/sh" "COMPILER=arm-none-eabi-gcc" "ASSEMBLER=arm-none-eabi-
TRACE::2026-08-28.15:23:20::SCWBDomain::as" "ARCHIVER=arm-none-eabi-ar" "COMPILER_FLAGS=  -O2 -c" "EXTRA_COMPILER_FLAGS=-mcpu=cortex-a9 -mfpu=vfpv3 -mfloat-abi=hard -n
TRACE::2026-08-28.15:23:20::SCWBDomain::ostartfiles -g -Wall -Wextra -fno-tree-loop-distribute-patterns"

TRACE::2026-08-28.15:23:21::SCWBDomain::Running Make libs in ps7_cortexa9_0/libsrc/scuwdt_v2_4/src

TRACE::2026-08-28.15:23:21::SCWBDomain::make -C ps7_cortexa9_0/libsrc/scuwdt_v2_4/src -s libs  "SHELL=/bin/sh" "COMPILER=arm-none-eabi-gcc" "ASSEMBLER=arm-none-eabi-as
TRACE::2026-08-28.15:23:21::SCWBDomain::" "ARCHIVER=arm-none-eabi-ar" "COMPILER_FLAGS=  -O2 -c" "EXTRA_COMPILER_FLAGS=-mcpu=cortex-a9 -mfpu=vfpv3 -mfloat-abi=hard -nos
TRACE::2026-08-28.15:23:21::SCWBDomain::tartfiles -g -Wall -Wextra -fno-tree-loop-distribute-patterns"

TRACE::2026-08-28.15:23:21::SCWBDomain::Running Make libs in ps7_cortexa9_0/libsrc/sdps_v3_14/src

TRACE::2026-08-28.15:23:21::SCWBDomain::make -C ps7_cortexa9_0/libsrc/sdps_v3_14/src -s libs  "SHELL=/bin/sh" "COMPILER=arm-none-eabi-gcc" "ASSEMBLER=arm-none-eabi-as"
TRACE::2026-08-28.15:23:21::SCWBDomain:: "ARCHIVER=arm-none-eabi-ar" "COMPILER_FLAGS=  -O2 -c" "EXTRA_COMPILER_FLAGS=-mcpu=cortex-a9 -mfpu=vfpv3 -mfloat-abi=hard -nost
TRACE::2026-08-28.15:23:21::SCWBDomain::artfiles -g -Wall -Wextra -fno-tree-loop-distribute-patterns"

TRACE::2026-08-28.15:23:21::SCWBDomain::Running Make libs in ps7_cortexa9_0/libsrc/standalone_v7_7/src

TRACE::2026-08-28.15:23:21::SCWBDomain::make -C ps7_cortexa9_0/libsrc/standalone_v7_7/src -s libs  "SHELL=/bin/sh" "COMPILER=arm-none-eabi-gcc" "ASSEMBLER=arm-none-eab
TRACE::2026-08-28.15:23:21::SCWBDomain::i-as" "ARCHIVER=arm-none-eabi-ar" "COMPILER_FLAGS=  -O2 -c" "EXTRA_COMPILER_FLAGS=-mcpu=cortex-a9 -mfpu=vfpv3 -mfloat-abi=hard 
TRACE::2026-08-28.15:23:21::SCWBDomain::-nostartfiles -g -Wall -Wextra -fno-tree-loop-distribute-patterns"

TRACE::2026-08-28.15:23:21::SCWBDomain::Running Make libs in ps7_cortexa9_0/libsrc/uartps_v3_11/src

TRACE::2026-08-28.15:23:21::SCWBDomain::make -C ps7_cortexa9_0/libsrc/uartps_v3_11/src -s libs  "SHELL=/bin/sh" "COMPILER=arm-none-eabi-gcc" "ASSEMBLER=arm-none-eabi-a
TRACE::2026-08-28.15:23:21::SCWBDomain::s" "ARCHIVER=arm-none-eabi-ar" "COMPILER_FLAGS=  -O2 -c" "EXTRA_COMPILER_FLAGS=-mcpu=cortex-a9 -mfpu=vfpv3 -mfloat-abi=hard -no
TRACE::2026-08-28.15:23:21::SCWBDomain::startfiles -g -Wall -Wextra -fno-tree-loop-distribute-patterns"

TRACE::2026-08-28.15:23:22::SCWBDomain::Running Make libs in ps7_cortexa9_0/libsrc/usbps_v2_7/src

TRACE::2026-08-28.15:23:22::SCWBDomain::make -C ps7_cortexa9_0/libsrc/usbps_v2_7/src -s libs  "SHELL=/bin/sh" "COMPILER=arm-none-eabi-gcc" "ASSEMBLER=arm-none-eabi-as"
TRACE::2026-08-28.15:23:22::SCWBDomain:: "ARCHIVER=arm-none-eabi-ar" "COMPILER_FLAGS=  -O2 -c" "EXTRA_COMPILER_FLAGS=-mcpu=cortex-a9 -mfpu=vfpv3 -mfloat-abi=hard -nost
TRACE::2026-08-28.15:23:22::SCWBDomain::artfiles -g -Wall -Wextra -fno-tree-loop-distribute-patterns"

TRACE::2026-08-28.15:23:23::SCWBDomain::Running Make libs in ps7_cortexa9_0/libsrc/xadcps_v2_6/src

TRACE::2026-08-28.15:23:23::SCWBDomain::make -C ps7_cortexa9_0/libsrc/xadcps_v2_6/src -s libs  "SHELL=/bin/sh" "COMPILER=arm-none-eabi-gcc" "ASSEMBLER=arm-none-eabi-as
TRACE::2026-08-28.15:23:23::SCWBDomain::" "ARCHIVER=arm-none-eabi-ar" "COMPILER_FLAGS=  -O2 -c" "EXTRA_COMPILER_FLAGS=-mcpu=cortex-a9 -mfpu=vfpv3 -mfloat-abi=hard -nos
TRACE::2026-08-28.15:23:23::SCWBDomain::tartfiles -g -Wall -Wextra -fno-tree-loop-distribute-patterns"

TRACE::2026-08-28.15:23:23::SCWBDomain::Running Make libs in ps7_cortexa9_0/libsrc/xilffs_v4_7/src

TRACE::2026-08-28.15:23:23::SCWBDomain::make -C ps7_cortexa9_0/libsrc/xilffs_v4_7/src -s libs  "SHELL=/bin/sh" "COMPILER=arm-none-eabi-gcc" "ASSEMBLER=arm-none-eabi-as
TRACE::2026-08-28.15:23:23::SCWBDomain::" "ARCHIVER=arm-none-eabi-ar" "COMPILER_FLAGS=  -O2 -c" "EXTRA_COMPILER_FLAGS=-mcpu=cortex-a9 -mfpu=vfpv3 -mfloat-abi=hard -nos
TRACE::2026-08-28.15:23:23::SCWBDomain::tartfiles -g -Wall -Wextra -fno-tree-loop-distribute-patterns"

TRACE::2026-08-28.15:23:24::SCWBDomain::Finished building libraries parallelly.

TRACE::2026-08-28.15:23:24::SCWBDomain::make --no-print-directory archive

TRACE::2026-08-28.15:23:24::SCWBDomain::arm-none-eabi-ar -r  ps7_cortexa9_0/lib/libxil.a ps7_cortexa9_0/lib/abort.o ps7_cortexa9_0/lib/asm_vectors.o ps7_cortexa9_0/lib
TRACE::2026-08-28.15:23:24::SCWBDomain::/boot.o ps7_cortexa9_0/lib/close.o ps7_cortexa9_0/lib/cpputest_time.o ps7_cortexa9_0/lib/cpu_init.o ps7_cortexa9_0/lib/errno.o 
TRACE::2026-08-28.15:23:24::SCWBDomain::ps7_cortexa9_0/lib/_exit.o ps7_cortexa9_0/lib/fcntl.o ps7_cortexa9_0/lib/fstat.o ps7_cortexa9_0/lib/getpid.o ps7_cortexa9_0/lib
TRACE::2026-08-28.15:23:24::SCWBDomain::/inbyte.o ps7_cortexa9_0/lib/isatty.o ps7_cortexa9_0/lib/kill.o ps7_cortexa9_0/lib/lseek.o ps7_cortexa9_0/lib/_open.o ps7_corte
TRACE::2026-08-28.15:23:24::SCWBDomain::xa9_0/lib/open.o ps7_cortexa9_0/lib/outbyte.o ps7_cortexa9_0/lib/print.o ps7_cortexa9_0/lib/putnum.o ps7_cortexa9_0/lib/read.o 
TRACE::2026-08-28.15:23:24::SCWBDomain::ps7_cortexa9_0/lib/_sbrk.o ps7_cortexa9_0/lib/sbrk.o ps7_cortexa9_0/lib/sleep.o ps7_cortexa9_0/lib/time.o ps7_cortexa9_0/lib/tr
TRACE::2026-08-28.15:23:24::SCWBDomain::anslation_table.o ps7_cortexa9_0/lib/unlink.o ps7_cortexa9_0/lib/usleep.o ps7_cortexa9_0/lib/vectors.o ps7_cortexa9_0/lib/write
TRACE::2026-08-28.15:23:24::SCWBDomain::.o ps7_cortexa9_0/lib/xadcps_g.o ps7_cortexa9_0/lib/xadcps_intr.o ps7_cortexa9_0/lib/xadcps.o ps7_cortexa9_0/lib/xadcps_selftes
TRACE::2026-08-28.15:23:24::SCWBDomain::t.o ps7_cortexa9_0/lib/xadcps_sinit.o ps7_cortexa9_0/lib/xcoresightpsdcc.o ps7_cortexa9_0/lib/xdevcfg_g.o ps7_cortexa9_0/lib/xd
TRACE::2026-08-28.15:23:24::SCWBDomain::evcfg_hw.o ps7_cortexa9_0/lib/xdevcfg_intr.o ps7_cortexa9_0/lib/xdevcfg.o ps7_cortexa9_0/lib/xdevcfg_selftest.o ps7_cortexa9_0/
TRACE::2026-08-28.15:23:24::SCWBDomain::lib/xdevcfg_sinit.o ps7_cortexa9_0/lib/xdmaps_g.o ps7_cortexa9_0/lib/xdmaps_hw.o ps7_cortexa9_0/lib/xdmaps.o ps7_cortexa9_0/lib
TRACE::2026-08-28.15:23:24::SCWBDomain::/xdmaps_selftest.o ps7_cortexa9_0/lib/xdmaps_sinit.o ps7_cortexa9_0/lib/xemacps_bdring.o ps7_cortexa9_0/lib/xemacps_control.o p
TRACE::2026-08-28.15:23:24::SCWBDomain::s7_cortexa9_0/lib/xemacps_g.o ps7_cortexa9_0/lib/xemacps_hw.o ps7_cortexa9_0/lib/xemacps_intr.o ps7_cortexa9_0/lib/xemacps.o ps
TRACE::2026-08-28.15:23:24::SCWBDomain::7_cortexa9_0/lib/xemacps_sinit.o ps7_cortexa9_0/lib/xgpiops_g.o ps7_cortexa9_0/lib/xgpiops_hw.o ps7_cortexa9_0/lib/xgpiops_intr
TRACE::2026-08-28.15:23:24::SCWBDomain::.o ps7_cortexa9_0/lib/xgpiops.o ps7_cortexa9_0/lib/xgpiops_selftest.o ps7_cortexa9_0/lib/xgpiops_sinit.o ps7_cortexa9_0/lib/xil
TRACE::2026-08-28.15:23:24::SCWBDomain::_assert.o ps7_cortexa9_0/lib/xil_cache.o ps7_cortexa9_0/lib/xil_clocking.o ps7_cortexa9_0/lib/xil-crt0.o ps7_cortexa9_0/lib/xil
TRACE::2026-08-28.15:23:24::SCWBDomain::_exception.o ps7_cortexa9_0/lib/xil_mem.o ps7_cortexa9_0/lib/xil_misc_psreset_api.o ps7_cortexa9_0/lib/xil_mmu.o ps7_cortexa9_0
TRACE::2026-08-28.15:23:24::SCWBDomain::/lib/xil_printf.o ps7_cortexa9_0/lib/xil_sleepcommon.o ps7_cortexa9_0/lib/xil_sleeptimer.o ps7_cortexa9_0/lib/xil_spinlock.o ps
TRACE::2026-08-28.15:23:24::SCWBDomain::7_cortexa9_0/lib/xil_testcache.o ps7_cortexa9_0/lib/xil_testio.o ps7_cortexa9_0/lib/xil_testmem.o ps7_cortexa9_0/lib/xil_util.o
TRACE::2026-08-28.15:23:24::SCWBDomain:: ps7_cortexa9_0/lib/xinterrupt_wrap.o ps7_cortexa9_0/lib/xl2cc_counter.o ps7_cortexa9_0/lib/xplatform_info.o ps7_cortexa9_0/lib
TRACE::2026-08-28.15:23:24::SCWBDomain::/xpm_counter.o ps7_cortexa9_0/lib/xqspips_g.o ps7_cortexa9_0/lib/xqspips_hw.o ps7_cortexa9_0/lib/xqspips.o ps7_cortexa9_0/lib/x
TRACE::2026-08-28.15:23:24::SCWBDomain::qspips_options.o ps7_cortexa9_0/lib/xqspips_selftest.o ps7_cortexa9_0/lib/xqspips_sinit.o ps7_cortexa9_0/lib/xscugic_g.o ps7_co
TRACE::2026-08-28.15:23:24::SCWBDomain::rtexa9_0/lib/xscugic_hw.o ps7_cortexa9_0/lib/xscugic_intr.o ps7_cortexa9_0/lib/xscugic.o ps7_cortexa9_0/lib/xscugic_selftest.o 
TRACE::2026-08-28.15:23:24::SCWBDomain::ps7_cortexa9_0/lib/xscugic_sinit.o ps7_cortexa9_0/lib/xscutimer_g.o ps7_cortexa9_0/lib/xscutimer.o ps7_cortexa9_0/lib/xscutimer
TRACE::2026-08-28.15:23:24::SCWBDomain::_selftest.o ps7_cortexa9_0/lib/xscutimer_sinit.o ps7_cortexa9_0/lib/xscuwdt_g.o ps7_cortexa9_0/lib/xscuwdt.o ps7_cortexa9_0/lib
TRACE::2026-08-28.15:23:24::SCWBDomain::/xscuwdt_selftest.o ps7_cortexa9_0/lib/xscuwdt_sinit.o ps7_cortexa9_0/lib/xsdps_card.o ps7_cortexa9_0/lib/xsdps_g.o ps7_cortexa
TRACE::2026-08-28.15:23:24::SCWBDomain::9_0/lib/xsdps_host.o ps7_cortexa9_0/lib/xsdps.o ps7_cortexa9_0/lib/xsdps_options.o ps7_cortexa9_0/lib/xsdps_sinit.o ps7_cortexa
TRACE::2026-08-28.15:23:24::SCWBDomain::9_0/lib/xtime_l.o ps7_cortexa9_0/lib/xuartps_g.o ps7_cortexa9_0/lib/xuartps_hw.o ps7_cortexa9_0/lib/xuartps_intr.o ps7_cortexa9
TRACE::2026-08-28.15:23:24::SCWBDomain::_0/lib/xuartps.o ps7_cortexa9_0/lib/xuartps_options.o ps7_cortexa9_0/lib/xuartps_selftest.o ps7_cortexa9_0/lib/xuartps_sinit.o 
TRACE::2026-08-28.15:23:24::SCWBDomain::ps7_cortexa9_0/lib/xusbps_endpoint.o ps7_cortexa9_0/lib/xusbps_g.o ps7_cortexa9_0/lib/xusbps_hw.o ps7_cortexa9_0/lib/xusbps_int
TRACE::2026-08-28.15:23:24::SCWBDomain::r.o ps7_cortexa9_0/lib/xusbps.o ps7_cortexa9_0/lib/xusbps_sinit.o

TRACE::2026-08-28.15:23:24::SCWBDomain::Finished building libraries

TRACE::2026-08-28.15:23:24::SCWBDomain::make: Leaving directory '/home/user/Desktop/latency-aware-target-control/firmware/zynq/vitis_workspace/target_control_zynq_plat
TRACE::2026-08-28.15:23:24::SCWBDomain::form/zynq_fsbl/zynq_fsbl_bsp'

TRACE::2026-08-28.15:23:24::SCWBDomain::arm-none-eabi-gcc  -O2 -c -MMD -MP       -mcpu=cortex-a9 -mfpu=vfpv3 -mfloat-abi=hard  -c fsbl_hooks.c -o fsbl_hooks.o -Izynq_f
TRACE::2026-08-28.15:23:24::SCWBDomain::sbl_bsp/ps7_cortexa9_0/include -I.

TRACE::2026-08-28.15:23:24::SCWBDomain::arm-none-eabi-gcc  -O2 -c -MMD -MP       -mcpu=cortex-a9 -mfpu=vfpv3 -mfloat-abi=hard  -c image_mover.c -o image_mover.o -Izynq
TRACE::2026-08-28.15:23:24::SCWBDomain::_fsbl_bsp/ps7_cortexa9_0/include -I.

TRACE::2026-08-28.15:23:24::SCWBDomain::arm-none-eabi-gcc  -O2 -c -MMD -MP       -mcpu=cortex-a9 -mfpu=vfpv3 -mfloat-abi=hard  -c main.c -o main.o -Izynq_fsbl_bsp/ps7_
TRACE::2026-08-28.15:23:24::SCWBDomain::cortexa9_0/include -I.

TRACE::2026-08-28.15:23:24::SCWBDomain::arm-none-eabi-gcc  -O2 -c -MMD -MP       -mcpu=cortex-a9 -mfpu=vfpv3 -mfloat-abi=hard  -c md5.c -o md5.o -Izynq_fsbl_bsp/ps7_co
TRACE::2026-08-28.15:23:24::SCWBDomain::rtexa9_0/include -I.

TRACE::2026-08-28.15:23:24::SCWBDomain::arm-none-eabi-gcc  -O2 -c -MMD -MP       -mcpu=cortex-a9 -mfpu=vfpv3 -mfloat-abi=hard  -c nand.c -o nand.o -Izynq_fsbl_bsp/ps7_
TRACE::2026-08-28.15:23:24::SCWBDomain::cortexa9_0/include -I.

TRACE::2026-08-28.15:23:24::SCWBDomain::arm-none-eabi-gcc  -O2 -c -MMD -MP       -mcpu=cortex-a9 -mfpu=vfpv3 -mfloat-abi=hard  -c nor.c -o nor.o -Izynq_fsbl_bsp/ps7_co
TRACE::2026-08-28.15:23:24::SCWBDomain::rtexa9_0/include -I.

TRACE::2026-08-28.15:23:24::SCWBDomain::arm-none-eabi-gcc  -O2 -c -MMD -MP       -mcpu=cortex-a9 -mfpu=vfpv3 -mfloat-abi=hard  -c pcap.c -o pcap.o -Izynq_fsbl_bsp/ps7_
TRACE::2026-08-28.15:23:24::SCWBDomain::cortexa9_0/include -I.

TRACE::2026-08-28.15:23:25::SCWBDomain::arm-none-eabi-gcc  -O2 -c -MMD -MP       -mcpu=cortex-a9 -mfpu=vfpv3 -mfloat-abi=hard  -c ps7_init.c -o ps7_init.o -Izynq_fsbl_
TRACE::2026-08-28.15:23:25::SCWBDomain::bsp/ps7_cortexa9_0/include -I.

TRACE::2026-08-28.15:23:25::SCWBDomain::arm-none-eabi-gcc  -O2 -c -MMD -MP       -mcpu=cortex-a9 -mfpu=vfpv3 -mfloat-abi=hard  -c qspi.c -o qspi.o -Izynq_fsbl_bsp/ps7_
TRACE::2026-08-28.15:23:25::SCWBDomain::cortexa9_0/include -I.

TRACE::2026-08-28.15:23:25::SCWBDomain::arm-none-eabi-gcc  -O2 -c -MMD -MP       -mcpu=cortex-a9 -mfpu=vfpv3 -mfloat-abi=hard  -c rsa.c -o rsa.o -Izynq_fsbl_bsp/ps7_co
TRACE::2026-08-28.15:23:25::SCWBDomain::rtexa9_0/include -I.

TRACE::2026-08-28.15:23:25::SCWBDomain::arm-none-eabi-gcc  -O2 -c -MMD -MP       -mcpu=cortex-a9 -mfpu=vfpv3 -mfloat-abi=hard  -c sd.c -o sd.o -Izynq_fsbl_bsp/ps7_cort
TRACE::2026-08-28.15:23:25::SCWBDomain::exa9_0/include -I.

TRACE::2026-08-28.15:23:25::SCWBDomain::arm-none-eabi-gcc  -O2 -c -MMD -MP       -mcpu=cortex-a9 -mfpu=vfpv3 -mfloat-abi=hard  -c fsbl_handoff.S -o fsbl_handoff.o -Izy
TRACE::2026-08-28.15:23:25::SCWBDomain::nq_fsbl_bsp/ps7_cortexa9_0/include -I.

TRACE::2026-08-28.15:23:25::SCWBDomain::arm-none-eabi-gcc -o fsbl.elf fsbl_handoff.o fsbl_hooks.o image_mover.o main.o md5.o nand.o nor.o pcap.o ps7_init.o qspi.o rsa.
TRACE::2026-08-28.15:23:25::SCWBDomain::o sd.o -MMD -MP       -mcpu=cortex-a9 -mfpu=vfpv3 -mfloat-abi=hard   -mcpu=cortex-a9 -mfpu=vfpv3 -mfloat-abi=hard -Wl,-build-id
TRACE::2026-08-28.15:23:25::SCWBDomain::=none -specs=Xilinx.spec  -lrsa -Wl,--start-group,-lxil,-lgcc,-lc,--end-group -Wl,--start-group,-lxilffs,-lxil,-lgcc,-lc,--end-
TRACE::2026-08-28.15:23:25::SCWBDomain::group -Wl,--start-group,-lrsa,-lxil,-lgcc,-lc,--end-group                                   -Wl,--gc-sections -Lzynq_fsbl_bsp/p
TRACE::2026-08-28.15:23:25::SCWBDomain::s7_cortexa9_0/lib -L./ -Tlscript.ld

LOG::2026-08-28.15:23:25::SCWSystem::Checking the domain standalone_domain
LOG::2026-08-28.15:23:25::SCWSystem::Not a boot domain 
LOG::2026-08-28.15:23:25::SCWSystem::Started Processing the domain standalone_domain
TRACE::2026-08-28.15:23:25::SCWDomain::Generating domain artifcats
TRACE::2026-08-28.15:23:25::SCWMssOS::Generating standalone artifcats
TRACE::2026-08-28.15:23:25::SCWMssOS::Copying the qemu file from  /home/user/Desktop/latency-aware-target-control/firmware/zynq/vitis_workspace/target_control_zynq_platform/resources/target_control_zynq_platform/standalone_domain/qemu_args.txt To /home/user/Desktop/latency-aware-target-control/firmware/zynq/vitis_workspace/target_control_zynq_platform/export/target_control_zynq_platform/sw/target_control_zynq_platform/qemu/
TRACE::2026-08-28.15:23:25::SCWMssOS::Copying the qemu file from  /home/user/Desktop/latency-aware-target-control/firmware/zynq/vitis_workspace/target_control_zynq_platform/resources/target_control_zynq_platform/standalone_domain/qemu_args.txt To /home/user/Desktop/latency-aware-target-control/firmware/zynq/vitis_workspace/target_control_zynq_platform/export/target_control_zynq_platform/sw/target_control_zynq_platform/standalone_domain/qemu/
TRACE::2026-08-28.15:23:25::SCWMssOS:: Copying the user libraries. 
TRACE::2026-08-28.15:23:25::SCWPlatform::Trying to open the hw design at /home/user/Desktop/latency-aware-target-control/firmware/zynq/vitis_workspace/target_control_zynq_platform/hw/target_control_zynq_hw.xsa
TRACE::2026-08-28.15:23:25::SCWPlatform::DSA given /home/user/Desktop/latency-aware-target-control/firmware/zynq/vitis_workspace/target_control_zynq_platform/hw/target_control_zynq_hw.xsa
TRACE::2026-08-28.15:23:25::SCWPlatform::DSA absoulate path /home/user/Desktop/latency-aware-target-control/firmware/zynq/vitis_workspace/target_control_zynq_platform/hw/target_control_zynq_hw.xsa
TRACE::2026-08-28.15:23:25::SCWPlatform::DSA directory /home/user/Desktop/latency-aware-target-control/firmware/zynq/vitis_workspace/target_control_zynq_platform/hw
TRACE::2026-08-28.15:23:25::SCWPlatform:: Platform Path /home/user/Desktop/latency-aware-target-control/firmware/zynq/vitis_workspace/target_control_zynq_platform/hw/target_control_zynq_hw.xsa
TRACE::2026-08-28.15:23:25::SCWPlatform:: Unique name xilinx:zybo-z7-10::0.0
TRACE::2026-08-28.15:23:25::SCWPlatform::Trying to set the existing hwdb with name design_1_wrapper_1
TRACE::2026-08-28.15:23:25::SCWPlatform::Opened existing hwdb design_1_wrapper_1
TRACE::2026-08-28.15:23:25::SCWPlatform::Found the Hw Db part of the input DSA
TRACE::2026-08-28.15:23:25::SCWMssOS::Checking the sw design at  /home/user/Desktop/latency-aware-target-control/firmware/zynq/vitis_workspace/target_control_zynq_platform/ps7_cortexa9_0/standalone_domain/bsp/system.mss
TRACE::2026-08-28.15:23:25::SCWMssOS::DEBUG:  swdes dump  /home/user/Desktop/latency-aware-target-control/firmware/zynq/vitis_workspace/target_control_zynq_platform/ps7_cortexa9_0/standalone_domain/bsp/system.mss|system_0||
/home/user/Desktop/latency-aware-target-control/firmware/zynq/vitis_workspace/target_control_zynq_platform/zynq_fsbl/zynq_fsbl_bsp/system.mss|system||

TRACE::2026-08-28.15:23:25::SCWMssOS::Sw design exists and opened at  /home/user/Desktop/latency-aware-target-control/firmware/zynq/vitis_workspace/target_control_zynq_platform/ps7_cortexa9_0/standalone_domain/bsp/system.mss
TRACE::2026-08-28.15:23:25::SCWMssOS::Completed writing the mss file at /home/user/Desktop/latency-aware-target-control/firmware/zynq/vitis_workspace/target_control_zynq_platform/ps7_cortexa9_0/standalone_domain/bsp
TRACE::2026-08-28.15:23:25::SCWMssOS::Mss edits present, copying mssfile into export location /home/user/Desktop/latency-aware-target-control/firmware/zynq/vitis_workspace/target_control_zynq_platform/ps7_cortexa9_0/standalone_domain/bsp/system.mss
TRACE::2026-08-28.15:23:25::SCWMssOS::bsp generated is upto date with the mss file. Skipping bsp generation.
TRACE::2026-08-28.15:23:25::SCWMssOS::BSP is already built. skipping the bsp build ... 
TRACE::2026-08-28.15:23:25::SCWDomain::Building the domain as part of full build :  standalone_domain
TRACE::2026-08-28.15:23:25::SCWMssOS::doing bsp build ... 
TRACE::2026-08-28.15:23:25::SCWMssOS::System Command Ran  cd  /home/user/Desktop/latency-aware-target-control/firmware/zynq/vitis_workspace/target_control_zynq_platform/ps7_cortexa9_0/standalone_domain/bsp ; bash -c "make  " 
TRACE::2026-08-28.15:23:25::SCWMssOS::make --no-print-directory seq_libs

TRACE::2026-08-28.15:23:25::SCWMssOS::Finished building libraries sequentially.

TRACE::2026-08-28.15:23:25::SCWMssOS::make -j 2 --no-print-directory par_libs

TRACE::2026-08-28.15:23:25::SCWMssOS::Running Make include in ps7_cortexa9_0/libsrc/coresightps_dcc_v1_8/src

TRACE::2026-08-28.15:23:25::SCWMssOS::make -C ps7_cortexa9_0/libsrc/coresightps_dcc_v1_8/src -s include  "SHELL=/bin/sh" "COMPILER=arm-none-eabi-gcc" "ASSEMBLER=arm-
TRACE::2026-08-28.15:23:25::SCWMssOS::none-eabi-as" "ARCHIVER=arm-none-eabi-ar" "COMPILER_FLAGS=  -O2 -c" "EXTRA_COMPILER_FLAGS=-mcpu=cortex-a9 -mfpu=vfpv3 -mfloat-a
TRACE::2026-08-28.15:23:25::SCWMssOS::bi=hard -nostartfiles -g -Wall -Wextra -fno-tree-loop-distribute-patterns"

TRACE::2026-08-28.15:23:25::SCWMssOS::Running Make include in ps7_cortexa9_0/libsrc/cpu_cortexa9_v2_11/src

TRACE::2026-08-28.15:23:25::SCWMssOS::make -C ps7_cortexa9_0/libsrc/cpu_cortexa9_v2_11/src -s include  "SHELL=/bin/sh" "COMPILER=arm-none-eabi-gcc" "ASSEMBLER=arm-no
TRACE::2026-08-28.15:23:25::SCWMssOS::ne-eabi-as" "ARCHIVER=arm-none-eabi-ar" "COMPILER_FLAGS=  -O2 -c" "EXTRA_COMPILER_FLAGS=-mcpu=cortex-a9 -mfpu=vfpv3 -mfloat-abi
TRACE::2026-08-28.15:23:25::SCWMssOS::=hard -nostartfiles -g -Wall -Wextra -fno-tree-loop-distribute-patterns"

TRACE::2026-08-28.15:23:25::SCWMssOS::Running Make include in ps7_cortexa9_0/libsrc/ddrps_v1_2/src

TRACE::2026-08-28.15:23:25::SCWMssOS::make -C ps7_cortexa9_0/libsrc/ddrps_v1_2/src -s include  "SHELL=/bin/sh" "COMPILER=arm-none-eabi-gcc" "ASSEMBLER=arm-none-eabi-
TRACE::2026-08-28.15:23:25::SCWMssOS::as" "ARCHIVER=arm-none-eabi-ar" "COMPILER_FLAGS=  -O2 -c" "EXTRA_COMPILER_FLAGS=-mcpu=cortex-a9 -mfpu=vfpv3 -mfloat-abi=hard -n
TRACE::2026-08-28.15:23:25::SCWMssOS::ostartfiles -g -Wall -Wextra -fno-tree-loop-distribute-patterns"

TRACE::2026-08-28.15:23:25::SCWMssOS::Running Make include in ps7_cortexa9_0/libsrc/devcfg_v3_7/src

TRACE::2026-08-28.15:23:25::SCWMssOS::make -C ps7_cortexa9_0/libsrc/devcfg_v3_7/src -s include  "SHELL=/bin/sh" "COMPILER=arm-none-eabi-gcc" "ASSEMBLER=arm-none-eabi
TRACE::2026-08-28.15:23:25::SCWMssOS::-as" "ARCHIVER=arm-none-eabi-ar" "COMPILER_FLAGS=  -O2 -c" "EXTRA_COMPILER_FLAGS=-mcpu=cortex-a9 -mfpu=vfpv3 -mfloat-abi=hard -
TRACE::2026-08-28.15:23:25::SCWMssOS::nostartfiles -g -Wall -Wextra -fno-tree-loop-distribute-patterns"

TRACE::2026-08-28.15:23:25::SCWMssOS::Running Make include in ps7_cortexa9_0/libsrc/dmaps_v2_8/src

TRACE::2026-08-28.15:23:25::SCWMssOS::make -C ps7_cortexa9_0/libsrc/dmaps_v2_8/src -s include  "SHELL=/bin/sh" "COMPILER=arm-none-eabi-gcc" "ASSEMBLER=arm-none-eabi-
TRACE::2026-08-28.15:23:25::SCWMssOS::as" "ARCHIVER=arm-none-eabi-ar" "COMPILER_FLAGS=  -O2 -c" "EXTRA_COMPILER_FLAGS=-mcpu=cortex-a9 -mfpu=vfpv3 -mfloat-abi=hard -n
TRACE::2026-08-28.15:23:25::SCWMssOS::ostartfiles -g -Wall -Wextra -fno-tree-loop-distribute-patterns"

TRACE::2026-08-28.15:23:25::SCWMssOS::Running Make include in ps7_cortexa9_0/libsrc/emacps_v3_16/src

TRACE::2026-08-28.15:23:25::SCWMssOS::make -C ps7_cortexa9_0/libsrc/emacps_v3_16/src -s include  "SHELL=/bin/sh" "COMPILER=arm-none-eabi-gcc" "ASSEMBLER=arm-none-eab
TRACE::2026-08-28.15:23:25::SCWMssOS::i-as" "ARCHIVER=arm-none-eabi-ar" "COMPILER_FLAGS=  -O2 -c" "EXTRA_COMPILER_FLAGS=-mcpu=cortex-a9 -mfpu=vfpv3 -mfloat-abi=hard 
TRACE::2026-08-28.15:23:25::SCWMssOS::-nostartfiles -g -Wall -Wextra -fno-tree-loop-distribute-patterns"

TRACE::2026-08-28.15:23:25::SCWMssOS::Running Make include in ps7_cortexa9_0/libsrc/gpiops_v3_9/src

TRACE::2026-08-28.15:23:25::SCWMssOS::make -C ps7_cortexa9_0/libsrc/gpiops_v3_9/src -s include  "SHELL=/bin/sh" "COMPILER=arm-none-eabi-gcc" "ASSEMBLER=arm-none-eabi
TRACE::2026-08-28.15:23:25::SCWMssOS::-as" "ARCHIVER=arm-none-eabi-ar" "COMPILER_FLAGS=  -O2 -c" "EXTRA_COMPILER_FLAGS=-mcpu=cortex-a9 -mfpu=vfpv3 -mfloat-abi=hard -
TRACE::2026-08-28.15:23:25::SCWMssOS::nostartfiles -g -Wall -Wextra -fno-tree-loop-distribute-patterns"

TRACE::2026-08-28.15:23:25::SCWMssOS::Running Make include in ps7_cortexa9_0/libsrc/qspips_v3_9/src

TRACE::2026-08-28.15:23:25::SCWMssOS::make -C ps7_cortexa9_0/libsrc/qspips_v3_9/src -s include  "SHELL=/bin/sh" "COMPILER=arm-none-eabi-gcc" "ASSEMBLER=arm-none-eabi
TRACE::2026-08-28.15:23:25::SCWMssOS::-as" "ARCHIVER=arm-none-eabi-ar" "COMPILER_FLAGS=  -O2 -c" "EXTRA_COMPILER_FLAGS=-mcpu=cortex-a9 -mfpu=vfpv3 -mfloat-abi=hard -
TRACE::2026-08-28.15:23:25::SCWMssOS::nostartfiles -g -Wall -Wextra -fno-tree-loop-distribute-patterns"

TRACE::2026-08-28.15:23:25::SCWMssOS::Running Make include in ps7_cortexa9_0/libsrc/scugic_v4_7/src

TRACE::2026-08-28.15:23:25::SCWMssOS::make -C ps7_cortexa9_0/libsrc/scugic_v4_7/src -s include  "SHELL=/bin/sh" "COMPILER=arm-none-eabi-gcc" "ASSEMBLER=arm-none-eabi
TRACE::2026-08-28.15:23:25::SCWMssOS::-as" "ARCHIVER=arm-none-eabi-ar" "COMPILER_FLAGS=  -O2 -c" "EXTRA_COMPILER_FLAGS=-mcpu=cortex-a9 -mfpu=vfpv3 -mfloat-abi=hard -
TRACE::2026-08-28.15:23:25::SCWMssOS::nostartfiles -g -Wall -Wextra -fno-tree-loop-distribute-patterns"

TRACE::2026-08-28.15:23:25::SCWMssOS::Running Make include in ps7_cortexa9_0/libsrc/scutimer_v2_4/src

TRACE::2026-08-28.15:23:25::SCWMssOS::make -C ps7_cortexa9_0/libsrc/scutimer_v2_4/src -s include  "SHELL=/bin/sh" "COMPILER=arm-none-eabi-gcc" "ASSEMBLER=arm-none-ea
TRACE::2026-08-28.15:23:25::SCWMssOS::bi-as" "ARCHIVER=arm-none-eabi-ar" "COMPILER_FLAGS=  -O2 -c" "EXTRA_COMPILER_FLAGS=-mcpu=cortex-a9 -mfpu=vfpv3 -mfloat-abi=hard
TRACE::2026-08-28.15:23:25::SCWMssOS:: -nostartfiles -g -Wall -Wextra -fno-tree-loop-distribute-patterns"

TRACE::2026-08-28.15:23:25::SCWMssOS::Running Make include in ps7_cortexa9_0/libsrc/scuwdt_v2_4/src

TRACE::2026-08-28.15:23:25::SCWMssOS::make -C ps7_cortexa9_0/libsrc/scuwdt_v2_4/src -s include  "SHELL=/bin/sh" "COMPILER=arm-none-eabi-gcc" "ASSEMBLER=arm-none-eabi
TRACE::2026-08-28.15:23:25::SCWMssOS::-as" "ARCHIVER=arm-none-eabi-ar" "COMPILER_FLAGS=  -O2 -c" "EXTRA_COMPILER_FLAGS=-mcpu=cortex-a9 -mfpu=vfpv3 -mfloat-abi=hard -
TRACE::2026-08-28.15:23:25::SCWMssOS::nostartfiles -g -Wall -Wextra -fno-tree-loop-distribute-patterns"

TRACE::2026-08-28.15:23:25::SCWMssOS::Running Make include in ps7_cortexa9_0/libsrc/sdps_v3_14/src

TRACE::2026-08-28.15:23:25::SCWMssOS::make -C ps7_cortexa9_0/libsrc/sdps_v3_14/src -s include  "SHELL=/bin/sh" "COMPILER=arm-none-eabi-gcc" "ASSEMBLER=arm-none-eabi-
TRACE::2026-08-28.15:23:25::SCWMssOS::as" "ARCHIVER=arm-none-eabi-ar" "COMPILER_FLAGS=  -O2 -c" "EXTRA_COMPILER_FLAGS=-mcpu=cortex-a9 -mfpu=vfpv3 -mfloat-abi=hard -n
TRACE::2026-08-28.15:23:25::SCWMssOS::ostartfiles -g -Wall -Wextra -fno-tree-loop-distribute-patterns"

TRACE::2026-08-28.15:23:25::SCWMssOS::Running Make include in ps7_cortexa9_0/libsrc/standalone_v7_7/src

TRACE::2026-08-28.15:23:25::SCWMssOS::make -C ps7_cortexa9_0/libsrc/standalone_v7_7/src -s include  "SHELL=/bin/sh" "COMPILER=arm-none-eabi-gcc" "ASSEMBLER=arm-none-
TRACE::2026-08-28.15:23:25::SCWMssOS::eabi-as" "ARCHIVER=arm-none-eabi-ar" "COMPILER_FLAGS=  -O2 -c" "EXTRA_COMPILER_FLAGS=-mcpu=cortex-a9 -mfpu=vfpv3 -mfloat-abi=ha
TRACE::2026-08-28.15:23:25::SCWMssOS::rd -nostartfiles -g -Wall -Wextra -fno-tree-loop-distribute-patterns"

TRACE::2026-08-28.15:23:25::SCWMssOS::Running Make include in ps7_cortexa9_0/libsrc/uartps_v3_11/src

TRACE::2026-08-28.15:23:25::SCWMssOS::make -C ps7_cortexa9_0/libsrc/uartps_v3_11/src -s include  "SHELL=/bin/sh" "COMPILER=arm-none-eabi-gcc" "ASSEMBLER=arm-none-eab
TRACE::2026-08-28.15:23:25::SCWMssOS::i-as" "ARCHIVER=arm-none-eabi-ar" "COMPILER_FLAGS=  -O2 -c" "EXTRA_COMPILER_FLAGS=-mcpu=cortex-a9 -mfpu=vfpv3 -mfloat-abi=hard 
TRACE::2026-08-28.15:23:25::SCWMssOS::-nostartfiles -g -Wall -Wextra -fno-tree-loop-distribute-patterns"

TRACE::2026-08-28.15:23:25::SCWMssOS::Running Make include in ps7_cortexa9_0/libsrc/usbps_v2_7/src

TRACE::2026-08-28.15:23:25::SCWMssOS::make -C ps7_cortexa9_0/libsrc/usbps_v2_7/src -s include  "SHELL=/bin/sh" "COMPILER=arm-none-eabi-gcc" "ASSEMBLER=arm-none-eabi-
TRACE::2026-08-28.15:23:25::SCWMssOS::as" "ARCHIVER=arm-none-eabi-ar" "COMPILER_FLAGS=  -O2 -c" "EXTRA_COMPILER_FLAGS=-mcpu=cortex-a9 -mfpu=vfpv3 -mfloat-abi=hard -n
TRACE::2026-08-28.15:23:25::SCWMssOS::ostartfiles -g -Wall -Wextra -fno-tree-loop-distribute-patterns"

TRACE::2026-08-28.15:23:25::SCWMssOS::Running Make include in ps7_cortexa9_0/libsrc/xadcps_v2_6/src

TRACE::2026-08-28.15:23:25::SCWMssOS::make -C ps7_cortexa9_0/libsrc/xadcps_v2_6/src -s include  "SHELL=/bin/sh" "COMPILER=arm-none-eabi-gcc" "ASSEMBLER=arm-none-eabi
TRACE::2026-08-28.15:23:25::SCWMssOS::-as" "ARCHIVER=arm-none-eabi-ar" "COMPILER_FLAGS=  -O2 -c" "EXTRA_COMPILER_FLAGS=-mcpu=cortex-a9 -mfpu=vfpv3 -mfloat-abi=hard -
TRACE::2026-08-28.15:23:25::SCWMssOS::nostartfiles -g -Wall -Wextra -fno-tree-loop-distribute-patterns"

TRACE::2026-08-28.15:23:25::SCWMssOS::Running Make libs in ps7_cortexa9_0/libsrc/coresightps_dcc_v1_8/src

TRACE::2026-08-28.15:23:25::SCWMssOS::Running Make libs in ps7_cortexa9_0/libsrc/cpu_cortexa9_v2_11/src

TRACE::2026-08-28.15:23:25::SCWMssOS::make -C ps7_cortexa9_0/libsrc/coresightps_dcc_v1_8/src -s libs  "SHELL=/bin/sh" "COMPILER=arm-none-eabi-gcc" "ASSEMBLER=arm-non
TRACE::2026-08-28.15:23:25::SCWMssOS::e-eabi-as" "ARCHIVER=arm-none-eabi-ar" "COMPILER_FLAGS=  -O2 -c" "EXTRA_COMPILER_FLAGS=-mcpu=cortex-a9 -mfpu=vfpv3 -mfloat-abi=
TRACE::2026-08-28.15:23:25::SCWMssOS::hard -nostartfiles -g -Wall -Wextra -fno-tree-loop-distribute-patterns"

TRACE::2026-08-28.15:23:25::SCWMssOS::make -C ps7_cortexa9_0/libsrc/cpu_cortexa9_v2_11/src -s libs  "SHELL=/bin/sh" "COMPILER=arm-none-eabi-gcc" "ASSEMBLER=arm-none-
TRACE::2026-08-28.15:23:25::SCWMssOS::eabi-as" "ARCHIVER=arm-none-eabi-ar" "COMPILER_FLAGS=  -O2 -c" "EXTRA_COMPILER_FLAGS=-mcpu=cortex-a9 -mfpu=vfpv3 -mfloat-abi=ha
TRACE::2026-08-28.15:23:25::SCWMssOS::rd -nostartfiles -g -Wall -Wextra -fno-tree-loop-distribute-patterns"

TRACE::2026-08-28.15:23:25::SCWMssOS::Running Make libs in ps7_cortexa9_0/libsrc/ddrps_v1_2/src

TRACE::2026-08-28.15:23:25::SCWMssOS::make -C ps7_cortexa9_0/libsrc/ddrps_v1_2/src -s libs  "SHELL=/bin/sh" "COMPILER=arm-none-eabi-gcc" "ASSEMBLER=arm-none-eabi-as"
TRACE::2026-08-28.15:23:25::SCWMssOS:: "ARCHIVER=arm-none-eabi-ar" "COMPILER_FLAGS=  -O2 -c" "EXTRA_COMPILER_FLAGS=-mcpu=cortex-a9 -mfpu=vfpv3 -mfloat-abi=hard -nost
TRACE::2026-08-28.15:23:25::SCWMssOS::artfiles -g -Wall -Wextra -fno-tree-loop-distribute-patterns"

TRACE::2026-08-28.15:23:25::SCWMssOS::Running Make libs in ps7_cortexa9_0/libsrc/devcfg_v3_7/src

TRACE::2026-08-28.15:23:25::SCWMssOS::make -C ps7_cortexa9_0/libsrc/devcfg_v3_7/src -s libs  "SHELL=/bin/sh" "COMPILER=arm-none-eabi-gcc" "ASSEMBLER=arm-none-eabi-as
TRACE::2026-08-28.15:23:25::SCWMssOS::" "ARCHIVER=arm-none-eabi-ar" "COMPILER_FLAGS=  -O2 -c" "EXTRA_COMPILER_FLAGS=-mcpu=cortex-a9 -mfpu=vfpv3 -mfloat-abi=hard -nos
TRACE::2026-08-28.15:23:25::SCWMssOS::tartfiles -g -Wall -Wextra -fno-tree-loop-distribute-patterns"

TRACE::2026-08-28.15:23:25::SCWMssOS::Running Make libs in ps7_cortexa9_0/libsrc/dmaps_v2_8/src

TRACE::2026-08-28.15:23:25::SCWMssOS::make -C ps7_cortexa9_0/libsrc/dmaps_v2_8/src -s libs  "SHELL=/bin/sh" "COMPILER=arm-none-eabi-gcc" "ASSEMBLER=arm-none-eabi-as"
TRACE::2026-08-28.15:23:25::SCWMssOS:: "ARCHIVER=arm-none-eabi-ar" "COMPILER_FLAGS=  -O2 -c" "EXTRA_COMPILER_FLAGS=-mcpu=cortex-a9 -mfpu=vfpv3 -mfloat-abi=hard -nost
TRACE::2026-08-28.15:23:25::SCWMssOS::artfiles -g -Wall -Wextra -fno-tree-loop-distribute-patterns"

TRACE::2026-08-28.15:23:25::SCWMssOS::Running Make libs in ps7_cortexa9_0/libsrc/emacps_v3_16/src

TRACE::2026-08-28.15:23:25::SCWMssOS::make -C ps7_cortexa9_0/libsrc/emacps_v3_16/src -s libs  "SHELL=/bin/sh" "COMPILER=arm-none-eabi-gcc" "ASSEMBLER=arm-none-eabi-a
TRACE::2026-08-28.15:23:25::SCWMssOS::s" "ARCHIVER=arm-none-eabi-ar" "COMPILER_FLAGS=  -O2 -c" "EXTRA_COMPILER_FLAGS=-mcpu=cortex-a9 -mfpu=vfpv3 -mfloat-abi=hard -no
TRACE::2026-08-28.15:23:25::SCWMssOS::startfiles -g -Wall -Wextra -fno-tree-loop-distribute-patterns"

TRACE::2026-08-28.15:23:26::SCWMssOS::Running Make libs in ps7_cortexa9_0/libsrc/gpiops_v3_9/src

TRACE::2026-08-28.15:23:26::SCWMssOS::make -C ps7_cortexa9_0/libsrc/gpiops_v3_9/src -s libs  "SHELL=/bin/sh" "COMPILER=arm-none-eabi-gcc" "ASSEMBLER=arm-none-eabi-as
TRACE::2026-08-28.15:23:26::SCWMssOS::" "ARCHIVER=arm-none-eabi-ar" "COMPILER_FLAGS=  -O2 -c" "EXTRA_COMPILER_FLAGS=-mcpu=cortex-a9 -mfpu=vfpv3 -mfloat-abi=hard -nos
TRACE::2026-08-28.15:23:26::SCWMssOS::tartfiles -g -Wall -Wextra -fno-tree-loop-distribute-patterns"

TRACE::2026-08-28.15:23:26::SCWMssOS::Running Make libs in ps7_cortexa9_0/libsrc/qspips_v3_9/src

TRACE::2026-08-28.15:23:26::SCWMssOS::make -C ps7_cortexa9_0/libsrc/qspips_v3_9/src -s libs  "SHELL=/bin/sh" "COMPILER=arm-none-eabi-gcc" "ASSEMBLER=arm-none-eabi-as
TRACE::2026-08-28.15:23:26::SCWMssOS::" "ARCHIVER=arm-none-eabi-ar" "COMPILER_FLAGS=  -O2 -c" "EXTRA_COMPILER_FLAGS=-mcpu=cortex-a9 -mfpu=vfpv3 -mfloat-abi=hard -nos
TRACE::2026-08-28.15:23:26::SCWMssOS::tartfiles -g -Wall -Wextra -fno-tree-loop-distribute-patterns"

TRACE::2026-08-28.15:23:26::SCWMssOS::Running Make libs in ps7_cortexa9_0/libsrc/scugic_v4_7/src

TRACE::2026-08-28.15:23:26::SCWMssOS::make -C ps7_cortexa9_0/libsrc/scugic_v4_7/src -s libs  "SHELL=/bin/sh" "COMPILER=arm-none-eabi-gcc" "ASSEMBLER=arm-none-eabi-as
TRACE::2026-08-28.15:23:26::SCWMssOS::" "ARCHIVER=arm-none-eabi-ar" "COMPILER_FLAGS=  -O2 -c" "EXTRA_COMPILER_FLAGS=-mcpu=cortex-a9 -mfpu=vfpv3 -mfloat-abi=hard -nos
TRACE::2026-08-28.15:23:26::SCWMssOS::tartfiles -g -Wall -Wextra -fno-tree-loop-distribute-patterns"

TRACE::2026-08-28.15:23:27::SCWMssOS::Running Make libs in ps7_cortexa9_0/libsrc/scutimer_v2_4/src

TRACE::2026-08-28.15:23:27::SCWMssOS::Running Make libs in ps7_cortexa9_0/libsrc/scuwdt_v2_4/src

TRACE::2026-08-28.15:23:27::SCWMssOS::make -C ps7_cortexa9_0/libsrc/scutimer_v2_4/src -s libs  "SHELL=/bin/sh" "COMPILER=arm-none-eabi-gcc" "ASSEMBLER=arm-none-eabi-
TRACE::2026-08-28.15:23:27::SCWMssOS::as" "ARCHIVER=arm-none-eabi-ar" "COMPILER_FLAGS=  -O2 -c" "EXTRA_COMPILER_FLAGS=-mcpu=cortex-a9 -mfpu=vfpv3 -mfloat-abi=hard -n
TRACE::2026-08-28.15:23:27::SCWMssOS::ostartfiles -g -Wall -Wextra -fno-tree-loop-distribute-patterns"

TRACE::2026-08-28.15:23:27::SCWMssOS::make -C ps7_cortexa9_0/libsrc/scuwdt_v2_4/src -s libs  "SHELL=/bin/sh" "COMPILER=arm-none-eabi-gcc" "ASSEMBLER=arm-none-eabi-as
TRACE::2026-08-28.15:23:27::SCWMssOS::" "ARCHIVER=arm-none-eabi-ar" "COMPILER_FLAGS=  -O2 -c" "EXTRA_COMPILER_FLAGS=-mcpu=cortex-a9 -mfpu=vfpv3 -mfloat-abi=hard -nos
TRACE::2026-08-28.15:23:27::SCWMssOS::tartfiles -g -Wall -Wextra -fno-tree-loop-distribute-patterns"

TRACE::2026-08-28.15:23:27::SCWMssOS::Running Make libs in ps7_cortexa9_0/libsrc/sdps_v3_14/src

TRACE::2026-08-28.15:23:27::SCWMssOS::make -C ps7_cortexa9_0/libsrc/sdps_v3_14/src -s libs  "SHELL=/bin/sh" "COMPILER=arm-none-eabi-gcc" "ASSEMBLER=arm-none-eabi-as"
TRACE::2026-08-28.15:23:27::SCWMssOS:: "ARCHIVER=arm-none-eabi-ar" "COMPILER_FLAGS=  -O2 -c" "EXTRA_COMPILER_FLAGS=-mcpu=cortex-a9 -mfpu=vfpv3 -mfloat-abi=hard -nost
TRACE::2026-08-28.15:23:27::SCWMssOS::artfiles -g -Wall -Wextra -fno-tree-loop-distribute-patterns"

TRACE::2026-08-28.15:23:27::SCWMssOS::Running Make libs in ps7_cortexa9_0/libsrc/standalone_v7_7/src

TRACE::2026-08-28.15:23:27::SCWMssOS::make -C ps7_cortexa9_0/libsrc/standalone_v7_7/src -s libs  "SHELL=/bin/sh" "COMPILER=arm-none-eabi-gcc" "ASSEMBLER=arm-none-eab
TRACE::2026-08-28.15:23:27::SCWMssOS::i-as" "ARCHIVER=arm-none-eabi-ar" "COMPILER_FLAGS=  -O2 -c" "EXTRA_COMPILER_FLAGS=-mcpu=cortex-a9 -mfpu=vfpv3 -mfloat-abi=hard 
TRACE::2026-08-28.15:23:27::SCWMssOS::-nostartfiles -g -Wall -Wextra -fno-tree-loop-distribute-patterns"

TRACE::2026-08-28.15:23:28::SCWMssOS::Running Make libs in ps7_cortexa9_0/libsrc/uartps_v3_11/src

TRACE::2026-08-28.15:23:28::SCWMssOS::make -C ps7_cortexa9_0/libsrc/uartps_v3_11/src -s libs  "SHELL=/bin/sh" "COMPILER=arm-none-eabi-gcc" "ASSEMBLER=arm-none-eabi-a
TRACE::2026-08-28.15:23:28::SCWMssOS::s" "ARCHIVER=arm-none-eabi-ar" "COMPILER_FLAGS=  -O2 -c" "EXTRA_COMPILER_FLAGS=-mcpu=cortex-a9 -mfpu=vfpv3 -mfloat-abi=hard -no
TRACE::2026-08-28.15:23:28::SCWMssOS::startfiles -g -Wall -Wextra -fno-tree-loop-distribute-patterns"

TRACE::2026-08-28.15:23:28::SCWMssOS::Running Make libs in ps7_cortexa9_0/libsrc/usbps_v2_7/src

TRACE::2026-08-28.15:23:28::SCWMssOS::make -C ps7_cortexa9_0/libsrc/usbps_v2_7/src -s libs  "SHELL=/bin/sh" "COMPILER=arm-none-eabi-gcc" "ASSEMBLER=arm-none-eabi-as"
TRACE::2026-08-28.15:23:28::SCWMssOS:: "ARCHIVER=arm-none-eabi-ar" "COMPILER_FLAGS=  -O2 -c" "EXTRA_COMPILER_FLAGS=-mcpu=cortex-a9 -mfpu=vfpv3 -mfloat-abi=hard -nost
TRACE::2026-08-28.15:23:28::SCWMssOS::artfiles -g -Wall -Wextra -fno-tree-loop-distribute-patterns"

TRACE::2026-08-28.15:23:29::SCWMssOS::Running Make libs in ps7_cortexa9_0/libsrc/xadcps_v2_6/src

TRACE::2026-08-28.15:23:29::SCWMssOS::make -C ps7_cortexa9_0/libsrc/xadcps_v2_6/src -s libs  "SHELL=/bin/sh" "COMPILER=arm-none-eabi-gcc" "ASSEMBLER=arm-none-eabi-as
TRACE::2026-08-28.15:23:29::SCWMssOS::" "ARCHIVER=arm-none-eabi-ar" "COMPILER_FLAGS=  -O2 -c" "EXTRA_COMPILER_FLAGS=-mcpu=cortex-a9 -mfpu=vfpv3 -mfloat-abi=hard -nos
TRACE::2026-08-28.15:23:29::SCWMssOS::tartfiles -g -Wall -Wextra -fno-tree-loop-distribute-patterns"

TRACE::2026-08-28.15:23:29::SCWMssOS::Finished building libraries parallelly.

TRACE::2026-08-28.15:23:29::SCWMssOS::make --no-print-directory archive

TRACE::2026-08-28.15:23:29::SCWMssOS::arm-none-eabi-ar -r  ps7_cortexa9_0/lib/libxil.a ps7_cortexa9_0/lib/abort.o ps7_cortexa9_0/lib/asm_vectors.o ps7_cortexa9_0/lib
TRACE::2026-08-28.15:23:29::SCWMssOS::/boot.o ps7_cortexa9_0/lib/close.o ps7_cortexa9_0/lib/cpputest_time.o ps7_cortexa9_0/lib/cpu_init.o ps7_cortexa9_0/lib/errno.o 
TRACE::2026-08-28.15:23:29::SCWMssOS::ps7_cortexa9_0/lib/_exit.o ps7_cortexa9_0/lib/fcntl.o ps7_cortexa9_0/lib/fstat.o ps7_cortexa9_0/lib/getpid.o ps7_cortexa9_0/lib
TRACE::2026-08-28.15:23:29::SCWMssOS::/inbyte.o ps7_cortexa9_0/lib/isatty.o ps7_cortexa9_0/lib/kill.o ps7_cortexa9_0/lib/lseek.o ps7_cortexa9_0/lib/_open.o ps7_corte
TRACE::2026-08-28.15:23:29::SCWMssOS::xa9_0/lib/open.o ps7_cortexa9_0/lib/outbyte.o ps7_cortexa9_0/lib/print.o ps7_cortexa9_0/lib/putnum.o ps7_cortexa9_0/lib/read.o 
TRACE::2026-08-28.15:23:29::SCWMssOS::ps7_cortexa9_0/lib/_sbrk.o ps7_cortexa9_0/lib/sbrk.o ps7_cortexa9_0/lib/sleep.o ps7_cortexa9_0/lib/time.o ps7_cortexa9_0/lib/tr
TRACE::2026-08-28.15:23:29::SCWMssOS::anslation_table.o ps7_cortexa9_0/lib/unlink.o ps7_cortexa9_0/lib/usleep.o ps7_cortexa9_0/lib/vectors.o ps7_cortexa9_0/lib/write
TRACE::2026-08-28.15:23:29::SCWMssOS::.o ps7_cortexa9_0/lib/xadcps_g.o ps7_cortexa9_0/lib/xadcps_intr.o ps7_cortexa9_0/lib/xadcps.o ps7_cortexa9_0/lib/xadcps_selftes
TRACE::2026-08-28.15:23:29::SCWMssOS::t.o ps7_cortexa9_0/lib/xadcps_sinit.o ps7_cortexa9_0/lib/xcoresightpsdcc.o ps7_cortexa9_0/lib/xdevcfg_g.o ps7_cortexa9_0/lib/xd
TRACE::2026-08-28.15:23:29::SCWMssOS::evcfg_hw.o ps7_cortexa9_0/lib/xdevcfg_intr.o ps7_cortexa9_0/lib/xdevcfg.o ps7_cortexa9_0/lib/xdevcfg_selftest.o ps7_cortexa9_0/
TRACE::2026-08-28.15:23:29::SCWMssOS::lib/xdevcfg_sinit.o ps7_cortexa9_0/lib/xdmaps_g.o ps7_cortexa9_0/lib/xdmaps_hw.o ps7_cortexa9_0/lib/xdmaps.o ps7_cortexa9_0/lib
TRACE::2026-08-28.15:23:29::SCWMssOS::/xdmaps_selftest.o ps7_cortexa9_0/lib/xdmaps_sinit.o ps7_cortexa9_0/lib/xemacps_bdring.o ps7_cortexa9_0/lib/xemacps_control.o p
TRACE::2026-08-28.15:23:29::SCWMssOS::s7_cortexa9_0/lib/xemacps_g.o ps7_cortexa9_0/lib/xemacps_hw.o ps7_cortexa9_0/lib/xemacps_intr.o ps7_cortexa9_0/lib/xemacps.o ps
TRACE::2026-08-28.15:23:29::SCWMssOS::7_cortexa9_0/lib/xemacps_sinit.o ps7_cortexa9_0/lib/xgpiops_g.o ps7_cortexa9_0/lib/xgpiops_hw.o ps7_cortexa9_0/lib/xgpiops_intr
TRACE::2026-08-28.15:23:29::SCWMssOS::.o ps7_cortexa9_0/lib/xgpiops.o ps7_cortexa9_0/lib/xgpiops_selftest.o ps7_cortexa9_0/lib/xgpiops_sinit.o ps7_cortexa9_0/lib/xil
TRACE::2026-08-28.15:23:29::SCWMssOS::_assert.o ps7_cortexa9_0/lib/xil_cache.o ps7_cortexa9_0/lib/xil_clocking.o ps7_cortexa9_0/lib/xil-crt0.o ps7_cortexa9_0/lib/xil
TRACE::2026-08-28.15:23:29::SCWMssOS::_exception.o ps7_cortexa9_0/lib/xil_mem.o ps7_cortexa9_0/lib/xil_misc_psreset_api.o ps7_cortexa9_0/lib/xil_mmu.o ps7_cortexa9_0
TRACE::2026-08-28.15:23:29::SCWMssOS::/lib/xil_printf.o ps7_cortexa9_0/lib/xil_sleepcommon.o ps7_cortexa9_0/lib/xil_sleeptimer.o ps7_cortexa9_0/lib/xil_spinlock.o ps
TRACE::2026-08-28.15:23:29::SCWMssOS::7_cortexa9_0/lib/xil_testcache.o ps7_cortexa9_0/lib/xil_testio.o ps7_cortexa9_0/lib/xil_testmem.o ps7_cortexa9_0/lib/xil_util.o
TRACE::2026-08-28.15:23:29::SCWMssOS:: ps7_cortexa9_0/lib/xinterrupt_wrap.o ps7_cortexa9_0/lib/xl2cc_counter.o ps7_cortexa9_0/lib/xplatform_info.o ps7_cortexa9_0/lib
TRACE::2026-08-28.15:23:29::SCWMssOS::/xpm_counter.o ps7_cortexa9_0/lib/xqspips_g.o ps7_cortexa9_0/lib/xqspips_hw.o ps7_cortexa9_0/lib/xqspips.o ps7_cortexa9_0/lib/x
TRACE::2026-08-28.15:23:29::SCWMssOS::qspips_options.o ps7_cortexa9_0/lib/xqspips_selftest.o ps7_cortexa9_0/lib/xqspips_sinit.o ps7_cortexa9_0/lib/xscugic_g.o ps7_co
TRACE::2026-08-28.15:23:29::SCWMssOS::rtexa9_0/lib/xscugic_hw.o ps7_cortexa9_0/lib/xscugic_intr.o ps7_cortexa9_0/lib/xscugic.o ps7_cortexa9_0/lib/xscugic_selftest.o 
TRACE::2026-08-28.15:23:29::SCWMssOS::ps7_cortexa9_0/lib/xscugic_sinit.o ps7_cortexa9_0/lib/xscutimer_g.o ps7_cortexa9_0/lib/xscutimer.o ps7_cortexa9_0/lib/xscutimer
TRACE::2026-08-28.15:23:29::SCWMssOS::_selftest.o ps7_cortexa9_0/lib/xscutimer_sinit.o ps7_cortexa9_0/lib/xscuwdt_g.o ps7_cortexa9_0/lib/xscuwdt.o ps7_cortexa9_0/lib
TRACE::2026-08-28.15:23:29::SCWMssOS::/xscuwdt_selftest.o ps7_cortexa9_0/lib/xscuwdt_sinit.o ps7_cortexa9_0/lib/xsdps_card.o ps7_cortexa9_0/lib/xsdps_g.o ps7_cortexa
TRACE::2026-08-28.15:23:29::SCWMssOS::9_0/lib/xsdps_host.o ps7_cortexa9_0/lib/xsdps.o ps7_cortexa9_0/lib/xsdps_options.o ps7_cortexa9_0/lib/xsdps_sinit.o ps7_cortexa
TRACE::2026-08-28.15:23:29::SCWMssOS::9_0/lib/xtime_l.o ps7_cortexa9_0/lib/xuartps_g.o ps7_cortexa9_0/lib/xuartps_hw.o ps7_cortexa9_0/lib/xuartps_intr.o ps7_cortexa9
TRACE::2026-08-28.15:23:29::SCWMssOS::_0/lib/xuartps.o ps7_cortexa9_0/lib/xuartps_options.o ps7_cortexa9_0/lib/xuartps_selftest.o ps7_cortexa9_0/lib/xuartps_sinit.o 
TRACE::2026-08-28.15:23:29::SCWMssOS::ps7_cortexa9_0/lib/xusbps_endpoint.o ps7_cortexa9_0/lib/xusbps_g.o ps7_cortexa9_0/lib/xusbps_hw.o ps7_cortexa9_0/lib/xusbps_int
TRACE::2026-08-28.15:23:29::SCWMssOS::r.o ps7_cortexa9_0/lib/xusbps.o ps7_cortexa9_0/lib/xusbps_sinit.o

TRACE::2026-08-28.15:23:29::SCWMssOS::Finished building libraries

TRACE::2026-08-28.15:23:30::SCWMssOS::Copying to export directory.
TRACE::2026-08-28.15:23:30::SCWMssOS:: Checking if to create the Supporting Applications
TRACE::2026-08-28.15:23:30::SCWMssOS:: No Linux domain exists, trying to generate FSBL 
LOG::2026-08-28.15:23:30::SCWSystem::Completed Processing the domain standalone_domain
LOG::2026-08-28.15:23:30::SCWSystem::Completed Processing the sysconfig target_control_zynq_platform
LOG::2026-08-28.15:23:30::SCWPlatform::Completed generating the artifacts for system configuration target_control_zynq_platform
TRACE::2026-08-28.15:23:30::SCWPlatform::Started preparing the platform 
TRACE::2026-08-28.15:23:30::SCWSystem::Writing the bif file for system config target_control_zynq_platform
TRACE::2026-08-28.15:23:30::SCWSystem::dir created 
TRACE::2026-08-28.15:23:30::SCWSystem::Writing the bif 
TRACE::2026-08-28.15:23:30::SCWPlatform::Started writing the spfm file 
TRACE::2026-08-28.15:23:30::SCWPlatform::Started writing the xpfm file 
TRACE::2026-08-28.15:23:30::SCWPlatform::Completed generating the platform
TRACE::2026-08-28.15:23:30::SCWMssOS::Saving the mss changes /home/user/Desktop/latency-aware-target-control/firmware/zynq/vitis_workspace/target_control_zynq_platform/zynq_fsbl/zynq_fsbl_bsp/system.mss
TRACE::2026-08-28.15:23:30::SCWMssOS::Found a swdesign opened with the mssfile.
TRACE::2026-08-28.15:23:30::SCWMssOS::Completed writemss as part of save.
TRACE::2026-08-28.15:23:30::SCWMssOS::Commit changes completed.
TRACE::2026-08-28.15:23:30::SCWMssOS::Saving the mss changes /home/user/Desktop/latency-aware-target-control/firmware/zynq/vitis_workspace/target_control_zynq_platform/ps7_cortexa9_0/standalone_domain/bsp/system.mss
TRACE::2026-08-28.15:23:30::SCWMssOS::Found a swdesign opened with the mssfile.
TRACE::2026-08-28.15:23:30::SCWMssOS::Completed writemss as part of save.
TRACE::2026-08-28.15:23:30::SCWMssOS::Commit changes completed.
TRACE::2026-08-28.15:23:30::SCWPlatform::Trying to open the hw design at /home/user/Desktop/latency-aware-target-control/firmware/zynq/vitis_workspace/target_control_zynq_platform/hw/target_control_zynq_hw.xsa
TRACE::2026-08-28.15:23:30::SCWPlatform::DSA given /home/user/Desktop/latency-aware-target-control/firmware/zynq/vitis_workspace/target_control_zynq_platform/hw/target_control_zynq_hw.xsa
TRACE::2026-08-28.15:23:30::SCWPlatform::DSA absoulate path /home/user/Desktop/latency-aware-target-control/firmware/zynq/vitis_workspace/target_control_zynq_platform/hw/target_control_zynq_hw.xsa
TRACE::2026-08-28.15:23:30::SCWPlatform::DSA directory /home/user/Desktop/latency-aware-target-control/firmware/zynq/vitis_workspace/target_control_zynq_platform/hw
TRACE::2026-08-28.15:23:30::SCWPlatform:: Platform Path /home/user/Desktop/latency-aware-target-control/firmware/zynq/vitis_workspace/target_control_zynq_platform/hw/target_control_zynq_hw.xsa
TRACE::2026-08-28.15:23:30::SCWPlatform:: Unique name xilinx:zybo-z7-10::0.0
TRACE::2026-08-28.15:23:30::SCWPlatform::Trying to set the existing hwdb with name design_1_wrapper_1
TRACE::2026-08-28.15:23:30::SCWPlatform::Opened existing hwdb design_1_wrapper_1
TRACE::2026-08-28.15:23:30::SCWPlatform::Found the Hw Db part of the input DSA
TRACE::2026-08-28.15:23:30::SCWMssOS::Checking the sw design at  /home/user/Desktop/latency-aware-target-control/firmware/zynq/vitis_workspace/target_control_zynq_platform/zynq_fsbl/zynq_fsbl_bsp/system.mss
TRACE::2026-08-28.15:23:30::SCWMssOS::DEBUG:  swdes dump  /home/user/Desktop/latency-aware-target-control/firmware/zynq/vitis_workspace/target_control_zynq_platform/ps7_cortexa9_0/standalone_domain/bsp/system.mss|system_0||
/home/user/Desktop/latency-aware-target-control/firmware/zynq/vitis_workspace/target_control_zynq_platform/zynq_fsbl/zynq_fsbl_bsp/system.mss|system||

TRACE::2026-08-28.15:23:30::SCWMssOS::Sw design exists and opened at  /home/user/Desktop/latency-aware-target-control/firmware/zynq/vitis_workspace/target_control_zynq_platform/zynq_fsbl/zynq_fsbl_bsp/system.mss
TRACE::2026-08-28.15:23:30::SCWPlatform::Trying to open the hw design at /home/user/Desktop/latency-aware-target-control/firmware/zynq/vitis_workspace/target_control_zynq_platform/hw/target_control_zynq_hw.xsa
TRACE::2026-08-28.15:23:30::SCWPlatform::DSA given /home/user/Desktop/latency-aware-target-control/firmware/zynq/vitis_workspace/target_control_zynq_platform/hw/target_control_zynq_hw.xsa
TRACE::2026-08-28.15:23:30::SCWPlatform::DSA absoulate path /home/user/Desktop/latency-aware-target-control/firmware/zynq/vitis_workspace/target_control_zynq_platform/hw/target_control_zynq_hw.xsa
TRACE::2026-08-28.15:23:30::SCWPlatform::DSA directory /home/user/Desktop/latency-aware-target-control/firmware/zynq/vitis_workspace/target_control_zynq_platform/hw
TRACE::2026-08-28.15:23:30::SCWPlatform:: Platform Path /home/user/Desktop/latency-aware-target-control/firmware/zynq/vitis_workspace/target_control_zynq_platform/hw/target_control_zynq_hw.xsa
TRACE::2026-08-28.15:23:30::SCWPlatform:: Unique name xilinx:zybo-z7-10::0.0
TRACE::2026-08-28.15:23:30::SCWPlatform::Trying to set the existing hwdb with name design_1_wrapper_1
TRACE::2026-08-28.15:23:30::SCWPlatform::Opened existing hwdb design_1_wrapper_1
TRACE::2026-08-28.15:23:30::SCWPlatform::Found the Hw Db part of the input DSA
TRACE::2026-08-28.15:23:30::SCWMssOS::Checking the sw design at  /home/user/Desktop/latency-aware-target-control/firmware/zynq/vitis_workspace/target_control_zynq_platform/ps7_cortexa9_0/standalone_domain/bsp/system.mss
TRACE::2026-08-28.15:23:30::SCWMssOS::DEBUG:  swdes dump  /home/user/Desktop/latency-aware-target-control/firmware/zynq/vitis_workspace/target_control_zynq_platform/ps7_cortexa9_0/standalone_domain/bsp/system.mss|system_0||
/home/user/Desktop/latency-aware-target-control/firmware/zynq/vitis_workspace/target_control_zynq_platform/zynq_fsbl/zynq_fsbl_bsp/system.mss|system||

TRACE::2026-08-28.15:23:30::SCWMssOS::Sw design exists and opened at  /home/user/Desktop/latency-aware-target-control/firmware/zynq/vitis_workspace/target_control_zynq_platform/ps7_cortexa9_0/standalone_domain/bsp/system.mss
TRACE::2026-08-28.15:23:30::SCWWriter::formatted JSON is {
	"platformName":	"target_control_zynq_platform",
	"sprVersion":	"2.0",
	"mode":	"gui",
	"dsaType":	"Fixed",
	"platformDesc":	"target_control_zynq_platform",
	"platHandOff":	"/home/user/Desktop/latency-aware-target-control/firmware/zynq/target_control_zynq_hw/target_control_zynq_hw.xsa",
	"platIntHandOff":	"<platformDir>/hw/target_control_zynq_hw.xsa",
	"deviceType":	"zynq",
	"platIsPrebuiltAutogen":	"false",
	"platIsNoBootBsp":	"false",
	"hasFsblMakeHasChanges":	"false",
	"hasPmufwMakeHasChanges":	"false",
	"fsblExtraCompilerFlags":	"-MMD -MP       -mcpu=cortex-a9 -mfpu=vfpv3 -mfloat-abi=hard ",
	"platPreBuiltFlag":	false,
	"platformSamplesDir":	"",
	"platActiveSys":	"target_control_zynq_platform",
	"systems":	[{
			"systemName":	"target_control_zynq_platform",
			"systemDesc":	"target_control_zynq_platform",
			"sysIsBootAutoGen":	"true",
			"systemDispName":	"target_control_zynq_platform",
			"sysActiveDom":	"standalone_domain",
			"sysDefaultDom":	"standalone_domain",
			"domains":	[{
					"domainName":	"zynq_fsbl",
					"domainDispName":	"zynq_fsbl",
					"domainDesc":	"FSBL Application BSP - Auto Generated.",
					"processors":	"ps7_cortexa9_0",
					"os":	"standalone",
					"sdxOs":	"standalone",
					"debugEnable":	"",
					"domRuntimes":	["cpp"],
					"swRepo":	"",
					"mssOsVer":	"7.7",
					"mssFile":	"",
					"md5Digest":	"68359604a3374d6a43f578fe0b642f17",
					"compatibleApp":	"zynq_fsbl",
					"domType":	"bootDomain",
					"arch":	"32-bit",
					"appSettings":	{
						"appCompilerFlags":	"",
						"appLinkerFlags":	""
					},
					"addedLibs":	["xilffs:4.7", "xilrsa:1.6"],
					"libOptions":	{
						"libsContainingOptions":	[]
					},
					"prebuiltLibs":	{
						"prebuiltIncPath":	[],
						"prebuiltLibPath":	[]
					},
					"isolation":	{
					}
				}, {
					"domainName":	"standalone_domain",
					"domainDispName":	"standalone on ps7_cortexa9_0",
					"domainDesc":	"standalone_domain",
					"processors":	"ps7_cortexa9_0",
					"os":	"standalone",
					"sdxOs":	"standalone",
					"qemuArgs":	"<platformDir>/resources/target_control_zynq_platform/standalone_domain/qemu_args.txt",
					"qemuData":	"<platformDir>/resources/target_control_zynq_platform/standalone_domain/qemu",
					"debugEnable":	"False",
					"domRuntimes":	["cpp"],
					"swRepo":	"",
					"mssOsVer":	"7.7",
					"mssFile":	"",
					"md5Digest":	"859da1b96f35d25dd5a4f58dfbef0ebc",
					"compatibleApp":	"",
					"domType":	"mssDomain",
					"appSettings":	{
						"appCompilerFlags":	"",
						"appLinkerFlags":	""
					},
					"addedLibs":	[],
					"libOptions":	{
						"libsContainingOptions":	[]
					},
					"prebuiltLibs":	{
						"prebuiltIncPath":	[],
						"prebuiltLibPath":	[]
					},
					"isolation":	{
					}
				}]
		}]
}
KEYINFO::2026-08-28.15:23:30::SCWPlatform::updated the xpfm file.
TRACE::2026-08-28.15:23:30::SCWPlatform::Trying to open the hw design at /home/user/Desktop/latency-aware-target-control/firmware/zynq/vitis_workspace/target_control_zynq_platform/hw/target_control_zynq_hw.xsa
TRACE::2026-08-28.15:23:30::SCWPlatform::DSA given /home/user/Desktop/latency-aware-target-control/firmware/zynq/vitis_workspace/target_control_zynq_platform/hw/target_control_zynq_hw.xsa
TRACE::2026-08-28.15:23:30::SCWPlatform::DSA absoulate path /home/user/Desktop/latency-aware-target-control/firmware/zynq/vitis_workspace/target_control_zynq_platform/hw/target_control_zynq_hw.xsa
TRACE::2026-08-28.15:23:30::SCWPlatform::DSA directory /home/user/Desktop/latency-aware-target-control/firmware/zynq/vitis_workspace/target_control_zynq_platform/hw
TRACE::2026-08-28.15:23:30::SCWPlatform:: Platform Path /home/user/Desktop/latency-aware-target-control/firmware/zynq/vitis_workspace/target_control_zynq_platform/hw/target_control_zynq_hw.xsa
TRACE::2026-08-28.15:23:30::SCWPlatform:: Unique name xilinx:zybo-z7-10::0.0
TRACE::2026-08-28.15:23:30::SCWPlatform::Trying to set the existing hwdb with name design_1_wrapper_1
TRACE::2026-08-28.15:23:30::SCWPlatform::Opened existing hwdb design_1_wrapper_1
TRACE::2026-08-28.15:23:30::SCWPlatform::Found the Hw Db part of the input DSA
TRACE::2026-08-28.15:23:30::SCWMssOS::Checking the sw design at  /home/user/Desktop/latency-aware-target-control/firmware/zynq/vitis_workspace/target_control_zynq_platform/ps7_cortexa9_0/standalone_domain/bsp/system.mss
TRACE::2026-08-28.15:23:30::SCWMssOS::DEBUG:  swdes dump  /home/user/Desktop/latency-aware-target-control/firmware/zynq/vitis_workspace/target_control_zynq_platform/ps7_cortexa9_0/standalone_domain/bsp/system.mss|system_0||
/home/user/Desktop/latency-aware-target-control/firmware/zynq/vitis_workspace/target_control_zynq_platform/zynq_fsbl/zynq_fsbl_bsp/system.mss|system||

TRACE::2026-08-28.15:23:30::SCWMssOS::Sw design exists and opened at  /home/user/Desktop/latency-aware-target-control/firmware/zynq/vitis_workspace/target_control_zynq_platform/ps7_cortexa9_0/standalone_domain/bsp/system.mss
TRACE::2026-08-28.15:54:03::SCWPlatform::Trying to open the hw design at /home/user/Desktop/latency-aware-target-control/firmware/zynq/vitis_workspace/target_control_zynq_platform/hw/target_control_zynq_hw.xsa
TRACE::2026-08-28.15:54:03::SCWPlatform::DSA given /home/user/Desktop/latency-aware-target-control/firmware/zynq/vitis_workspace/target_control_zynq_platform/hw/target_control_zynq_hw.xsa
TRACE::2026-08-28.15:54:03::SCWPlatform::DSA absoulate path /home/user/Desktop/latency-aware-target-control/firmware/zynq/vitis_workspace/target_control_zynq_platform/hw/target_control_zynq_hw.xsa
TRACE::2026-08-28.15:54:03::SCWPlatform::DSA directory /home/user/Desktop/latency-aware-target-control/firmware/zynq/vitis_workspace/target_control_zynq_platform/hw
TRACE::2026-08-28.15:54:03::SCWPlatform:: Platform Path /home/user/Desktop/latency-aware-target-control/firmware/zynq/vitis_workspace/target_control_zynq_platform/hw/target_control_zynq_hw.xsa
TRACE::2026-08-28.15:54:03::SCWPlatform:: Unique name xilinx:zybo-z7-10::0.0
TRACE::2026-08-28.15:54:03::SCWPlatform::Trying to set the existing hwdb with name design_1_wrapper_1
TRACE::2026-08-28.15:54:03::SCWPlatform::Opened existing hwdb design_1_wrapper_1
TRACE::2026-08-28.15:54:03::SCWPlatform::Found the Hw Db part of the input DSA
TRACE::2026-08-28.15:54:03::SCWDomain::checking for install qemu data   : 
TRACE::2026-08-28.15:54:03::SCWDomain:: Using the QEMU Data from install at  : /tools/Xilinx/Vitis/2022.1/data/emulation/platforms/zynq/sw/a9_standalone/qemu/
TRACE::2026-08-28.15:54:03::SCWDomain:: Using the QEMU args  from install at  : /tools/Xilinx/Vitis/2022.1/data/emulation/platforms/zynq/sw/a9_standalone/qemu/qemu_args.txt
TRACE::2026-08-28.15:54:03::SCWPlatform::Trying to open the hw design at /home/user/Desktop/latency-aware-target-control/firmware/zynq/vitis_workspace/target_control_zynq_platform/hw/target_control_zynq_hw.xsa
TRACE::2026-08-28.15:54:03::SCWPlatform::DSA given /home/user/Desktop/latency-aware-target-control/firmware/zynq/vitis_workspace/target_control_zynq_platform/hw/target_control_zynq_hw.xsa
TRACE::2026-08-28.15:54:03::SCWPlatform::DSA absoulate path /home/user/Desktop/latency-aware-target-control/firmware/zynq/vitis_workspace/target_control_zynq_platform/hw/target_control_zynq_hw.xsa
TRACE::2026-08-28.15:54:03::SCWPlatform::DSA directory /home/user/Desktop/latency-aware-target-control/firmware/zynq/vitis_workspace/target_control_zynq_platform/hw
TRACE::2026-08-28.15:54:03::SCWPlatform:: Platform Path /home/user/Desktop/latency-aware-target-control/firmware/zynq/vitis_workspace/target_control_zynq_platform/hw/target_control_zynq_hw.xsa
TRACE::2026-08-28.15:54:03::SCWPlatform:: Unique name xilinx:zybo-z7-10::0.0
TRACE::2026-08-28.15:54:03::SCWPlatform::Trying to set the existing hwdb with name design_1_wrapper_1
TRACE::2026-08-28.15:54:03::SCWPlatform::Opened existing hwdb design_1_wrapper_1
TRACE::2026-08-28.15:54:03::SCWPlatform::Found the Hw Db part of the input DSA
TRACE::2026-08-28.15:54:03::SCWPlatform::Trying to open the hw design at /home/user/Desktop/latency-aware-target-control/firmware/zynq/vitis_workspace/target_control_zynq_platform/hw/target_control_zynq_hw.xsa
TRACE::2026-08-28.15:54:03::SCWPlatform::DSA given /home/user/Desktop/latency-aware-target-control/firmware/zynq/vitis_workspace/target_control_zynq_platform/hw/target_control_zynq_hw.xsa
TRACE::2026-08-28.15:54:03::SCWPlatform::DSA absoulate path /home/user/Desktop/latency-aware-target-control/firmware/zynq/vitis_workspace/target_control_zynq_platform/hw/target_control_zynq_hw.xsa
TRACE::2026-08-28.15:54:03::SCWPlatform::DSA directory /home/user/Desktop/latency-aware-target-control/firmware/zynq/vitis_workspace/target_control_zynq_platform/hw
TRACE::2026-08-28.15:54:03::SCWPlatform:: Platform Path /home/user/Desktop/latency-aware-target-control/firmware/zynq/vitis_workspace/target_control_zynq_platform/hw/target_control_zynq_hw.xsa
TRACE::2026-08-28.15:54:03::SCWPlatform:: Unique name xilinx:zybo-z7-10::0.0
TRACE::2026-08-28.15:54:03::SCWPlatform::Trying to set the existing hwdb with name design_1_wrapper_1
TRACE::2026-08-28.15:54:03::SCWPlatform::Opened existing hwdb design_1_wrapper_1
TRACE::2026-08-28.15:54:03::SCWPlatform::Found the Hw Db part of the input DSA
TRACE::2026-08-28.15:54:03::SCWDomain::Qemu Directory name is changed from "" to "qemu"
TRACE::2026-08-28.15:54:03::SCWPlatform::Trying to open the hw design at /home/user/Desktop/latency-aware-target-control/firmware/zynq/vitis_workspace/target_control_zynq_platform/hw/target_control_zynq_hw.xsa
TRACE::2026-08-28.15:54:03::SCWPlatform::DSA given /home/user/Desktop/latency-aware-target-control/firmware/zynq/vitis_workspace/target_control_zynq_platform/hw/target_control_zynq_hw.xsa
TRACE::2026-08-28.15:54:03::SCWPlatform::DSA absoulate path /home/user/Desktop/latency-aware-target-control/firmware/zynq/vitis_workspace/target_control_zynq_platform/hw/target_control_zynq_hw.xsa
TRACE::2026-08-28.15:54:03::SCWPlatform::DSA directory /home/user/Desktop/latency-aware-target-control/firmware/zynq/vitis_workspace/target_control_zynq_platform/hw
TRACE::2026-08-28.15:54:03::SCWPlatform:: Platform Path /home/user/Desktop/latency-aware-target-control/firmware/zynq/vitis_workspace/target_control_zynq_platform/hw/target_control_zynq_hw.xsa
TRACE::2026-08-28.15:54:03::SCWPlatform:: Unique name xilinx:zybo-z7-10::0.0
TRACE::2026-08-28.15:54:03::SCWPlatform::Trying to set the existing hwdb with name design_1_wrapper_1
TRACE::2026-08-28.15:54:03::SCWPlatform::Opened existing hwdb design_1_wrapper_1
TRACE::2026-08-28.15:54:03::SCWPlatform::Found the Hw Db part of the input DSA
TRACE::2026-08-28.15:54:03::SCWMssOS::Checking the sw design at  /home/user/Desktop/latency-aware-target-control/firmware/zynq/vitis_workspace/target_control_zynq_platform/ps7_cortexa9_0/freertos_domain/bsp/system.mss
TRACE::2026-08-28.15:54:03::SCWMssOS::DEBUG:  swdes dump  /home/user/Desktop/latency-aware-target-control/firmware/zynq/vitis_workspace/target_control_zynq_platform/ps7_cortexa9_0/standalone_domain/bsp/system.mss|system_0||
/home/user/Desktop/latency-aware-target-control/firmware/zynq/vitis_workspace/target_control_zynq_platform/zynq_fsbl/zynq_fsbl_bsp/system.mss|system||

TRACE::2026-08-28.15:54:03::SCWMssOS::No sw design opened at  /home/user/Desktop/latency-aware-target-control/firmware/zynq/vitis_workspace/target_control_zynq_platform/ps7_cortexa9_0/freertos_domain/bsp/system.mss
TRACE::2026-08-28.15:54:03::SCWMssOS::mss does not exists at /home/user/Desktop/latency-aware-target-control/firmware/zynq/vitis_workspace/target_control_zynq_platform/ps7_cortexa9_0/freertos_domain/bsp/system.mss
TRACE::2026-08-28.15:54:03::SCWMssOS::Creating sw design at  /home/user/Desktop/latency-aware-target-control/firmware/zynq/vitis_workspace/target_control_zynq_platform/ps7_cortexa9_0/freertos_domain/bsp/system.mss
TRACE::2026-08-28.15:54:03::SCWMssOS::Adding the swdes entry, created swdb /home/user/Desktop/latency-aware-target-control/firmware/zynq/vitis_workspace/target_control_zynq_platform/ps7_cortexa9_0/freertos_domain/bsp/system.mss with des name /home/user/Desktop/latency-aware-target-control/firmware/zynq/vitis_workspace/target_control_zynq_platform/ps7_cortexa9_0/freertos_domain/bsp/system.mss
TRACE::2026-08-28.15:54:03::SCWMssOS::updating the scw layer changes to swdes at   /home/user/Desktop/latency-aware-target-control/firmware/zynq/vitis_workspace/target_control_zynq_platform/ps7_cortexa9_0/freertos_domain/bsp/system.mss
TRACE::2026-08-28.15:54:03::SCWMssOS::Writing mss at /home/user/Desktop/latency-aware-target-control/firmware/zynq/vitis_workspace/target_control_zynq_platform/ps7_cortexa9_0/freertos_domain/bsp/system.mss
TRACE::2026-08-28.15:54:03::SCWMssOS::Completed writing the mss file at /home/user/Desktop/latency-aware-target-control/firmware/zynq/vitis_workspace/target_control_zynq_platform/ps7_cortexa9_0/freertos_domain/bsp
TRACE::2026-08-28.15:54:03::SCWMssOS::Picking up changes from newly written mss file into SCW Layer. 
TRACE::2026-08-28.15:54:03::SCWMssOS::Updated the changes from newly written mss file into SCW Layer. 
TRACE::2026-08-28.15:54:03::SCWMssOS::Completed writing the mss file at /home/user/Desktop/latency-aware-target-control/firmware/zynq/vitis_workspace/target_control_zynq_platform/ps7_cortexa9_0/freertos_domain/bsp
TRACE::2026-08-28.15:54:03::SCWMssOS::Forcing BSP Sources regeneration.
TRACE::2026-08-28.15:54:03::SCWMssOS::Saving the mss changes /home/user/Desktop/latency-aware-target-control/firmware/zynq/vitis_workspace/target_control_zynq_platform/zynq_fsbl/zynq_fsbl_bsp/system.mss
TRACE::2026-08-28.15:54:03::SCWMssOS::Found a swdesign opened with the mssfile.
TRACE::2026-08-28.15:54:03::SCWMssOS::Completed writemss as part of save.
TRACE::2026-08-28.15:54:03::SCWMssOS::Commit changes completed.
TRACE::2026-08-28.15:54:03::SCWMssOS::Saving the mss changes /home/user/Desktop/latency-aware-target-control/firmware/zynq/vitis_workspace/target_control_zynq_platform/ps7_cortexa9_0/standalone_domain/bsp/system.mss
TRACE::2026-08-28.15:54:03::SCWMssOS::Found a swdesign opened with the mssfile.
TRACE::2026-08-28.15:54:03::SCWMssOS::Completed writemss as part of save.
TRACE::2026-08-28.15:54:03::SCWMssOS::Commit changes completed.
TRACE::2026-08-28.15:54:03::SCWMssOS::Saving the mss changes /home/user/Desktop/latency-aware-target-control/firmware/zynq/vitis_workspace/target_control_zynq_platform/ps7_cortexa9_0/freertos_domain/bsp/system.mss
TRACE::2026-08-28.15:54:03::SCWMssOS::Adding the swdes entry, mss present, able to open swdb /home/user/Desktop/latency-aware-target-control/firmware/zynq/vitis_workspace/target_control_zynq_platform/ps7_cortexa9_0/freertos_domain/bsp/system.mss with des name system_1
TRACE::2026-08-28.15:54:03::SCWMssOS::Writing the mss file completed /home/user/Desktop/latency-aware-target-control/firmware/zynq/vitis_workspace/target_control_zynq_platform/ps7_cortexa9_0/freertos_domain/bsp/system.mss
TRACE::2026-08-28.15:54:03::SCWMssOS::Commit changes completed.
TRACE::2026-08-28.15:54:03::SCWPlatform::Trying to open the hw design at /home/user/Desktop/latency-aware-target-control/firmware/zynq/vitis_workspace/target_control_zynq_platform/hw/target_control_zynq_hw.xsa
TRACE::2026-08-28.15:54:03::SCWPlatform::DSA given /home/user/Desktop/latency-aware-target-control/firmware/zynq/vitis_workspace/target_control_zynq_platform/hw/target_control_zynq_hw.xsa
TRACE::2026-08-28.15:54:03::SCWPlatform::DSA absoulate path /home/user/Desktop/latency-aware-target-control/firmware/zynq/vitis_workspace/target_control_zynq_platform/hw/target_control_zynq_hw.xsa
TRACE::2026-08-28.15:54:03::SCWPlatform::DSA directory /home/user/Desktop/latency-aware-target-control/firmware/zynq/vitis_workspace/target_control_zynq_platform/hw
TRACE::2026-08-28.15:54:03::SCWPlatform:: Platform Path /home/user/Desktop/latency-aware-target-control/firmware/zynq/vitis_workspace/target_control_zynq_platform/hw/target_control_zynq_hw.xsa
TRACE::2026-08-28.15:54:03::SCWPlatform:: Unique name xilinx:zybo-z7-10::0.0
TRACE::2026-08-28.15:54:03::SCWPlatform::Trying to set the existing hwdb with name design_1_wrapper_1
TRACE::2026-08-28.15:54:03::SCWPlatform::Opened existing hwdb design_1_wrapper_1
TRACE::2026-08-28.15:54:03::SCWPlatform::Found the Hw Db part of the input DSA
TRACE::2026-08-28.15:54:03::SCWMssOS::Checking the sw design at  /home/user/Desktop/latency-aware-target-control/firmware/zynq/vitis_workspace/target_control_zynq_platform/zynq_fsbl/zynq_fsbl_bsp/system.mss
TRACE::2026-08-28.15:54:03::SCWMssOS::DEBUG:  swdes dump  /home/user/Desktop/latency-aware-target-control/firmware/zynq/vitis_workspace/target_control_zynq_platform/ps7_cortexa9_0/freertos_domain/bsp/system.mss|system_1||
/home/user/Desktop/latency-aware-target-control/firmware/zynq/vitis_workspace/target_control_zynq_platform/ps7_cortexa9_0/standalone_domain/bsp/system.mss|system_0||
/home/user/Desktop/latency-aware-target-control/firmware/zynq/vitis_workspace/target_control_zynq_platform/zynq_fsbl/zynq_fsbl_bsp/system.mss|system||

TRACE::2026-08-28.15:54:03::SCWMssOS::Sw design exists and opened at  /home/user/Desktop/latency-aware-target-control/firmware/zynq/vitis_workspace/target_control_zynq_platform/zynq_fsbl/zynq_fsbl_bsp/system.mss
TRACE::2026-08-28.15:54:03::SCWPlatform::Trying to open the hw design at /home/user/Desktop/latency-aware-target-control/firmware/zynq/vitis_workspace/target_control_zynq_platform/hw/target_control_zynq_hw.xsa
TRACE::2026-08-28.15:54:03::SCWPlatform::DSA given /home/user/Desktop/latency-aware-target-control/firmware/zynq/vitis_workspace/target_control_zynq_platform/hw/target_control_zynq_hw.xsa
TRACE::2026-08-28.15:54:03::SCWPlatform::DSA absoulate path /home/user/Desktop/latency-aware-target-control/firmware/zynq/vitis_workspace/target_control_zynq_platform/hw/target_control_zynq_hw.xsa
TRACE::2026-08-28.15:54:03::SCWPlatform::DSA directory /home/user/Desktop/latency-aware-target-control/firmware/zynq/vitis_workspace/target_control_zynq_platform/hw
TRACE::2026-08-28.15:54:03::SCWPlatform:: Platform Path /home/user/Desktop/latency-aware-target-control/firmware/zynq/vitis_workspace/target_control_zynq_platform/hw/target_control_zynq_hw.xsa
TRACE::2026-08-28.15:54:03::SCWPlatform:: Unique name xilinx:zybo-z7-10::0.0
TRACE::2026-08-28.15:54:03::SCWPlatform::Trying to set the existing hwdb with name design_1_wrapper_1
TRACE::2026-08-28.15:54:03::SCWPlatform::Opened existing hwdb design_1_wrapper_1
TRACE::2026-08-28.15:54:03::SCWPlatform::Found the Hw Db part of the input DSA
TRACE::2026-08-28.15:54:03::SCWMssOS::Checking the sw design at  /home/user/Desktop/latency-aware-target-control/firmware/zynq/vitis_workspace/target_control_zynq_platform/ps7_cortexa9_0/standalone_domain/bsp/system.mss
TRACE::2026-08-28.15:54:03::SCWMssOS::DEBUG:  swdes dump  /home/user/Desktop/latency-aware-target-control/firmware/zynq/vitis_workspace/target_control_zynq_platform/ps7_cortexa9_0/freertos_domain/bsp/system.mss|system_1||
/home/user/Desktop/latency-aware-target-control/firmware/zynq/vitis_workspace/target_control_zynq_platform/ps7_cortexa9_0/standalone_domain/bsp/system.mss|system_0||
/home/user/Desktop/latency-aware-target-control/firmware/zynq/vitis_workspace/target_control_zynq_platform/zynq_fsbl/zynq_fsbl_bsp/system.mss|system||

TRACE::2026-08-28.15:54:03::SCWMssOS::Sw design exists and opened at  /home/user/Desktop/latency-aware-target-control/firmware/zynq/vitis_workspace/target_control_zynq_platform/ps7_cortexa9_0/standalone_domain/bsp/system.mss
TRACE::2026-08-28.15:54:03::SCWPlatform::Trying to open the hw design at /home/user/Desktop/latency-aware-target-control/firmware/zynq/vitis_workspace/target_control_zynq_platform/hw/target_control_zynq_hw.xsa
TRACE::2026-08-28.15:54:03::SCWPlatform::DSA given /home/user/Desktop/latency-aware-target-control/firmware/zynq/vitis_workspace/target_control_zynq_platform/hw/target_control_zynq_hw.xsa
TRACE::2026-08-28.15:54:03::SCWPlatform::DSA absoulate path /home/user/Desktop/latency-aware-target-control/firmware/zynq/vitis_workspace/target_control_zynq_platform/hw/target_control_zynq_hw.xsa
TRACE::2026-08-28.15:54:03::SCWPlatform::DSA directory /home/user/Desktop/latency-aware-target-control/firmware/zynq/vitis_workspace/target_control_zynq_platform/hw
TRACE::2026-08-28.15:54:03::SCWPlatform:: Platform Path /home/user/Desktop/latency-aware-target-control/firmware/zynq/vitis_workspace/target_control_zynq_platform/hw/target_control_zynq_hw.xsa
TRACE::2026-08-28.15:54:03::SCWPlatform:: Unique name xilinx:zybo-z7-10::0.0
TRACE::2026-08-28.15:54:03::SCWPlatform::Trying to set the existing hwdb with name design_1_wrapper_1
TRACE::2026-08-28.15:54:03::SCWPlatform::Opened existing hwdb design_1_wrapper_1
TRACE::2026-08-28.15:54:03::SCWPlatform::Found the Hw Db part of the input DSA
TRACE::2026-08-28.15:54:03::SCWMssOS::Checking the sw design at  /home/user/Desktop/latency-aware-target-control/firmware/zynq/vitis_workspace/target_control_zynq_platform/ps7_cortexa9_0/freertos_domain/bsp/system.mss
TRACE::2026-08-28.15:54:03::SCWMssOS::DEBUG:  swdes dump  /home/user/Desktop/latency-aware-target-control/firmware/zynq/vitis_workspace/target_control_zynq_platform/ps7_cortexa9_0/freertos_domain/bsp/system.mss|system_1||
/home/user/Desktop/latency-aware-target-control/firmware/zynq/vitis_workspace/target_control_zynq_platform/ps7_cortexa9_0/standalone_domain/bsp/system.mss|system_0||
/home/user/Desktop/latency-aware-target-control/firmware/zynq/vitis_workspace/target_control_zynq_platform/zynq_fsbl/zynq_fsbl_bsp/system.mss|system||

TRACE::2026-08-28.15:54:03::SCWMssOS::Sw design exists and opened at  /home/user/Desktop/latency-aware-target-control/firmware/zynq/vitis_workspace/target_control_zynq_platform/ps7_cortexa9_0/freertos_domain/bsp/system.mss
TRACE::2026-08-28.15:54:03::SCWPlatform::Trying to open the hw design at /home/user/Desktop/latency-aware-target-control/firmware/zynq/vitis_workspace/target_control_zynq_platform/hw/target_control_zynq_hw.xsa
TRACE::2026-08-28.15:54:03::SCWPlatform::DSA given /home/user/Desktop/latency-aware-target-control/firmware/zynq/vitis_workspace/target_control_zynq_platform/hw/target_control_zynq_hw.xsa
TRACE::2026-08-28.15:54:03::SCWPlatform::DSA absoulate path /home/user/Desktop/latency-aware-target-control/firmware/zynq/vitis_workspace/target_control_zynq_platform/hw/target_control_zynq_hw.xsa
TRACE::2026-08-28.15:54:03::SCWPlatform::DSA directory /home/user/Desktop/latency-aware-target-control/firmware/zynq/vitis_workspace/target_control_zynq_platform/hw
TRACE::2026-08-28.15:54:03::SCWPlatform:: Platform Path /home/user/Desktop/latency-aware-target-control/firmware/zynq/vitis_workspace/target_control_zynq_platform/hw/target_control_zynq_hw.xsa
TRACE::2026-08-28.15:54:03::SCWPlatform:: Unique name xilinx:zybo-z7-10::0.0
TRACE::2026-08-28.15:54:03::SCWPlatform::Trying to set the existing hwdb with name design_1_wrapper_1
TRACE::2026-08-28.15:54:03::SCWPlatform::Opened existing hwdb design_1_wrapper_1
TRACE::2026-08-28.15:54:03::SCWPlatform::Found the Hw Db part of the input DSA
TRACE::2026-08-28.15:54:03::SCWMssOS::Checking the sw design at  /home/user/Desktop/latency-aware-target-control/firmware/zynq/vitis_workspace/target_control_zynq_platform/ps7_cortexa9_0/freertos_domain/bsp/system.mss
TRACE::2026-08-28.15:54:03::SCWMssOS::DEBUG:  swdes dump  /home/user/Desktop/latency-aware-target-control/firmware/zynq/vitis_workspace/target_control_zynq_platform/ps7_cortexa9_0/freertos_domain/bsp/system.mss|system_1||
/home/user/Desktop/latency-aware-target-control/firmware/zynq/vitis_workspace/target_control_zynq_platform/ps7_cortexa9_0/standalone_domain/bsp/system.mss|system_0||
/home/user/Desktop/latency-aware-target-control/firmware/zynq/vitis_workspace/target_control_zynq_platform/zynq_fsbl/zynq_fsbl_bsp/system.mss|system||

TRACE::2026-08-28.15:54:03::SCWMssOS::Sw design exists and opened at  /home/user/Desktop/latency-aware-target-control/firmware/zynq/vitis_workspace/target_control_zynq_platform/ps7_cortexa9_0/freertos_domain/bsp/system.mss
TRACE::2026-08-28.15:54:03::SCWPlatform::Trying to open the hw design at /home/user/Desktop/latency-aware-target-control/firmware/zynq/vitis_workspace/target_control_zynq_platform/hw/target_control_zynq_hw.xsa
TRACE::2026-08-28.15:54:03::SCWPlatform::DSA given /home/user/Desktop/latency-aware-target-control/firmware/zynq/vitis_workspace/target_control_zynq_platform/hw/target_control_zynq_hw.xsa
TRACE::2026-08-28.15:54:03::SCWPlatform::DSA absoulate path /home/user/Desktop/latency-aware-target-control/firmware/zynq/vitis_workspace/target_control_zynq_platform/hw/target_control_zynq_hw.xsa
TRACE::2026-08-28.15:54:03::SCWPlatform::DSA directory /home/user/Desktop/latency-aware-target-control/firmware/zynq/vitis_workspace/target_control_zynq_platform/hw
TRACE::2026-08-28.15:54:03::SCWPlatform:: Platform Path /home/user/Desktop/latency-aware-target-control/firmware/zynq/vitis_workspace/target_control_zynq_platform/hw/target_control_zynq_hw.xsa
TRACE::2026-08-28.15:54:03::SCWPlatform:: Unique name xilinx:zybo-z7-10::0.0
TRACE::2026-08-28.15:54:03::SCWPlatform::Trying to set the existing hwdb with name design_1_wrapper_1
TRACE::2026-08-28.15:54:03::SCWPlatform::Opened existing hwdb design_1_wrapper_1
TRACE::2026-08-28.15:54:03::SCWPlatform::Found the Hw Db part of the input DSA
TRACE::2026-08-28.15:54:03::SCWMssOS::Checking the sw design at  /home/user/Desktop/latency-aware-target-control/firmware/zynq/vitis_workspace/target_control_zynq_platform/ps7_cortexa9_0/freertos_domain/bsp/system.mss
TRACE::2026-08-28.15:54:03::SCWMssOS::DEBUG:  swdes dump  /home/user/Desktop/latency-aware-target-control/firmware/zynq/vitis_workspace/target_control_zynq_platform/ps7_cortexa9_0/freertos_domain/bsp/system.mss|system_1||
/home/user/Desktop/latency-aware-target-control/firmware/zynq/vitis_workspace/target_control_zynq_platform/ps7_cortexa9_0/standalone_domain/bsp/system.mss|system_0||
/home/user/Desktop/latency-aware-target-control/firmware/zynq/vitis_workspace/target_control_zynq_platform/zynq_fsbl/zynq_fsbl_bsp/system.mss|system||

TRACE::2026-08-28.15:54:03::SCWMssOS::Sw design exists and opened at  /home/user/Desktop/latency-aware-target-control/firmware/zynq/vitis_workspace/target_control_zynq_platform/ps7_cortexa9_0/freertos_domain/bsp/system.mss
TRACE::2026-08-28.15:54:03::SCWWriter::formatted JSON is {
	"platformName":	"target_control_zynq_platform",
	"sprVersion":	"2.0",
	"mode":	"gui",
	"dsaType":	"Fixed",
	"platformDesc":	"target_control_zynq_platform",
	"platHandOff":	"/home/user/Desktop/latency-aware-target-control/firmware/zynq/target_control_zynq_hw/target_control_zynq_hw.xsa",
	"platIntHandOff":	"<platformDir>/hw/target_control_zynq_hw.xsa",
	"deviceType":	"zynq",
	"platIsPrebuiltAutogen":	"false",
	"platIsNoBootBsp":	"false",
	"hasFsblMakeHasChanges":	"false",
	"hasPmufwMakeHasChanges":	"false",
	"fsblExtraCompilerFlags":	"-MMD -MP       -mcpu=cortex-a9 -mfpu=vfpv3 -mfloat-abi=hard ",
	"platPreBuiltFlag":	false,
	"platformSamplesDir":	"",
	"platActiveSys":	"target_control_zynq_platform",
	"systems":	[{
			"systemName":	"target_control_zynq_platform",
			"systemDesc":	"target_control_zynq_platform",
			"sysIsBootAutoGen":	"true",
			"systemDispName":	"target_control_zynq_platform",
			"sysActiveDom":	"freertos_domain",
			"sysDefaultDom":	"freertos_domain",
			"domains":	[{
					"domainName":	"zynq_fsbl",
					"domainDispName":	"zynq_fsbl",
					"domainDesc":	"FSBL Application BSP - Auto Generated.",
					"processors":	"ps7_cortexa9_0",
					"os":	"standalone",
					"sdxOs":	"standalone",
					"debugEnable":	"",
					"domRuntimes":	["cpp"],
					"swRepo":	"",
					"mssOsVer":	"7.7",
					"mssFile":	"",
					"md5Digest":	"68359604a3374d6a43f578fe0b642f17",
					"compatibleApp":	"zynq_fsbl",
					"domType":	"bootDomain",
					"arch":	"32-bit",
					"appSettings":	{
						"appCompilerFlags":	"",
						"appLinkerFlags":	""
					},
					"addedLibs":	["xilffs:4.7", "xilrsa:1.6"],
					"libOptions":	{
						"libsContainingOptions":	[]
					},
					"prebuiltLibs":	{
						"prebuiltIncPath":	[],
						"prebuiltLibPath":	[]
					},
					"isolation":	{
					}
				}, {
					"domainName":	"standalone_domain",
					"domainDispName":	"standalone on ps7_cortexa9_0",
					"domainDesc":	"standalone_domain",
					"processors":	"ps7_cortexa9_0",
					"os":	"standalone",
					"sdxOs":	"standalone",
					"qemuArgs":	"<platformDir>/resources/target_control_zynq_platform/standalone_domain/qemu_args.txt",
					"qemuData":	"<platformDir>/resources/target_control_zynq_platform/standalone_domain/qemu",
					"debugEnable":	"False",
					"domRuntimes":	["cpp"],
					"swRepo":	"",
					"mssOsVer":	"7.7",
					"mssFile":	"",
					"md5Digest":	"859da1b96f35d25dd5a4f58dfbef0ebc",
					"compatibleApp":	"",
					"domType":	"mssDomain",
					"appSettings":	{
						"appCompilerFlags":	"",
						"appLinkerFlags":	""
					},
					"addedLibs":	[],
					"libOptions":	{
						"libsContainingOptions":	[]
					},
					"prebuiltLibs":	{
						"prebuiltIncPath":	[],
						"prebuiltLibPath":	[]
					},
					"isolation":	{
					}
				}, {
					"domainName":	"freertos_domain",
					"domainDispName":	"freertos_domain",
					"domainDesc":	"",
					"processors":	"ps7_cortexa9_0",
					"os":	"freertos10_xilinx",
					"sdxOs":	"freertos",
					"qemuArgs":	"<platformDir>/resources/target_control_zynq_platform/freertos_domain/qemu_args.txt",
					"qemuData":	"<platformDir>/resources/target_control_zynq_platform/freertos_domain/qemu",
					"debugEnable":	"False",
					"domRuntimes":	["cpp"],
					"swRepo":	"",
					"mssOsVer":	"1.11",
					"mssFile":	"",
					"md5Digest":	"1d4908159fbf98cf4d176ccb43eabeb6",
					"compatibleApp":	"",
					"domType":	"mssDomain",
					"arch":	"32-bit",
					"appSettings":	{
						"appCompilerFlags":	"",
						"appLinkerFlags":	""
					},
					"addedLibs":	[],
					"libOptions":	{
						"libsContainingOptions":	[]
					},
					"prebuiltLibs":	{
						"prebuiltIncPath":	[],
						"prebuiltLibPath":	[]
					},
					"isolation":	{
					}
				}]
		}]
}
LOG::2026-08-28.15:54:03::SCWPlatform::Started generating the artifacts platform target_control_zynq_platform
TRACE::2026-08-28.15:54:03::SCWPlatform::Sanity checking of platform is completed
LOG::2026-08-28.15:54:03::SCWPlatform::Started generating the artifacts for system configuration target_control_zynq_platform
LOG::2026-08-28.15:54:03::SCWSystem::Checking the domain zynq_fsbl
LOG::2026-08-28.15:54:03::SCWSystem::Doing application build for :  zynq_fsbl
TRACE::2026-08-28.15:54:03::SCWBDomain::Not a forced makefile updation, No changes are present. 
TRACE::2026-08-28.15:54:03::SCWDomain::Skipping the build for domain :  zynq_fsbl
LOG::2026-08-28.15:54:03::SCWSystem::Checking the domain standalone_domain
LOG::2026-08-28.15:54:03::SCWSystem::Not a boot domain 
LOG::2026-08-28.15:54:03::SCWSystem::Checking the domain freertos_domain
LOG::2026-08-28.15:54:03::SCWSystem::Not a boot domain 
LOG::2026-08-28.15:54:03::SCWSystem::Started Processing the domain standalone_domain
TRACE::2026-08-28.15:54:03::SCWDomain::Generating domain artifcats
TRACE::2026-08-28.15:54:03::SCWMssOS::Generating standalone artifcats
TRACE::2026-08-28.15:54:03::SCWMssOS::Copying the qemu file from  /home/user/Desktop/latency-aware-target-control/firmware/zynq/vitis_workspace/target_control_zynq_platform/resources/target_control_zynq_platform/standalone_domain/qemu_args.txt To /home/user/Desktop/latency-aware-target-control/firmware/zynq/vitis_workspace/target_control_zynq_platform/export/target_control_zynq_platform/sw/target_control_zynq_platform/qemu/
TRACE::2026-08-28.15:54:03::SCWMssOS::Copying the qemu file from  /home/user/Desktop/latency-aware-target-control/firmware/zynq/vitis_workspace/target_control_zynq_platform/resources/target_control_zynq_platform/standalone_domain/qemu_args.txt To /home/user/Desktop/latency-aware-target-control/firmware/zynq/vitis_workspace/target_control_zynq_platform/export/target_control_zynq_platform/sw/target_control_zynq_platform/standalone_domain/qemu/
TRACE::2026-08-28.15:54:03::SCWMssOS:: Copying the user libraries. 
TRACE::2026-08-28.15:54:03::SCWPlatform::Trying to open the hw design at /home/user/Desktop/latency-aware-target-control/firmware/zynq/vitis_workspace/target_control_zynq_platform/hw/target_control_zynq_hw.xsa
TRACE::2026-08-28.15:54:03::SCWPlatform::DSA given /home/user/Desktop/latency-aware-target-control/firmware/zynq/vitis_workspace/target_control_zynq_platform/hw/target_control_zynq_hw.xsa
TRACE::2026-08-28.15:54:03::SCWPlatform::DSA absoulate path /home/user/Desktop/latency-aware-target-control/firmware/zynq/vitis_workspace/target_control_zynq_platform/hw/target_control_zynq_hw.xsa
TRACE::2026-08-28.15:54:03::SCWPlatform::DSA directory /home/user/Desktop/latency-aware-target-control/firmware/zynq/vitis_workspace/target_control_zynq_platform/hw
TRACE::2026-08-28.15:54:03::SCWPlatform:: Platform Path /home/user/Desktop/latency-aware-target-control/firmware/zynq/vitis_workspace/target_control_zynq_platform/hw/target_control_zynq_hw.xsa
TRACE::2026-08-28.15:54:03::SCWPlatform:: Unique name xilinx:zybo-z7-10::0.0
TRACE::2026-08-28.15:54:03::SCWPlatform::Trying to set the existing hwdb with name design_1_wrapper_1
TRACE::2026-08-28.15:54:03::SCWPlatform::Opened existing hwdb design_1_wrapper_1
TRACE::2026-08-28.15:54:03::SCWPlatform::Found the Hw Db part of the input DSA
TRACE::2026-08-28.15:54:03::SCWMssOS::Checking the sw design at  /home/user/Desktop/latency-aware-target-control/firmware/zynq/vitis_workspace/target_control_zynq_platform/ps7_cortexa9_0/standalone_domain/bsp/system.mss
TRACE::2026-08-28.15:54:03::SCWMssOS::DEBUG:  swdes dump  /home/user/Desktop/latency-aware-target-control/firmware/zynq/vitis_workspace/target_control_zynq_platform/ps7_cortexa9_0/freertos_domain/bsp/system.mss|system_1||
/home/user/Desktop/latency-aware-target-control/firmware/zynq/vitis_workspace/target_control_zynq_platform/ps7_cortexa9_0/standalone_domain/bsp/system.mss|system_0||
/home/user/Desktop/latency-aware-target-control/firmware/zynq/vitis_workspace/target_control_zynq_platform/zynq_fsbl/zynq_fsbl_bsp/system.mss|system||

TRACE::2026-08-28.15:54:03::SCWMssOS::Sw design exists and opened at  /home/user/Desktop/latency-aware-target-control/firmware/zynq/vitis_workspace/target_control_zynq_platform/ps7_cortexa9_0/standalone_domain/bsp/system.mss
TRACE::2026-08-28.15:54:03::SCWMssOS::Completed writing the mss file at /home/user/Desktop/latency-aware-target-control/firmware/zynq/vitis_workspace/target_control_zynq_platform/ps7_cortexa9_0/standalone_domain/bsp
TRACE::2026-08-28.15:54:03::SCWMssOS::Mss edits present, copying mssfile into export location /home/user/Desktop/latency-aware-target-control/firmware/zynq/vitis_workspace/target_control_zynq_platform/ps7_cortexa9_0/standalone_domain/bsp/system.mss
TRACE::2026-08-28.15:54:03::SCWMssOS::bsp generated is upto date with the mss file. Skipping bsp generation.
TRACE::2026-08-28.15:54:03::SCWMssOS::BSP is already built. skipping the bsp build ... 
TRACE::2026-08-28.15:54:03::SCWDomain::Skipping the build for domain :  standalone_domain
TRACE::2026-08-28.15:54:03::SCWMssOS::skipping the bsp build ... 
TRACE::2026-08-28.15:54:03::SCWMssOS::Copying to export directory.
TRACE::2026-08-28.15:54:03::SCWMssOS:: Checking if to create the Supporting Applications
TRACE::2026-08-28.15:54:03::SCWMssOS:: No Linux domain exists, trying to generate FSBL 
LOG::2026-08-28.15:54:03::SCWSystem::Completed Processing the domain standalone_domain
LOG::2026-08-28.15:54:03::SCWSystem::Started Processing the domain freertos_domain
TRACE::2026-08-28.15:54:03::SCWDomain::Generating domain artifcats
TRACE::2026-08-28.15:54:03::SCWMssOS::Generating standalone artifcats
TRACE::2026-08-28.15:54:03::SCWMssOS::Copying the qemu file from  /home/user/Desktop/latency-aware-target-control/firmware/zynq/vitis_workspace/target_control_zynq_platform/resources/target_control_zynq_platform/freertos_domain/qemu_args.txt To /home/user/Desktop/latency-aware-target-control/firmware/zynq/vitis_workspace/target_control_zynq_platform/export/target_control_zynq_platform/sw/target_control_zynq_platform/freertos_domain/qemu/
TRACE::2026-08-28.15:54:03::SCWMssOS:: Copying the user libraries. 
TRACE::2026-08-28.15:54:03::SCWPlatform::Trying to open the hw design at /home/user/Desktop/latency-aware-target-control/firmware/zynq/vitis_workspace/target_control_zynq_platform/hw/target_control_zynq_hw.xsa
TRACE::2026-08-28.15:54:03::SCWPlatform::DSA given /home/user/Desktop/latency-aware-target-control/firmware/zynq/vitis_workspace/target_control_zynq_platform/hw/target_control_zynq_hw.xsa
TRACE::2026-08-28.15:54:03::SCWPlatform::DSA absoulate path /home/user/Desktop/latency-aware-target-control/firmware/zynq/vitis_workspace/target_control_zynq_platform/hw/target_control_zynq_hw.xsa
TRACE::2026-08-28.15:54:03::SCWPlatform::DSA directory /home/user/Desktop/latency-aware-target-control/firmware/zynq/vitis_workspace/target_control_zynq_platform/hw
TRACE::2026-08-28.15:54:03::SCWPlatform:: Platform Path /home/user/Desktop/latency-aware-target-control/firmware/zynq/vitis_workspace/target_control_zynq_platform/hw/target_control_zynq_hw.xsa
TRACE::2026-08-28.15:54:03::SCWPlatform:: Unique name xilinx:zybo-z7-10::0.0
TRACE::2026-08-28.15:54:03::SCWPlatform::Trying to set the existing hwdb with name design_1_wrapper_1
TRACE::2026-08-28.15:54:03::SCWPlatform::Opened existing hwdb design_1_wrapper_1
TRACE::2026-08-28.15:54:03::SCWPlatform::Found the Hw Db part of the input DSA
TRACE::2026-08-28.15:54:03::SCWMssOS::Checking the sw design at  /home/user/Desktop/latency-aware-target-control/firmware/zynq/vitis_workspace/target_control_zynq_platform/ps7_cortexa9_0/freertos_domain/bsp/system.mss
TRACE::2026-08-28.15:54:03::SCWMssOS::DEBUG:  swdes dump  /home/user/Desktop/latency-aware-target-control/firmware/zynq/vitis_workspace/target_control_zynq_platform/ps7_cortexa9_0/freertos_domain/bsp/system.mss|system_1||
/home/user/Desktop/latency-aware-target-control/firmware/zynq/vitis_workspace/target_control_zynq_platform/ps7_cortexa9_0/standalone_domain/bsp/system.mss|system_0||
/home/user/Desktop/latency-aware-target-control/firmware/zynq/vitis_workspace/target_control_zynq_platform/zynq_fsbl/zynq_fsbl_bsp/system.mss|system||

TRACE::2026-08-28.15:54:03::SCWMssOS::Sw design exists and opened at  /home/user/Desktop/latency-aware-target-control/firmware/zynq/vitis_workspace/target_control_zynq_platform/ps7_cortexa9_0/freertos_domain/bsp/system.mss
TRACE::2026-08-28.15:54:03::SCWMssOS::Completed writing the mss file at /home/user/Desktop/latency-aware-target-control/firmware/zynq/vitis_workspace/target_control_zynq_platform/ps7_cortexa9_0/freertos_domain/bsp
TRACE::2026-08-28.15:54:03::SCWMssOS::Mss edits present, copying mssfile into export location /home/user/Desktop/latency-aware-target-control/firmware/zynq/vitis_workspace/target_control_zynq_platform/ps7_cortexa9_0/freertos_domain/bsp/system.mss
TRACE::2026-08-28.15:54:03::SCWMssOS::bsp generated is upto date with the mss file. Skipping bsp generation.
TRACE::2026-08-28.15:54:03::SCWMssOS::BSP is already built. skipping the bsp build ... 
TRACE::2026-08-28.15:54:03::SCWDomain::Skipping the build for domain :  freertos_domain
TRACE::2026-08-28.15:54:03::SCWMssOS::skipping the bsp build ... 
TRACE::2026-08-28.15:54:03::SCWMssOS::Copying to export directory.
TRACE::2026-08-28.15:54:03::SCWMssOS:: Checking if to create the Supporting Applications
TRACE::2026-08-28.15:54:03::SCWMssOS:: No Linux domain exists, trying to generate FSBL 
LOG::2026-08-28.15:54:03::SCWSystem::Completed Processing the domain freertos_domain
LOG::2026-08-28.15:54:03::SCWSystem::Completed Processing the sysconfig target_control_zynq_platform
LOG::2026-08-28.15:54:03::SCWPlatform::Completed generating the artifacts for system configuration target_control_zynq_platform
TRACE::2026-08-28.15:54:03::SCWPlatform::Started preparing the platform 
TRACE::2026-08-28.15:54:03::SCWSystem::Writing the bif file for system config target_control_zynq_platform
TRACE::2026-08-28.15:54:03::SCWSystem::dir created 
TRACE::2026-08-28.15:54:03::SCWSystem::Writing the bif 
TRACE::2026-08-28.15:54:03::SCWPlatform::Started writing the spfm file 
TRACE::2026-08-28.15:54:03::SCWPlatform::Started writing the xpfm file 
TRACE::2026-08-28.15:54:03::SCWPlatform::Completed generating the platform
TRACE::2026-08-28.15:54:03::SCWMssOS::Saving the mss changes /home/user/Desktop/latency-aware-target-control/firmware/zynq/vitis_workspace/target_control_zynq_platform/zynq_fsbl/zynq_fsbl_bsp/system.mss
TRACE::2026-08-28.15:54:03::SCWMssOS::Found a swdesign opened with the mssfile.
TRACE::2026-08-28.15:54:03::SCWMssOS::Completed writemss as part of save.
TRACE::2026-08-28.15:54:03::SCWMssOS::Commit changes completed.
TRACE::2026-08-28.15:54:03::SCWMssOS::Saving the mss changes /home/user/Desktop/latency-aware-target-control/firmware/zynq/vitis_workspace/target_control_zynq_platform/ps7_cortexa9_0/standalone_domain/bsp/system.mss
TRACE::2026-08-28.15:54:03::SCWMssOS::Found a swdesign opened with the mssfile.
TRACE::2026-08-28.15:54:03::SCWMssOS::Completed writemss as part of save.
TRACE::2026-08-28.15:54:03::SCWMssOS::Commit changes completed.
TRACE::2026-08-28.15:54:03::SCWMssOS::Saving the mss changes /home/user/Desktop/latency-aware-target-control/firmware/zynq/vitis_workspace/target_control_zynq_platform/ps7_cortexa9_0/freertos_domain/bsp/system.mss
TRACE::2026-08-28.15:54:03::SCWMssOS::Found a swdesign opened with the mssfile.
TRACE::2026-08-28.15:54:03::SCWMssOS::Completed writemss as part of save.
TRACE::2026-08-28.15:54:03::SCWMssOS::Commit changes completed.
TRACE::2026-08-28.15:54:03::SCWPlatform::Trying to open the hw design at /home/user/Desktop/latency-aware-target-control/firmware/zynq/vitis_workspace/target_control_zynq_platform/hw/target_control_zynq_hw.xsa
TRACE::2026-08-28.15:54:03::SCWPlatform::DSA given /home/user/Desktop/latency-aware-target-control/firmware/zynq/vitis_workspace/target_control_zynq_platform/hw/target_control_zynq_hw.xsa
TRACE::2026-08-28.15:54:03::SCWPlatform::DSA absoulate path /home/user/Desktop/latency-aware-target-control/firmware/zynq/vitis_workspace/target_control_zynq_platform/hw/target_control_zynq_hw.xsa
TRACE::2026-08-28.15:54:03::SCWPlatform::DSA directory /home/user/Desktop/latency-aware-target-control/firmware/zynq/vitis_workspace/target_control_zynq_platform/hw
TRACE::2026-08-28.15:54:03::SCWPlatform:: Platform Path /home/user/Desktop/latency-aware-target-control/firmware/zynq/vitis_workspace/target_control_zynq_platform/hw/target_control_zynq_hw.xsa
TRACE::2026-08-28.15:54:03::SCWPlatform:: Unique name xilinx:zybo-z7-10::0.0
TRACE::2026-08-28.15:54:03::SCWPlatform::Trying to set the existing hwdb with name design_1_wrapper_1
TRACE::2026-08-28.15:54:03::SCWPlatform::Opened existing hwdb design_1_wrapper_1
TRACE::2026-08-28.15:54:03::SCWPlatform::Found the Hw Db part of the input DSA
TRACE::2026-08-28.15:54:03::SCWMssOS::Checking the sw design at  /home/user/Desktop/latency-aware-target-control/firmware/zynq/vitis_workspace/target_control_zynq_platform/zynq_fsbl/zynq_fsbl_bsp/system.mss
TRACE::2026-08-28.15:54:03::SCWMssOS::DEBUG:  swdes dump  /home/user/Desktop/latency-aware-target-control/firmware/zynq/vitis_workspace/target_control_zynq_platform/ps7_cortexa9_0/freertos_domain/bsp/system.mss|system_1||
/home/user/Desktop/latency-aware-target-control/firmware/zynq/vitis_workspace/target_control_zynq_platform/ps7_cortexa9_0/standalone_domain/bsp/system.mss|system_0||
/home/user/Desktop/latency-aware-target-control/firmware/zynq/vitis_workspace/target_control_zynq_platform/zynq_fsbl/zynq_fsbl_bsp/system.mss|system||

TRACE::2026-08-28.15:54:03::SCWMssOS::Sw design exists and opened at  /home/user/Desktop/latency-aware-target-control/firmware/zynq/vitis_workspace/target_control_zynq_platform/zynq_fsbl/zynq_fsbl_bsp/system.mss
TRACE::2026-08-28.15:54:03::SCWPlatform::Trying to open the hw design at /home/user/Desktop/latency-aware-target-control/firmware/zynq/vitis_workspace/target_control_zynq_platform/hw/target_control_zynq_hw.xsa
TRACE::2026-08-28.15:54:03::SCWPlatform::DSA given /home/user/Desktop/latency-aware-target-control/firmware/zynq/vitis_workspace/target_control_zynq_platform/hw/target_control_zynq_hw.xsa
TRACE::2026-08-28.15:54:03::SCWPlatform::DSA absoulate path /home/user/Desktop/latency-aware-target-control/firmware/zynq/vitis_workspace/target_control_zynq_platform/hw/target_control_zynq_hw.xsa
TRACE::2026-08-28.15:54:03::SCWPlatform::DSA directory /home/user/Desktop/latency-aware-target-control/firmware/zynq/vitis_workspace/target_control_zynq_platform/hw
TRACE::2026-08-28.15:54:03::SCWPlatform:: Platform Path /home/user/Desktop/latency-aware-target-control/firmware/zynq/vitis_workspace/target_control_zynq_platform/hw/target_control_zynq_hw.xsa
TRACE::2026-08-28.15:54:03::SCWPlatform:: Unique name xilinx:zybo-z7-10::0.0
TRACE::2026-08-28.15:54:03::SCWPlatform::Trying to set the existing hwdb with name design_1_wrapper_1
TRACE::2026-08-28.15:54:03::SCWPlatform::Opened existing hwdb design_1_wrapper_1
TRACE::2026-08-28.15:54:03::SCWPlatform::Found the Hw Db part of the input DSA
TRACE::2026-08-28.15:54:03::SCWMssOS::Checking the sw design at  /home/user/Desktop/latency-aware-target-control/firmware/zynq/vitis_workspace/target_control_zynq_platform/ps7_cortexa9_0/standalone_domain/bsp/system.mss
TRACE::2026-08-28.15:54:03::SCWMssOS::DEBUG:  swdes dump  /home/user/Desktop/latency-aware-target-control/firmware/zynq/vitis_workspace/target_control_zynq_platform/ps7_cortexa9_0/freertos_domain/bsp/system.mss|system_1||
/home/user/Desktop/latency-aware-target-control/firmware/zynq/vitis_workspace/target_control_zynq_platform/ps7_cortexa9_0/standalone_domain/bsp/system.mss|system_0||
/home/user/Desktop/latency-aware-target-control/firmware/zynq/vitis_workspace/target_control_zynq_platform/zynq_fsbl/zynq_fsbl_bsp/system.mss|system||

TRACE::2026-08-28.15:54:03::SCWMssOS::Sw design exists and opened at  /home/user/Desktop/latency-aware-target-control/firmware/zynq/vitis_workspace/target_control_zynq_platform/ps7_cortexa9_0/standalone_domain/bsp/system.mss
TRACE::2026-08-28.15:54:03::SCWPlatform::Trying to open the hw design at /home/user/Desktop/latency-aware-target-control/firmware/zynq/vitis_workspace/target_control_zynq_platform/hw/target_control_zynq_hw.xsa
TRACE::2026-08-28.15:54:03::SCWPlatform::DSA given /home/user/Desktop/latency-aware-target-control/firmware/zynq/vitis_workspace/target_control_zynq_platform/hw/target_control_zynq_hw.xsa
TRACE::2026-08-28.15:54:03::SCWPlatform::DSA absoulate path /home/user/Desktop/latency-aware-target-control/firmware/zynq/vitis_workspace/target_control_zynq_platform/hw/target_control_zynq_hw.xsa
TRACE::2026-08-28.15:54:03::SCWPlatform::DSA directory /home/user/Desktop/latency-aware-target-control/firmware/zynq/vitis_workspace/target_control_zynq_platform/hw
TRACE::2026-08-28.15:54:03::SCWPlatform:: Platform Path /home/user/Desktop/latency-aware-target-control/firmware/zynq/vitis_workspace/target_control_zynq_platform/hw/target_control_zynq_hw.xsa
TRACE::2026-08-28.15:54:03::SCWPlatform:: Unique name xilinx:zybo-z7-10::0.0
TRACE::2026-08-28.15:54:03::SCWPlatform::Trying to set the existing hwdb with name design_1_wrapper_1
TRACE::2026-08-28.15:54:03::SCWPlatform::Opened existing hwdb design_1_wrapper_1
TRACE::2026-08-28.15:54:03::SCWPlatform::Found the Hw Db part of the input DSA
TRACE::2026-08-28.15:54:03::SCWMssOS::Checking the sw design at  /home/user/Desktop/latency-aware-target-control/firmware/zynq/vitis_workspace/target_control_zynq_platform/ps7_cortexa9_0/freertos_domain/bsp/system.mss
TRACE::2026-08-28.15:54:03::SCWMssOS::DEBUG:  swdes dump  /home/user/Desktop/latency-aware-target-control/firmware/zynq/vitis_workspace/target_control_zynq_platform/ps7_cortexa9_0/freertos_domain/bsp/system.mss|system_1||
/home/user/Desktop/latency-aware-target-control/firmware/zynq/vitis_workspace/target_control_zynq_platform/ps7_cortexa9_0/standalone_domain/bsp/system.mss|system_0||
/home/user/Desktop/latency-aware-target-control/firmware/zynq/vitis_workspace/target_control_zynq_platform/zynq_fsbl/zynq_fsbl_bsp/system.mss|system||

TRACE::2026-08-28.15:54:03::SCWMssOS::Sw design exists and opened at  /home/user/Desktop/latency-aware-target-control/firmware/zynq/vitis_workspace/target_control_zynq_platform/ps7_cortexa9_0/freertos_domain/bsp/system.mss
TRACE::2026-08-28.15:54:03::SCWPlatform::Trying to open the hw design at /home/user/Desktop/latency-aware-target-control/firmware/zynq/vitis_workspace/target_control_zynq_platform/hw/target_control_zynq_hw.xsa
TRACE::2026-08-28.15:54:03::SCWPlatform::DSA given /home/user/Desktop/latency-aware-target-control/firmware/zynq/vitis_workspace/target_control_zynq_platform/hw/target_control_zynq_hw.xsa
TRACE::2026-08-28.15:54:03::SCWPlatform::DSA absoulate path /home/user/Desktop/latency-aware-target-control/firmware/zynq/vitis_workspace/target_control_zynq_platform/hw/target_control_zynq_hw.xsa
TRACE::2026-08-28.15:54:03::SCWPlatform::DSA directory /home/user/Desktop/latency-aware-target-control/firmware/zynq/vitis_workspace/target_control_zynq_platform/hw
TRACE::2026-08-28.15:54:03::SCWPlatform:: Platform Path /home/user/Desktop/latency-aware-target-control/firmware/zynq/vitis_workspace/target_control_zynq_platform/hw/target_control_zynq_hw.xsa
TRACE::2026-08-28.15:54:03::SCWPlatform:: Unique name xilinx:zybo-z7-10::0.0
TRACE::2026-08-28.15:54:03::SCWPlatform::Trying to set the existing hwdb with name design_1_wrapper_1
TRACE::2026-08-28.15:54:03::SCWPlatform::Opened existing hwdb design_1_wrapper_1
TRACE::2026-08-28.15:54:03::SCWPlatform::Found the Hw Db part of the input DSA
TRACE::2026-08-28.15:54:03::SCWMssOS::Checking the sw design at  /home/user/Desktop/latency-aware-target-control/firmware/zynq/vitis_workspace/target_control_zynq_platform/ps7_cortexa9_0/freertos_domain/bsp/system.mss
TRACE::2026-08-28.15:54:03::SCWMssOS::DEBUG:  swdes dump  /home/user/Desktop/latency-aware-target-control/firmware/zynq/vitis_workspace/target_control_zynq_platform/ps7_cortexa9_0/freertos_domain/bsp/system.mss|system_1||
/home/user/Desktop/latency-aware-target-control/firmware/zynq/vitis_workspace/target_control_zynq_platform/ps7_cortexa9_0/standalone_domain/bsp/system.mss|system_0||
/home/user/Desktop/latency-aware-target-control/firmware/zynq/vitis_workspace/target_control_zynq_platform/zynq_fsbl/zynq_fsbl_bsp/system.mss|system||

TRACE::2026-08-28.15:54:03::SCWMssOS::Sw design exists and opened at  /home/user/Desktop/latency-aware-target-control/firmware/zynq/vitis_workspace/target_control_zynq_platform/ps7_cortexa9_0/freertos_domain/bsp/system.mss
TRACE::2026-08-28.15:54:03::SCWPlatform::Trying to open the hw design at /home/user/Desktop/latency-aware-target-control/firmware/zynq/vitis_workspace/target_control_zynq_platform/hw/target_control_zynq_hw.xsa
TRACE::2026-08-28.15:54:03::SCWPlatform::DSA given /home/user/Desktop/latency-aware-target-control/firmware/zynq/vitis_workspace/target_control_zynq_platform/hw/target_control_zynq_hw.xsa
TRACE::2026-08-28.15:54:03::SCWPlatform::DSA absoulate path /home/user/Desktop/latency-aware-target-control/firmware/zynq/vitis_workspace/target_control_zynq_platform/hw/target_control_zynq_hw.xsa
TRACE::2026-08-28.15:54:03::SCWPlatform::DSA directory /home/user/Desktop/latency-aware-target-control/firmware/zynq/vitis_workspace/target_control_zynq_platform/hw
TRACE::2026-08-28.15:54:03::SCWPlatform:: Platform Path /home/user/Desktop/latency-aware-target-control/firmware/zynq/vitis_workspace/target_control_zynq_platform/hw/target_control_zynq_hw.xsa
TRACE::2026-08-28.15:54:03::SCWPlatform:: Unique name xilinx:zybo-z7-10::0.0
TRACE::2026-08-28.15:54:03::SCWPlatform::Trying to set the existing hwdb with name design_1_wrapper_1
TRACE::2026-08-28.15:54:03::SCWPlatform::Opened existing hwdb design_1_wrapper_1
TRACE::2026-08-28.15:54:03::SCWPlatform::Found the Hw Db part of the input DSA
TRACE::2026-08-28.15:54:03::SCWMssOS::Checking the sw design at  /home/user/Desktop/latency-aware-target-control/firmware/zynq/vitis_workspace/target_control_zynq_platform/ps7_cortexa9_0/freertos_domain/bsp/system.mss
TRACE::2026-08-28.15:54:03::SCWMssOS::DEBUG:  swdes dump  /home/user/Desktop/latency-aware-target-control/firmware/zynq/vitis_workspace/target_control_zynq_platform/ps7_cortexa9_0/freertos_domain/bsp/system.mss|system_1||
/home/user/Desktop/latency-aware-target-control/firmware/zynq/vitis_workspace/target_control_zynq_platform/ps7_cortexa9_0/standalone_domain/bsp/system.mss|system_0||
/home/user/Desktop/latency-aware-target-control/firmware/zynq/vitis_workspace/target_control_zynq_platform/zynq_fsbl/zynq_fsbl_bsp/system.mss|system||

TRACE::2026-08-28.15:54:03::SCWMssOS::Sw design exists and opened at  /home/user/Desktop/latency-aware-target-control/firmware/zynq/vitis_workspace/target_control_zynq_platform/ps7_cortexa9_0/freertos_domain/bsp/system.mss
TRACE::2026-08-28.15:54:03::SCWWriter::formatted JSON is {
	"platformName":	"target_control_zynq_platform",
	"sprVersion":	"2.0",
	"mode":	"gui",
	"dsaType":	"Fixed",
	"platformDesc":	"target_control_zynq_platform",
	"platHandOff":	"/home/user/Desktop/latency-aware-target-control/firmware/zynq/target_control_zynq_hw/target_control_zynq_hw.xsa",
	"platIntHandOff":	"<platformDir>/hw/target_control_zynq_hw.xsa",
	"deviceType":	"zynq",
	"platIsPrebuiltAutogen":	"false",
	"platIsNoBootBsp":	"false",
	"hasFsblMakeHasChanges":	"false",
	"hasPmufwMakeHasChanges":	"false",
	"fsblExtraCompilerFlags":	"-MMD -MP       -mcpu=cortex-a9 -mfpu=vfpv3 -mfloat-abi=hard ",
	"platPreBuiltFlag":	false,
	"platformSamplesDir":	"",
	"platActiveSys":	"target_control_zynq_platform",
	"systems":	[{
			"systemName":	"target_control_zynq_platform",
			"systemDesc":	"target_control_zynq_platform",
			"sysIsBootAutoGen":	"true",
			"systemDispName":	"target_control_zynq_platform",
			"sysActiveDom":	"freertos_domain",
			"sysDefaultDom":	"freertos_domain",
			"domains":	[{
					"domainName":	"zynq_fsbl",
					"domainDispName":	"zynq_fsbl",
					"domainDesc":	"FSBL Application BSP - Auto Generated.",
					"processors":	"ps7_cortexa9_0",
					"os":	"standalone",
					"sdxOs":	"standalone",
					"debugEnable":	"",
					"domRuntimes":	["cpp"],
					"swRepo":	"",
					"mssOsVer":	"7.7",
					"mssFile":	"",
					"md5Digest":	"68359604a3374d6a43f578fe0b642f17",
					"compatibleApp":	"zynq_fsbl",
					"domType":	"bootDomain",
					"arch":	"32-bit",
					"appSettings":	{
						"appCompilerFlags":	"",
						"appLinkerFlags":	""
					},
					"addedLibs":	["xilffs:4.7", "xilrsa:1.6"],
					"libOptions":	{
						"libsContainingOptions":	[]
					},
					"prebuiltLibs":	{
						"prebuiltIncPath":	[],
						"prebuiltLibPath":	[]
					},
					"isolation":	{
					}
				}, {
					"domainName":	"standalone_domain",
					"domainDispName":	"standalone on ps7_cortexa9_0",
					"domainDesc":	"standalone_domain",
					"processors":	"ps7_cortexa9_0",
					"os":	"standalone",
					"sdxOs":	"standalone",
					"qemuArgs":	"<platformDir>/resources/target_control_zynq_platform/standalone_domain/qemu_args.txt",
					"qemuData":	"<platformDir>/resources/target_control_zynq_platform/standalone_domain/qemu",
					"debugEnable":	"False",
					"domRuntimes":	["cpp"],
					"swRepo":	"",
					"mssOsVer":	"7.7",
					"mssFile":	"",
					"md5Digest":	"859da1b96f35d25dd5a4f58dfbef0ebc",
					"compatibleApp":	"",
					"domType":	"mssDomain",
					"appSettings":	{
						"appCompilerFlags":	"",
						"appLinkerFlags":	""
					},
					"addedLibs":	[],
					"libOptions":	{
						"libsContainingOptions":	[]
					},
					"prebuiltLibs":	{
						"prebuiltIncPath":	[],
						"prebuiltLibPath":	[]
					},
					"isolation":	{
					}
				}, {
					"domainName":	"freertos_domain",
					"domainDispName":	"freertos_domain",
					"domainDesc":	"",
					"processors":	"ps7_cortexa9_0",
					"os":	"freertos10_xilinx",
					"sdxOs":	"freertos",
					"qemuArgs":	"<platformDir>/resources/target_control_zynq_platform/freertos_domain/qemu_args.txt",
					"qemuData":	"<platformDir>/resources/target_control_zynq_platform/freertos_domain/qemu",
					"debugEnable":	"False",
					"domRuntimes":	["cpp"],
					"swRepo":	"",
					"mssOsVer":	"1.11",
					"mssFile":	"",
					"md5Digest":	"1d4908159fbf98cf4d176ccb43eabeb6",
					"compatibleApp":	"",
					"domType":	"mssDomain",
					"arch":	"32-bit",
					"appSettings":	{
						"appCompilerFlags":	"",
						"appLinkerFlags":	""
					},
					"addedLibs":	[],
					"libOptions":	{
						"libsContainingOptions":	[]
					},
					"prebuiltLibs":	{
						"prebuiltIncPath":	[],
						"prebuiltLibPath":	[]
					},
					"isolation":	{
					}
				}]
		}]
}
KEYINFO::2026-08-28.15:54:03::SCWPlatform::updated the xpfm file.
TRACE::2026-08-28.15:54:03::SCWPlatform::Trying to open the hw design at /home/user/Desktop/latency-aware-target-control/firmware/zynq/vitis_workspace/target_control_zynq_platform/hw/target_control_zynq_hw.xsa
TRACE::2026-08-28.15:54:03::SCWPlatform::DSA given /home/user/Desktop/latency-aware-target-control/firmware/zynq/vitis_workspace/target_control_zynq_platform/hw/target_control_zynq_hw.xsa
TRACE::2026-08-28.15:54:03::SCWPlatform::DSA absoulate path /home/user/Desktop/latency-aware-target-control/firmware/zynq/vitis_workspace/target_control_zynq_platform/hw/target_control_zynq_hw.xsa
TRACE::2026-08-28.15:54:03::SCWPlatform::DSA directory /home/user/Desktop/latency-aware-target-control/firmware/zynq/vitis_workspace/target_control_zynq_platform/hw
TRACE::2026-08-28.15:54:03::SCWPlatform:: Platform Path /home/user/Desktop/latency-aware-target-control/firmware/zynq/vitis_workspace/target_control_zynq_platform/hw/target_control_zynq_hw.xsa
TRACE::2026-08-28.15:54:03::SCWPlatform:: Unique name xilinx:zybo-z7-10::0.0
TRACE::2026-08-28.15:54:03::SCWPlatform::Trying to set the existing hwdb with name design_1_wrapper_1
TRACE::2026-08-28.15:54:03::SCWPlatform::Opened existing hwdb design_1_wrapper_1
TRACE::2026-08-28.15:54:03::SCWPlatform::Found the Hw Db part of the input DSA
TRACE::2026-08-28.15:54:03::SCWMssOS::Checking the sw design at  /home/user/Desktop/latency-aware-target-control/firmware/zynq/vitis_workspace/target_control_zynq_platform/ps7_cortexa9_0/standalone_domain/bsp/system.mss
TRACE::2026-08-28.15:54:03::SCWMssOS::DEBUG:  swdes dump  /home/user/Desktop/latency-aware-target-control/firmware/zynq/vitis_workspace/target_control_zynq_platform/ps7_cortexa9_0/freertos_domain/bsp/system.mss|system_1||
/home/user/Desktop/latency-aware-target-control/firmware/zynq/vitis_workspace/target_control_zynq_platform/ps7_cortexa9_0/standalone_domain/bsp/system.mss|system_0||
/home/user/Desktop/latency-aware-target-control/firmware/zynq/vitis_workspace/target_control_zynq_platform/zynq_fsbl/zynq_fsbl_bsp/system.mss|system||

TRACE::2026-08-28.15:54:03::SCWMssOS::Sw design exists and opened at  /home/user/Desktop/latency-aware-target-control/firmware/zynq/vitis_workspace/target_control_zynq_platform/ps7_cortexa9_0/standalone_domain/bsp/system.mss
TRACE::2026-08-28.15:54:03::SCWPlatform::Trying to open the hw design at /home/user/Desktop/latency-aware-target-control/firmware/zynq/vitis_workspace/target_control_zynq_platform/hw/target_control_zynq_hw.xsa
TRACE::2026-08-28.15:54:03::SCWPlatform::DSA given /home/user/Desktop/latency-aware-target-control/firmware/zynq/vitis_workspace/target_control_zynq_platform/hw/target_control_zynq_hw.xsa
TRACE::2026-08-28.15:54:03::SCWPlatform::DSA absoulate path /home/user/Desktop/latency-aware-target-control/firmware/zynq/vitis_workspace/target_control_zynq_platform/hw/target_control_zynq_hw.xsa
TRACE::2026-08-28.15:54:03::SCWPlatform::DSA directory /home/user/Desktop/latency-aware-target-control/firmware/zynq/vitis_workspace/target_control_zynq_platform/hw
TRACE::2026-08-28.15:54:03::SCWPlatform:: Platform Path /home/user/Desktop/latency-aware-target-control/firmware/zynq/vitis_workspace/target_control_zynq_platform/hw/target_control_zynq_hw.xsa
TRACE::2026-08-28.15:54:03::SCWPlatform:: Unique name xilinx:zybo-z7-10::0.0
TRACE::2026-08-28.15:54:03::SCWPlatform::Trying to set the existing hwdb with name design_1_wrapper_1
TRACE::2026-08-28.15:54:03::SCWPlatform::Opened existing hwdb design_1_wrapper_1
TRACE::2026-08-28.15:54:03::SCWPlatform::Found the Hw Db part of the input DSA
TRACE::2026-08-28.15:54:03::SCWMssOS::Checking the sw design at  /home/user/Desktop/latency-aware-target-control/firmware/zynq/vitis_workspace/target_control_zynq_platform/ps7_cortexa9_0/freertos_domain/bsp/system.mss
TRACE::2026-08-28.15:54:03::SCWMssOS::DEBUG:  swdes dump  /home/user/Desktop/latency-aware-target-control/firmware/zynq/vitis_workspace/target_control_zynq_platform/ps7_cortexa9_0/freertos_domain/bsp/system.mss|system_1||
/home/user/Desktop/latency-aware-target-control/firmware/zynq/vitis_workspace/target_control_zynq_platform/ps7_cortexa9_0/standalone_domain/bsp/system.mss|system_0||
/home/user/Desktop/latency-aware-target-control/firmware/zynq/vitis_workspace/target_control_zynq_platform/zynq_fsbl/zynq_fsbl_bsp/system.mss|system||

TRACE::2026-08-28.15:54:03::SCWMssOS::Sw design exists and opened at  /home/user/Desktop/latency-aware-target-control/firmware/zynq/vitis_workspace/target_control_zynq_platform/ps7_cortexa9_0/freertos_domain/bsp/system.mss
TRACE::2026-08-28.15:54:03::SCWMssOS::Saving the mss changes /home/user/Desktop/latency-aware-target-control/firmware/zynq/vitis_workspace/target_control_zynq_platform/zynq_fsbl/zynq_fsbl_bsp/system.mss
TRACE::2026-08-28.15:54:03::SCWMssOS::Found a swdesign opened with the mssfile.
TRACE::2026-08-28.15:54:03::SCWMssOS::Completed writemss as part of save.
TRACE::2026-08-28.15:54:03::SCWMssOS::Commit changes completed.
TRACE::2026-08-28.15:54:03::SCWMssOS::Saving the mss changes /home/user/Desktop/latency-aware-target-control/firmware/zynq/vitis_workspace/target_control_zynq_platform/ps7_cortexa9_0/standalone_domain/bsp/system.mss
TRACE::2026-08-28.15:54:03::SCWMssOS::Found a swdesign opened with the mssfile.
TRACE::2026-08-28.15:54:03::SCWMssOS::Completed writemss as part of save.
TRACE::2026-08-28.15:54:03::SCWMssOS::Commit changes completed.
TRACE::2026-08-28.15:54:03::SCWMssOS::Saving the mss changes /home/user/Desktop/latency-aware-target-control/firmware/zynq/vitis_workspace/target_control_zynq_platform/ps7_cortexa9_0/freertos_domain/bsp/system.mss
TRACE::2026-08-28.15:54:03::SCWMssOS::Found a swdesign opened with the mssfile.
TRACE::2026-08-28.15:54:03::SCWMssOS::Completed writemss as part of save.
TRACE::2026-08-28.15:54:03::SCWMssOS::Commit changes completed.
TRACE::2026-08-28.15:54:03::SCWPlatform::Trying to open the hw design at /home/user/Desktop/latency-aware-target-control/firmware/zynq/vitis_workspace/target_control_zynq_platform/hw/target_control_zynq_hw.xsa
TRACE::2026-08-28.15:54:03::SCWPlatform::DSA given /home/user/Desktop/latency-aware-target-control/firmware/zynq/vitis_workspace/target_control_zynq_platform/hw/target_control_zynq_hw.xsa
TRACE::2026-08-28.15:54:03::SCWPlatform::DSA absoulate path /home/user/Desktop/latency-aware-target-control/firmware/zynq/vitis_workspace/target_control_zynq_platform/hw/target_control_zynq_hw.xsa
TRACE::2026-08-28.15:54:03::SCWPlatform::DSA directory /home/user/Desktop/latency-aware-target-control/firmware/zynq/vitis_workspace/target_control_zynq_platform/hw
TRACE::2026-08-28.15:54:03::SCWPlatform:: Platform Path /home/user/Desktop/latency-aware-target-control/firmware/zynq/vitis_workspace/target_control_zynq_platform/hw/target_control_zynq_hw.xsa
TRACE::2026-08-28.15:54:03::SCWPlatform:: Unique name xilinx:zybo-z7-10::0.0
TRACE::2026-08-28.15:54:03::SCWPlatform::Trying to set the existing hwdb with name design_1_wrapper_1
TRACE::2026-08-28.15:54:03::SCWPlatform::Opened existing hwdb design_1_wrapper_1
TRACE::2026-08-28.15:54:03::SCWPlatform::Found the Hw Db part of the input DSA
TRACE::2026-08-28.15:54:03::SCWMssOS::Checking the sw design at  /home/user/Desktop/latency-aware-target-control/firmware/zynq/vitis_workspace/target_control_zynq_platform/zynq_fsbl/zynq_fsbl_bsp/system.mss
TRACE::2026-08-28.15:54:03::SCWMssOS::DEBUG:  swdes dump  /home/user/Desktop/latency-aware-target-control/firmware/zynq/vitis_workspace/target_control_zynq_platform/ps7_cortexa9_0/freertos_domain/bsp/system.mss|system_1||
/home/user/Desktop/latency-aware-target-control/firmware/zynq/vitis_workspace/target_control_zynq_platform/ps7_cortexa9_0/standalone_domain/bsp/system.mss|system_0||
/home/user/Desktop/latency-aware-target-control/firmware/zynq/vitis_workspace/target_control_zynq_platform/zynq_fsbl/zynq_fsbl_bsp/system.mss|system||

TRACE::2026-08-28.15:54:03::SCWMssOS::Sw design exists and opened at  /home/user/Desktop/latency-aware-target-control/firmware/zynq/vitis_workspace/target_control_zynq_platform/zynq_fsbl/zynq_fsbl_bsp/system.mss
TRACE::2026-08-28.15:54:03::SCWPlatform::Trying to open the hw design at /home/user/Desktop/latency-aware-target-control/firmware/zynq/vitis_workspace/target_control_zynq_platform/hw/target_control_zynq_hw.xsa
TRACE::2026-08-28.15:54:03::SCWPlatform::DSA given /home/user/Desktop/latency-aware-target-control/firmware/zynq/vitis_workspace/target_control_zynq_platform/hw/target_control_zynq_hw.xsa
TRACE::2026-08-28.15:54:03::SCWPlatform::DSA absoulate path /home/user/Desktop/latency-aware-target-control/firmware/zynq/vitis_workspace/target_control_zynq_platform/hw/target_control_zynq_hw.xsa
TRACE::2026-08-28.15:54:03::SCWPlatform::DSA directory /home/user/Desktop/latency-aware-target-control/firmware/zynq/vitis_workspace/target_control_zynq_platform/hw
TRACE::2026-08-28.15:54:03::SCWPlatform:: Platform Path /home/user/Desktop/latency-aware-target-control/firmware/zynq/vitis_workspace/target_control_zynq_platform/hw/target_control_zynq_hw.xsa
TRACE::2026-08-28.15:54:03::SCWPlatform:: Unique name xilinx:zybo-z7-10::0.0
TRACE::2026-08-28.15:54:03::SCWPlatform::Trying to set the existing hwdb with name design_1_wrapper_1
TRACE::2026-08-28.15:54:03::SCWPlatform::Opened existing hwdb design_1_wrapper_1
TRACE::2026-08-28.15:54:03::SCWPlatform::Found the Hw Db part of the input DSA
TRACE::2026-08-28.15:54:03::SCWMssOS::Checking the sw design at  /home/user/Desktop/latency-aware-target-control/firmware/zynq/vitis_workspace/target_control_zynq_platform/ps7_cortexa9_0/standalone_domain/bsp/system.mss
TRACE::2026-08-28.15:54:03::SCWMssOS::DEBUG:  swdes dump  /home/user/Desktop/latency-aware-target-control/firmware/zynq/vitis_workspace/target_control_zynq_platform/ps7_cortexa9_0/freertos_domain/bsp/system.mss|system_1||
/home/user/Desktop/latency-aware-target-control/firmware/zynq/vitis_workspace/target_control_zynq_platform/ps7_cortexa9_0/standalone_domain/bsp/system.mss|system_0||
/home/user/Desktop/latency-aware-target-control/firmware/zynq/vitis_workspace/target_control_zynq_platform/zynq_fsbl/zynq_fsbl_bsp/system.mss|system||

TRACE::2026-08-28.15:54:03::SCWMssOS::Sw design exists and opened at  /home/user/Desktop/latency-aware-target-control/firmware/zynq/vitis_workspace/target_control_zynq_platform/ps7_cortexa9_0/standalone_domain/bsp/system.mss
TRACE::2026-08-28.15:54:03::SCWPlatform::Trying to open the hw design at /home/user/Desktop/latency-aware-target-control/firmware/zynq/vitis_workspace/target_control_zynq_platform/hw/target_control_zynq_hw.xsa
TRACE::2026-08-28.15:54:03::SCWPlatform::DSA given /home/user/Desktop/latency-aware-target-control/firmware/zynq/vitis_workspace/target_control_zynq_platform/hw/target_control_zynq_hw.xsa
TRACE::2026-08-28.15:54:03::SCWPlatform::DSA absoulate path /home/user/Desktop/latency-aware-target-control/firmware/zynq/vitis_workspace/target_control_zynq_platform/hw/target_control_zynq_hw.xsa
TRACE::2026-08-28.15:54:03::SCWPlatform::DSA directory /home/user/Desktop/latency-aware-target-control/firmware/zynq/vitis_workspace/target_control_zynq_platform/hw
TRACE::2026-08-28.15:54:03::SCWPlatform:: Platform Path /home/user/Desktop/latency-aware-target-control/firmware/zynq/vitis_workspace/target_control_zynq_platform/hw/target_control_zynq_hw.xsa
TRACE::2026-08-28.15:54:03::SCWPlatform:: Unique name xilinx:zybo-z7-10::0.0
TRACE::2026-08-28.15:54:03::SCWPlatform::Trying to set the existing hwdb with name design_1_wrapper_1
TRACE::2026-08-28.15:54:03::SCWPlatform::Opened existing hwdb design_1_wrapper_1
TRACE::2026-08-28.15:54:03::SCWPlatform::Found the Hw Db part of the input DSA
TRACE::2026-08-28.15:54:03::SCWMssOS::Checking the sw design at  /home/user/Desktop/latency-aware-target-control/firmware/zynq/vitis_workspace/target_control_zynq_platform/ps7_cortexa9_0/freertos_domain/bsp/system.mss
TRACE::2026-08-28.15:54:03::SCWMssOS::DEBUG:  swdes dump  /home/user/Desktop/latency-aware-target-control/firmware/zynq/vitis_workspace/target_control_zynq_platform/ps7_cortexa9_0/freertos_domain/bsp/system.mss|system_1||
/home/user/Desktop/latency-aware-target-control/firmware/zynq/vitis_workspace/target_control_zynq_platform/ps7_cortexa9_0/standalone_domain/bsp/system.mss|system_0||
/home/user/Desktop/latency-aware-target-control/firmware/zynq/vitis_workspace/target_control_zynq_platform/zynq_fsbl/zynq_fsbl_bsp/system.mss|system||

TRACE::2026-08-28.15:54:03::SCWMssOS::Sw design exists and opened at  /home/user/Desktop/latency-aware-target-control/firmware/zynq/vitis_workspace/target_control_zynq_platform/ps7_cortexa9_0/freertos_domain/bsp/system.mss
TRACE::2026-08-28.15:54:03::SCWPlatform::Trying to open the hw design at /home/user/Desktop/latency-aware-target-control/firmware/zynq/vitis_workspace/target_control_zynq_platform/hw/target_control_zynq_hw.xsa
TRACE::2026-08-28.15:54:03::SCWPlatform::DSA given /home/user/Desktop/latency-aware-target-control/firmware/zynq/vitis_workspace/target_control_zynq_platform/hw/target_control_zynq_hw.xsa
TRACE::2026-08-28.15:54:03::SCWPlatform::DSA absoulate path /home/user/Desktop/latency-aware-target-control/firmware/zynq/vitis_workspace/target_control_zynq_platform/hw/target_control_zynq_hw.xsa
TRACE::2026-08-28.15:54:03::SCWPlatform::DSA directory /home/user/Desktop/latency-aware-target-control/firmware/zynq/vitis_workspace/target_control_zynq_platform/hw
TRACE::2026-08-28.15:54:03::SCWPlatform:: Platform Path /home/user/Desktop/latency-aware-target-control/firmware/zynq/vitis_workspace/target_control_zynq_platform/hw/target_control_zynq_hw.xsa
TRACE::2026-08-28.15:54:03::SCWPlatform:: Unique name xilinx:zybo-z7-10::0.0
TRACE::2026-08-28.15:54:03::SCWPlatform::Trying to set the existing hwdb with name design_1_wrapper_1
TRACE::2026-08-28.15:54:03::SCWPlatform::Opened existing hwdb design_1_wrapper_1
TRACE::2026-08-28.15:54:03::SCWPlatform::Found the Hw Db part of the input DSA
TRACE::2026-08-28.15:54:03::SCWMssOS::Checking the sw design at  /home/user/Desktop/latency-aware-target-control/firmware/zynq/vitis_workspace/target_control_zynq_platform/ps7_cortexa9_0/freertos_domain/bsp/system.mss
TRACE::2026-08-28.15:54:03::SCWMssOS::DEBUG:  swdes dump  /home/user/Desktop/latency-aware-target-control/firmware/zynq/vitis_workspace/target_control_zynq_platform/ps7_cortexa9_0/freertos_domain/bsp/system.mss|system_1||
/home/user/Desktop/latency-aware-target-control/firmware/zynq/vitis_workspace/target_control_zynq_platform/ps7_cortexa9_0/standalone_domain/bsp/system.mss|system_0||
/home/user/Desktop/latency-aware-target-control/firmware/zynq/vitis_workspace/target_control_zynq_platform/zynq_fsbl/zynq_fsbl_bsp/system.mss|system||

TRACE::2026-08-28.15:54:03::SCWMssOS::Sw design exists and opened at  /home/user/Desktop/latency-aware-target-control/firmware/zynq/vitis_workspace/target_control_zynq_platform/ps7_cortexa9_0/freertos_domain/bsp/system.mss
TRACE::2026-08-28.15:54:03::SCWPlatform::Trying to open the hw design at /home/user/Desktop/latency-aware-target-control/firmware/zynq/vitis_workspace/target_control_zynq_platform/hw/target_control_zynq_hw.xsa
TRACE::2026-08-28.15:54:03::SCWPlatform::DSA given /home/user/Desktop/latency-aware-target-control/firmware/zynq/vitis_workspace/target_control_zynq_platform/hw/target_control_zynq_hw.xsa
TRACE::2026-08-28.15:54:03::SCWPlatform::DSA absoulate path /home/user/Desktop/latency-aware-target-control/firmware/zynq/vitis_workspace/target_control_zynq_platform/hw/target_control_zynq_hw.xsa
TRACE::2026-08-28.15:54:03::SCWPlatform::DSA directory /home/user/Desktop/latency-aware-target-control/firmware/zynq/vitis_workspace/target_control_zynq_platform/hw
TRACE::2026-08-28.15:54:03::SCWPlatform:: Platform Path /home/user/Desktop/latency-aware-target-control/firmware/zynq/vitis_workspace/target_control_zynq_platform/hw/target_control_zynq_hw.xsa
TRACE::2026-08-28.15:54:03::SCWPlatform:: Unique name xilinx:zybo-z7-10::0.0
TRACE::2026-08-28.15:54:03::SCWPlatform::Trying to set the existing hwdb with name design_1_wrapper_1
TRACE::2026-08-28.15:54:03::SCWPlatform::Opened existing hwdb design_1_wrapper_1
TRACE::2026-08-28.15:54:03::SCWPlatform::Found the Hw Db part of the input DSA
TRACE::2026-08-28.15:54:03::SCWMssOS::Checking the sw design at  /home/user/Desktop/latency-aware-target-control/firmware/zynq/vitis_workspace/target_control_zynq_platform/ps7_cortexa9_0/freertos_domain/bsp/system.mss
TRACE::2026-08-28.15:54:03::SCWMssOS::DEBUG:  swdes dump  /home/user/Desktop/latency-aware-target-control/firmware/zynq/vitis_workspace/target_control_zynq_platform/ps7_cortexa9_0/freertos_domain/bsp/system.mss|system_1||
/home/user/Desktop/latency-aware-target-control/firmware/zynq/vitis_workspace/target_control_zynq_platform/ps7_cortexa9_0/standalone_domain/bsp/system.mss|system_0||
/home/user/Desktop/latency-aware-target-control/firmware/zynq/vitis_workspace/target_control_zynq_platform/zynq_fsbl/zynq_fsbl_bsp/system.mss|system||

TRACE::2026-08-28.15:54:03::SCWMssOS::Sw design exists and opened at  /home/user/Desktop/latency-aware-target-control/firmware/zynq/vitis_workspace/target_control_zynq_platform/ps7_cortexa9_0/freertos_domain/bsp/system.mss
TRACE::2026-08-28.15:54:03::SCWWriter::formatted JSON is {
	"platformName":	"target_control_zynq_platform",
	"sprVersion":	"2.0",
	"mode":	"gui",
	"dsaType":	"Fixed",
	"platformDesc":	"target_control_zynq_platform",
	"platHandOff":	"/home/user/Desktop/latency-aware-target-control/firmware/zynq/target_control_zynq_hw/target_control_zynq_hw.xsa",
	"platIntHandOff":	"<platformDir>/hw/target_control_zynq_hw.xsa",
	"deviceType":	"zynq",
	"platIsPrebuiltAutogen":	"false",
	"platIsNoBootBsp":	"false",
	"hasFsblMakeHasChanges":	"false",
	"hasPmufwMakeHasChanges":	"false",
	"fsblExtraCompilerFlags":	"-MMD -MP       -mcpu=cortex-a9 -mfpu=vfpv3 -mfloat-abi=hard ",
	"platPreBuiltFlag":	false,
	"platformSamplesDir":	"",
	"platActiveSys":	"target_control_zynq_platform",
	"systems":	[{
			"systemName":	"target_control_zynq_platform",
			"systemDesc":	"target_control_zynq_platform",
			"sysIsBootAutoGen":	"true",
			"systemDispName":	"target_control_zynq_platform",
			"sysActiveDom":	"freertos_domain",
			"sysDefaultDom":	"freertos_domain",
			"domains":	[{
					"domainName":	"zynq_fsbl",
					"domainDispName":	"zynq_fsbl",
					"domainDesc":	"FSBL Application BSP - Auto Generated.",
					"processors":	"ps7_cortexa9_0",
					"os":	"standalone",
					"sdxOs":	"standalone",
					"debugEnable":	"",
					"domRuntimes":	["cpp"],
					"swRepo":	"",
					"mssOsVer":	"7.7",
					"mssFile":	"",
					"md5Digest":	"68359604a3374d6a43f578fe0b642f17",
					"compatibleApp":	"zynq_fsbl",
					"domType":	"bootDomain",
					"arch":	"32-bit",
					"appSettings":	{
						"appCompilerFlags":	"",
						"appLinkerFlags":	""
					},
					"addedLibs":	["xilffs:4.7", "xilrsa:1.6"],
					"libOptions":	{
						"libsContainingOptions":	[]
					},
					"prebuiltLibs":	{
						"prebuiltIncPath":	[],
						"prebuiltLibPath":	[]
					},
					"isolation":	{
					}
				}, {
					"domainName":	"standalone_domain",
					"domainDispName":	"standalone on ps7_cortexa9_0",
					"domainDesc":	"standalone_domain",
					"processors":	"ps7_cortexa9_0",
					"os":	"standalone",
					"sdxOs":	"standalone",
					"qemuArgs":	"<platformDir>/resources/target_control_zynq_platform/standalone_domain/qemu_args.txt",
					"qemuData":	"<platformDir>/resources/target_control_zynq_platform/standalone_domain/qemu",
					"debugEnable":	"False",
					"domRuntimes":	["cpp"],
					"swRepo":	"",
					"mssOsVer":	"7.7",
					"mssFile":	"",
					"md5Digest":	"859da1b96f35d25dd5a4f58dfbef0ebc",
					"compatibleApp":	"",
					"domType":	"mssDomain",
					"appSettings":	{
						"appCompilerFlags":	"",
						"appLinkerFlags":	""
					},
					"addedLibs":	[],
					"libOptions":	{
						"libsContainingOptions":	[]
					},
					"prebuiltLibs":	{
						"prebuiltIncPath":	[],
						"prebuiltLibPath":	[]
					},
					"isolation":	{
					}
				}, {
					"domainName":	"freertos_domain",
					"domainDispName":	"freertos_domain",
					"domainDesc":	"",
					"processors":	"ps7_cortexa9_0",
					"os":	"freertos10_xilinx",
					"sdxOs":	"freertos",
					"qemuArgs":	"<platformDir>/resources/target_control_zynq_platform/freertos_domain/qemu_args.txt",
					"qemuData":	"<platformDir>/resources/target_control_zynq_platform/freertos_domain/qemu",
					"debugEnable":	"False",
					"domRuntimes":	["cpp"],
					"swRepo":	"",
					"mssOsVer":	"1.11",
					"mssFile":	"",
					"md5Digest":	"1d4908159fbf98cf4d176ccb43eabeb6",
					"compatibleApp":	"",
					"domType":	"mssDomain",
					"arch":	"32-bit",
					"appSettings":	{
						"appCompilerFlags":	"",
						"appLinkerFlags":	""
					},
					"addedLibs":	[],
					"libOptions":	{
						"libsContainingOptions":	[]
					},
					"prebuiltLibs":	{
						"prebuiltIncPath":	[],
						"prebuiltLibPath":	[]
					},
					"isolation":	{
					}
				}]
		}]
}
TRACE::2026-08-28.15:54:03::SCWPlatform::Trying to open the hw design at /home/user/Desktop/latency-aware-target-control/firmware/zynq/vitis_workspace/target_control_zynq_platform/hw/target_control_zynq_hw.xsa
TRACE::2026-08-28.15:54:03::SCWPlatform::DSA given /home/user/Desktop/latency-aware-target-control/firmware/zynq/vitis_workspace/target_control_zynq_platform/hw/target_control_zynq_hw.xsa
TRACE::2026-08-28.15:54:03::SCWPlatform::DSA absoulate path /home/user/Desktop/latency-aware-target-control/firmware/zynq/vitis_workspace/target_control_zynq_platform/hw/target_control_zynq_hw.xsa
TRACE::2026-08-28.15:54:03::SCWPlatform::DSA directory /home/user/Desktop/latency-aware-target-control/firmware/zynq/vitis_workspace/target_control_zynq_platform/hw
TRACE::2026-08-28.15:54:03::SCWPlatform:: Platform Path /home/user/Desktop/latency-aware-target-control/firmware/zynq/vitis_workspace/target_control_zynq_platform/hw/target_control_zynq_hw.xsa
TRACE::2026-08-28.15:54:03::SCWPlatform:: Unique name xilinx:zybo-z7-10::0.0
TRACE::2026-08-28.15:54:03::SCWPlatform::Trying to set the existing hwdb with name design_1_wrapper_1
TRACE::2026-08-28.15:54:03::SCWPlatform::Opened existing hwdb design_1_wrapper_1
TRACE::2026-08-28.15:54:03::SCWPlatform::Found the Hw Db part of the input DSA
TRACE::2026-08-28.15:54:03::SCWMssOS::Checking the sw design at  /home/user/Desktop/latency-aware-target-control/firmware/zynq/vitis_workspace/target_control_zynq_platform/ps7_cortexa9_0/standalone_domain/bsp/system.mss
TRACE::2026-08-28.15:54:03::SCWMssOS::DEBUG:  swdes dump  /home/user/Desktop/latency-aware-target-control/firmware/zynq/vitis_workspace/target_control_zynq_platform/ps7_cortexa9_0/freertos_domain/bsp/system.mss|system_1||
/home/user/Desktop/latency-aware-target-control/firmware/zynq/vitis_workspace/target_control_zynq_platform/ps7_cortexa9_0/standalone_domain/bsp/system.mss|system_0||
/home/user/Desktop/latency-aware-target-control/firmware/zynq/vitis_workspace/target_control_zynq_platform/zynq_fsbl/zynq_fsbl_bsp/system.mss|system||

TRACE::2026-08-28.15:54:03::SCWMssOS::Sw design exists and opened at  /home/user/Desktop/latency-aware-target-control/firmware/zynq/vitis_workspace/target_control_zynq_platform/ps7_cortexa9_0/standalone_domain/bsp/system.mss
TRACE::2026-08-28.15:54:03::SCWPlatform::Trying to open the hw design at /home/user/Desktop/latency-aware-target-control/firmware/zynq/vitis_workspace/target_control_zynq_platform/hw/target_control_zynq_hw.xsa
TRACE::2026-08-28.15:54:03::SCWPlatform::DSA given /home/user/Desktop/latency-aware-target-control/firmware/zynq/vitis_workspace/target_control_zynq_platform/hw/target_control_zynq_hw.xsa
TRACE::2026-08-28.15:54:03::SCWPlatform::DSA absoulate path /home/user/Desktop/latency-aware-target-control/firmware/zynq/vitis_workspace/target_control_zynq_platform/hw/target_control_zynq_hw.xsa
TRACE::2026-08-28.15:54:03::SCWPlatform::DSA directory /home/user/Desktop/latency-aware-target-control/firmware/zynq/vitis_workspace/target_control_zynq_platform/hw
TRACE::2026-08-28.15:54:03::SCWPlatform:: Platform Path /home/user/Desktop/latency-aware-target-control/firmware/zynq/vitis_workspace/target_control_zynq_platform/hw/target_control_zynq_hw.xsa
TRACE::2026-08-28.15:54:03::SCWPlatform:: Unique name xilinx:zybo-z7-10::0.0
TRACE::2026-08-28.15:54:03::SCWPlatform::Trying to set the existing hwdb with name design_1_wrapper_1
TRACE::2026-08-28.15:54:03::SCWPlatform::Opened existing hwdb design_1_wrapper_1
TRACE::2026-08-28.15:54:03::SCWPlatform::Found the Hw Db part of the input DSA
TRACE::2026-08-28.15:54:03::SCWMssOS::Checking the sw design at  /home/user/Desktop/latency-aware-target-control/firmware/zynq/vitis_workspace/target_control_zynq_platform/ps7_cortexa9_0/freertos_domain/bsp/system.mss
TRACE::2026-08-28.15:54:03::SCWMssOS::DEBUG:  swdes dump  /home/user/Desktop/latency-aware-target-control/firmware/zynq/vitis_workspace/target_control_zynq_platform/ps7_cortexa9_0/freertos_domain/bsp/system.mss|system_1||
/home/user/Desktop/latency-aware-target-control/firmware/zynq/vitis_workspace/target_control_zynq_platform/ps7_cortexa9_0/standalone_domain/bsp/system.mss|system_0||
/home/user/Desktop/latency-aware-target-control/firmware/zynq/vitis_workspace/target_control_zynq_platform/zynq_fsbl/zynq_fsbl_bsp/system.mss|system||

TRACE::2026-08-28.15:54:03::SCWMssOS::Sw design exists and opened at  /home/user/Desktop/latency-aware-target-control/firmware/zynq/vitis_workspace/target_control_zynq_platform/ps7_cortexa9_0/freertos_domain/bsp/system.mss
TRACE::2026-08-28.15:54:03::SCWPlatform::Trying to open the hw design at /home/user/Desktop/latency-aware-target-control/firmware/zynq/vitis_workspace/target_control_zynq_platform/hw/target_control_zynq_hw.xsa
TRACE::2026-08-28.15:54:03::SCWPlatform::DSA given /home/user/Desktop/latency-aware-target-control/firmware/zynq/vitis_workspace/target_control_zynq_platform/hw/target_control_zynq_hw.xsa
TRACE::2026-08-28.15:54:03::SCWPlatform::DSA absoulate path /home/user/Desktop/latency-aware-target-control/firmware/zynq/vitis_workspace/target_control_zynq_platform/hw/target_control_zynq_hw.xsa
TRACE::2026-08-28.15:54:03::SCWPlatform::DSA directory /home/user/Desktop/latency-aware-target-control/firmware/zynq/vitis_workspace/target_control_zynq_platform/hw
TRACE::2026-08-28.15:54:03::SCWPlatform:: Platform Path /home/user/Desktop/latency-aware-target-control/firmware/zynq/vitis_workspace/target_control_zynq_platform/hw/target_control_zynq_hw.xsa
TRACE::2026-08-28.15:54:03::SCWPlatform:: Unique name xilinx:zybo-z7-10::0.0
TRACE::2026-08-28.15:54:03::SCWPlatform::Trying to set the existing hwdb with name design_1_wrapper_1
TRACE::2026-08-28.15:54:03::SCWPlatform::Opened existing hwdb design_1_wrapper_1
TRACE::2026-08-28.15:54:03::SCWPlatform::Found the Hw Db part of the input DSA
TRACE::2026-08-28.15:54:03::SCWMssOS::Checking the sw design at  /home/user/Desktop/latency-aware-target-control/firmware/zynq/vitis_workspace/target_control_zynq_platform/ps7_cortexa9_0/freertos_domain/bsp/system.mss
TRACE::2026-08-28.15:54:03::SCWMssOS::DEBUG:  swdes dump  /home/user/Desktop/latency-aware-target-control/firmware/zynq/vitis_workspace/target_control_zynq_platform/ps7_cortexa9_0/freertos_domain/bsp/system.mss|system_1||
/home/user/Desktop/latency-aware-target-control/firmware/zynq/vitis_workspace/target_control_zynq_platform/ps7_cortexa9_0/standalone_domain/bsp/system.mss|system_0||
/home/user/Desktop/latency-aware-target-control/firmware/zynq/vitis_workspace/target_control_zynq_platform/zynq_fsbl/zynq_fsbl_bsp/system.mss|system||

TRACE::2026-08-28.15:54:03::SCWMssOS::Sw design exists and opened at  /home/user/Desktop/latency-aware-target-control/firmware/zynq/vitis_workspace/target_control_zynq_platform/ps7_cortexa9_0/freertos_domain/bsp/system.mss
TRACE::2026-08-28.15:54:03::SCWMssOS::Saving the mss changes /home/user/Desktop/latency-aware-target-control/firmware/zynq/vitis_workspace/target_control_zynq_platform/zynq_fsbl/zynq_fsbl_bsp/system.mss
TRACE::2026-08-28.15:54:03::SCWMssOS::Found a swdesign opened with the mssfile.
TRACE::2026-08-28.15:54:03::SCWMssOS::Completed writemss as part of save.
TRACE::2026-08-28.15:54:03::SCWMssOS::Commit changes completed.
TRACE::2026-08-28.15:54:03::SCWMssOS::Saving the mss changes /home/user/Desktop/latency-aware-target-control/firmware/zynq/vitis_workspace/target_control_zynq_platform/ps7_cortexa9_0/standalone_domain/bsp/system.mss
TRACE::2026-08-28.15:54:03::SCWMssOS::Found a swdesign opened with the mssfile.
TRACE::2026-08-28.15:54:03::SCWMssOS::Completed writemss as part of save.
TRACE::2026-08-28.15:54:03::SCWMssOS::Commit changes completed.
TRACE::2026-08-28.15:54:03::SCWMssOS::Saving the mss changes /home/user/Desktop/latency-aware-target-control/firmware/zynq/vitis_workspace/target_control_zynq_platform/ps7_cortexa9_0/freertos_domain/bsp/system.mss
TRACE::2026-08-28.15:54:03::SCWMssOS::Found a swdesign opened with the mssfile.
TRACE::2026-08-28.15:54:03::SCWMssOS::Completed writemss as part of save.
TRACE::2026-08-28.15:54:03::SCWMssOS::Commit changes completed.
TRACE::2026-08-28.15:54:03::SCWPlatform::Trying to open the hw design at /home/user/Desktop/latency-aware-target-control/firmware/zynq/vitis_workspace/target_control_zynq_platform/hw/target_control_zynq_hw.xsa
TRACE::2026-08-28.15:54:03::SCWPlatform::DSA given /home/user/Desktop/latency-aware-target-control/firmware/zynq/vitis_workspace/target_control_zynq_platform/hw/target_control_zynq_hw.xsa
TRACE::2026-08-28.15:54:03::SCWPlatform::DSA absoulate path /home/user/Desktop/latency-aware-target-control/firmware/zynq/vitis_workspace/target_control_zynq_platform/hw/target_control_zynq_hw.xsa
TRACE::2026-08-28.15:54:03::SCWPlatform::DSA directory /home/user/Desktop/latency-aware-target-control/firmware/zynq/vitis_workspace/target_control_zynq_platform/hw
TRACE::2026-08-28.15:54:03::SCWPlatform:: Platform Path /home/user/Desktop/latency-aware-target-control/firmware/zynq/vitis_workspace/target_control_zynq_platform/hw/target_control_zynq_hw.xsa
TRACE::2026-08-28.15:54:03::SCWPlatform:: Unique name xilinx:zybo-z7-10::0.0
TRACE::2026-08-28.15:54:03::SCWPlatform::Trying to set the existing hwdb with name design_1_wrapper_1
TRACE::2026-08-28.15:54:03::SCWPlatform::Opened existing hwdb design_1_wrapper_1
TRACE::2026-08-28.15:54:03::SCWPlatform::Found the Hw Db part of the input DSA
TRACE::2026-08-28.15:54:03::SCWMssOS::Checking the sw design at  /home/user/Desktop/latency-aware-target-control/firmware/zynq/vitis_workspace/target_control_zynq_platform/zynq_fsbl/zynq_fsbl_bsp/system.mss
TRACE::2026-08-28.15:54:03::SCWMssOS::DEBUG:  swdes dump  /home/user/Desktop/latency-aware-target-control/firmware/zynq/vitis_workspace/target_control_zynq_platform/ps7_cortexa9_0/freertos_domain/bsp/system.mss|system_1||
/home/user/Desktop/latency-aware-target-control/firmware/zynq/vitis_workspace/target_control_zynq_platform/ps7_cortexa9_0/standalone_domain/bsp/system.mss|system_0||
/home/user/Desktop/latency-aware-target-control/firmware/zynq/vitis_workspace/target_control_zynq_platform/zynq_fsbl/zynq_fsbl_bsp/system.mss|system||

TRACE::2026-08-28.15:54:03::SCWMssOS::Sw design exists and opened at  /home/user/Desktop/latency-aware-target-control/firmware/zynq/vitis_workspace/target_control_zynq_platform/zynq_fsbl/zynq_fsbl_bsp/system.mss
TRACE::2026-08-28.15:54:03::SCWPlatform::Trying to open the hw design at /home/user/Desktop/latency-aware-target-control/firmware/zynq/vitis_workspace/target_control_zynq_platform/hw/target_control_zynq_hw.xsa
TRACE::2026-08-28.15:54:03::SCWPlatform::DSA given /home/user/Desktop/latency-aware-target-control/firmware/zynq/vitis_workspace/target_control_zynq_platform/hw/target_control_zynq_hw.xsa
TRACE::2026-08-28.15:54:03::SCWPlatform::DSA absoulate path /home/user/Desktop/latency-aware-target-control/firmware/zynq/vitis_workspace/target_control_zynq_platform/hw/target_control_zynq_hw.xsa
TRACE::2026-08-28.15:54:03::SCWPlatform::DSA directory /home/user/Desktop/latency-aware-target-control/firmware/zynq/vitis_workspace/target_control_zynq_platform/hw
TRACE::2026-08-28.15:54:03::SCWPlatform:: Platform Path /home/user/Desktop/latency-aware-target-control/firmware/zynq/vitis_workspace/target_control_zynq_platform/hw/target_control_zynq_hw.xsa
TRACE::2026-08-28.15:54:03::SCWPlatform:: Unique name xilinx:zybo-z7-10::0.0
TRACE::2026-08-28.15:54:03::SCWPlatform::Trying to set the existing hwdb with name design_1_wrapper_1
TRACE::2026-08-28.15:54:03::SCWPlatform::Opened existing hwdb design_1_wrapper_1
TRACE::2026-08-28.15:54:03::SCWPlatform::Found the Hw Db part of the input DSA
TRACE::2026-08-28.15:54:03::SCWMssOS::Checking the sw design at  /home/user/Desktop/latency-aware-target-control/firmware/zynq/vitis_workspace/target_control_zynq_platform/ps7_cortexa9_0/standalone_domain/bsp/system.mss
TRACE::2026-08-28.15:54:03::SCWMssOS::DEBUG:  swdes dump  /home/user/Desktop/latency-aware-target-control/firmware/zynq/vitis_workspace/target_control_zynq_platform/ps7_cortexa9_0/freertos_domain/bsp/system.mss|system_1||
/home/user/Desktop/latency-aware-target-control/firmware/zynq/vitis_workspace/target_control_zynq_platform/ps7_cortexa9_0/standalone_domain/bsp/system.mss|system_0||
/home/user/Desktop/latency-aware-target-control/firmware/zynq/vitis_workspace/target_control_zynq_platform/zynq_fsbl/zynq_fsbl_bsp/system.mss|system||

TRACE::2026-08-28.15:54:03::SCWMssOS::Sw design exists and opened at  /home/user/Desktop/latency-aware-target-control/firmware/zynq/vitis_workspace/target_control_zynq_platform/ps7_cortexa9_0/standalone_domain/bsp/system.mss
TRACE::2026-08-28.15:54:03::SCWPlatform::Trying to open the hw design at /home/user/Desktop/latency-aware-target-control/firmware/zynq/vitis_workspace/target_control_zynq_platform/hw/target_control_zynq_hw.xsa
TRACE::2026-08-28.15:54:03::SCWPlatform::DSA given /home/user/Desktop/latency-aware-target-control/firmware/zynq/vitis_workspace/target_control_zynq_platform/hw/target_control_zynq_hw.xsa
TRACE::2026-08-28.15:54:03::SCWPlatform::DSA absoulate path /home/user/Desktop/latency-aware-target-control/firmware/zynq/vitis_workspace/target_control_zynq_platform/hw/target_control_zynq_hw.xsa
TRACE::2026-08-28.15:54:03::SCWPlatform::DSA directory /home/user/Desktop/latency-aware-target-control/firmware/zynq/vitis_workspace/target_control_zynq_platform/hw
TRACE::2026-08-28.15:54:03::SCWPlatform:: Platform Path /home/user/Desktop/latency-aware-target-control/firmware/zynq/vitis_workspace/target_control_zynq_platform/hw/target_control_zynq_hw.xsa
TRACE::2026-08-28.15:54:03::SCWPlatform:: Unique name xilinx:zybo-z7-10::0.0
TRACE::2026-08-28.15:54:03::SCWPlatform::Trying to set the existing hwdb with name design_1_wrapper_1
TRACE::2026-08-28.15:54:03::SCWPlatform::Opened existing hwdb design_1_wrapper_1
TRACE::2026-08-28.15:54:03::SCWPlatform::Found the Hw Db part of the input DSA
TRACE::2026-08-28.15:54:03::SCWMssOS::Checking the sw design at  /home/user/Desktop/latency-aware-target-control/firmware/zynq/vitis_workspace/target_control_zynq_platform/ps7_cortexa9_0/freertos_domain/bsp/system.mss
TRACE::2026-08-28.15:54:03::SCWMssOS::DEBUG:  swdes dump  /home/user/Desktop/latency-aware-target-control/firmware/zynq/vitis_workspace/target_control_zynq_platform/ps7_cortexa9_0/freertos_domain/bsp/system.mss|system_1||
/home/user/Desktop/latency-aware-target-control/firmware/zynq/vitis_workspace/target_control_zynq_platform/ps7_cortexa9_0/standalone_domain/bsp/system.mss|system_0||
/home/user/Desktop/latency-aware-target-control/firmware/zynq/vitis_workspace/target_control_zynq_platform/zynq_fsbl/zynq_fsbl_bsp/system.mss|system||

TRACE::2026-08-28.15:54:03::SCWMssOS::Sw design exists and opened at  /home/user/Desktop/latency-aware-target-control/firmware/zynq/vitis_workspace/target_control_zynq_platform/ps7_cortexa9_0/freertos_domain/bsp/system.mss
TRACE::2026-08-28.15:54:03::SCWPlatform::Trying to open the hw design at /home/user/Desktop/latency-aware-target-control/firmware/zynq/vitis_workspace/target_control_zynq_platform/hw/target_control_zynq_hw.xsa
TRACE::2026-08-28.15:54:03::SCWPlatform::DSA given /home/user/Desktop/latency-aware-target-control/firmware/zynq/vitis_workspace/target_control_zynq_platform/hw/target_control_zynq_hw.xsa
TRACE::2026-08-28.15:54:03::SCWPlatform::DSA absoulate path /home/user/Desktop/latency-aware-target-control/firmware/zynq/vitis_workspace/target_control_zynq_platform/hw/target_control_zynq_hw.xsa
TRACE::2026-08-28.15:54:03::SCWPlatform::DSA directory /home/user/Desktop/latency-aware-target-control/firmware/zynq/vitis_workspace/target_control_zynq_platform/hw
TRACE::2026-08-28.15:54:03::SCWPlatform:: Platform Path /home/user/Desktop/latency-aware-target-control/firmware/zynq/vitis_workspace/target_control_zynq_platform/hw/target_control_zynq_hw.xsa
TRACE::2026-08-28.15:54:03::SCWPlatform:: Unique name xilinx:zybo-z7-10::0.0
TRACE::2026-08-28.15:54:03::SCWPlatform::Trying to set the existing hwdb with name design_1_wrapper_1
TRACE::2026-08-28.15:54:03::SCWPlatform::Opened existing hwdb design_1_wrapper_1
TRACE::2026-08-28.15:54:03::SCWPlatform::Found the Hw Db part of the input DSA
TRACE::2026-08-28.15:54:03::SCWMssOS::Checking the sw design at  /home/user/Desktop/latency-aware-target-control/firmware/zynq/vitis_workspace/target_control_zynq_platform/ps7_cortexa9_0/freertos_domain/bsp/system.mss
TRACE::2026-08-28.15:54:03::SCWMssOS::DEBUG:  swdes dump  /home/user/Desktop/latency-aware-target-control/firmware/zynq/vitis_workspace/target_control_zynq_platform/ps7_cortexa9_0/freertos_domain/bsp/system.mss|system_1||
/home/user/Desktop/latency-aware-target-control/firmware/zynq/vitis_workspace/target_control_zynq_platform/ps7_cortexa9_0/standalone_domain/bsp/system.mss|system_0||
/home/user/Desktop/latency-aware-target-control/firmware/zynq/vitis_workspace/target_control_zynq_platform/zynq_fsbl/zynq_fsbl_bsp/system.mss|system||

TRACE::2026-08-28.15:54:03::SCWMssOS::Sw design exists and opened at  /home/user/Desktop/latency-aware-target-control/firmware/zynq/vitis_workspace/target_control_zynq_platform/ps7_cortexa9_0/freertos_domain/bsp/system.mss
TRACE::2026-08-28.15:54:03::SCWPlatform::Trying to open the hw design at /home/user/Desktop/latency-aware-target-control/firmware/zynq/vitis_workspace/target_control_zynq_platform/hw/target_control_zynq_hw.xsa
TRACE::2026-08-28.15:54:03::SCWPlatform::DSA given /home/user/Desktop/latency-aware-target-control/firmware/zynq/vitis_workspace/target_control_zynq_platform/hw/target_control_zynq_hw.xsa
TRACE::2026-08-28.15:54:03::SCWPlatform::DSA absoulate path /home/user/Desktop/latency-aware-target-control/firmware/zynq/vitis_workspace/target_control_zynq_platform/hw/target_control_zynq_hw.xsa
TRACE::2026-08-28.15:54:03::SCWPlatform::DSA directory /home/user/Desktop/latency-aware-target-control/firmware/zynq/vitis_workspace/target_control_zynq_platform/hw
TRACE::2026-08-28.15:54:03::SCWPlatform:: Platform Path /home/user/Desktop/latency-aware-target-control/firmware/zynq/vitis_workspace/target_control_zynq_platform/hw/target_control_zynq_hw.xsa
TRACE::2026-08-28.15:54:03::SCWPlatform:: Unique name xilinx:zybo-z7-10::0.0
TRACE::2026-08-28.15:54:03::SCWPlatform::Trying to set the existing hwdb with name design_1_wrapper_1
TRACE::2026-08-28.15:54:03::SCWPlatform::Opened existing hwdb design_1_wrapper_1
TRACE::2026-08-28.15:54:03::SCWPlatform::Found the Hw Db part of the input DSA
TRACE::2026-08-28.15:54:03::SCWMssOS::Checking the sw design at  /home/user/Desktop/latency-aware-target-control/firmware/zynq/vitis_workspace/target_control_zynq_platform/ps7_cortexa9_0/freertos_domain/bsp/system.mss
TRACE::2026-08-28.15:54:03::SCWMssOS::DEBUG:  swdes dump  /home/user/Desktop/latency-aware-target-control/firmware/zynq/vitis_workspace/target_control_zynq_platform/ps7_cortexa9_0/freertos_domain/bsp/system.mss|system_1||
/home/user/Desktop/latency-aware-target-control/firmware/zynq/vitis_workspace/target_control_zynq_platform/ps7_cortexa9_0/standalone_domain/bsp/system.mss|system_0||
/home/user/Desktop/latency-aware-target-control/firmware/zynq/vitis_workspace/target_control_zynq_platform/zynq_fsbl/zynq_fsbl_bsp/system.mss|system||

TRACE::2026-08-28.15:54:03::SCWMssOS::Sw design exists and opened at  /home/user/Desktop/latency-aware-target-control/firmware/zynq/vitis_workspace/target_control_zynq_platform/ps7_cortexa9_0/freertos_domain/bsp/system.mss
TRACE::2026-08-28.15:54:03::SCWWriter::formatted JSON is {
	"platformName":	"target_control_zynq_platform",
	"sprVersion":	"2.0",
	"mode":	"gui",
	"dsaType":	"Fixed",
	"platformDesc":	"target_control_zynq_platform",
	"platHandOff":	"/home/user/Desktop/latency-aware-target-control/firmware/zynq/target_control_zynq_hw/target_control_zynq_hw.xsa",
	"platIntHandOff":	"<platformDir>/hw/target_control_zynq_hw.xsa",
	"deviceType":	"zynq",
	"platIsPrebuiltAutogen":	"false",
	"platIsNoBootBsp":	"false",
	"hasFsblMakeHasChanges":	"false",
	"hasPmufwMakeHasChanges":	"false",
	"fsblExtraCompilerFlags":	"-MMD -MP       -mcpu=cortex-a9 -mfpu=vfpv3 -mfloat-abi=hard ",
	"platPreBuiltFlag":	false,
	"platformSamplesDir":	"",
	"platActiveSys":	"target_control_zynq_platform",
	"systems":	[{
			"systemName":	"target_control_zynq_platform",
			"systemDesc":	"target_control_zynq_platform",
			"sysIsBootAutoGen":	"true",
			"systemDispName":	"target_control_zynq_platform",
			"sysActiveDom":	"freertos_domain",
			"sysDefaultDom":	"freertos_domain",
			"domains":	[{
					"domainName":	"zynq_fsbl",
					"domainDispName":	"zynq_fsbl",
					"domainDesc":	"FSBL Application BSP - Auto Generated.",
					"processors":	"ps7_cortexa9_0",
					"os":	"standalone",
					"sdxOs":	"standalone",
					"debugEnable":	"",
					"domRuntimes":	["cpp"],
					"swRepo":	"",
					"mssOsVer":	"7.7",
					"mssFile":	"",
					"md5Digest":	"68359604a3374d6a43f578fe0b642f17",
					"compatibleApp":	"zynq_fsbl",
					"domType":	"bootDomain",
					"arch":	"32-bit",
					"appSettings":	{
						"appCompilerFlags":	"",
						"appLinkerFlags":	""
					},
					"addedLibs":	["xilffs:4.7", "xilrsa:1.6"],
					"libOptions":	{
						"libsContainingOptions":	[]
					},
					"prebuiltLibs":	{
						"prebuiltIncPath":	[],
						"prebuiltLibPath":	[]
					},
					"isolation":	{
					}
				}, {
					"domainName":	"standalone_domain",
					"domainDispName":	"standalone on ps7_cortexa9_0",
					"domainDesc":	"standalone_domain",
					"processors":	"ps7_cortexa9_0",
					"os":	"standalone",
					"sdxOs":	"standalone",
					"qemuArgs":	"<platformDir>/resources/target_control_zynq_platform/standalone_domain/qemu_args.txt",
					"qemuData":	"<platformDir>/resources/target_control_zynq_platform/standalone_domain/qemu",
					"debugEnable":	"False",
					"domRuntimes":	["cpp"],
					"swRepo":	"",
					"mssOsVer":	"7.7",
					"mssFile":	"",
					"md5Digest":	"859da1b96f35d25dd5a4f58dfbef0ebc",
					"compatibleApp":	"",
					"domType":	"mssDomain",
					"appSettings":	{
						"appCompilerFlags":	"",
						"appLinkerFlags":	""
					},
					"addedLibs":	[],
					"libOptions":	{
						"libsContainingOptions":	[]
					},
					"prebuiltLibs":	{
						"prebuiltIncPath":	[],
						"prebuiltLibPath":	[]
					},
					"isolation":	{
					}
				}, {
					"domainName":	"freertos_domain",
					"domainDispName":	"freertos_domain",
					"domainDesc":	"",
					"processors":	"ps7_cortexa9_0",
					"os":	"freertos10_xilinx",
					"sdxOs":	"freertos",
					"qemuArgs":	"<platformDir>/resources/target_control_zynq_platform/freertos_domain/qemu_args.txt",
					"qemuData":	"<platformDir>/resources/target_control_zynq_platform/freertos_domain/qemu",
					"debugEnable":	"False",
					"domRuntimes":	["cpp"],
					"swRepo":	"",
					"mssOsVer":	"1.11",
					"mssFile":	"",
					"md5Digest":	"1d4908159fbf98cf4d176ccb43eabeb6",
					"compatibleApp":	"",
					"domType":	"mssDomain",
					"arch":	"32-bit",
					"appSettings":	{
						"appCompilerFlags":	"",
						"appLinkerFlags":	""
					},
					"addedLibs":	[],
					"libOptions":	{
						"libsContainingOptions":	[]
					},
					"prebuiltLibs":	{
						"prebuiltIncPath":	[],
						"prebuiltLibPath":	[]
					},
					"isolation":	{
					}
				}]
		}]
}
TRACE::2026-08-28.15:54:03::SCWPlatform::Trying to open the hw design at /home/user/Desktop/latency-aware-target-control/firmware/zynq/vitis_workspace/target_control_zynq_platform/hw/target_control_zynq_hw.xsa
TRACE::2026-08-28.15:54:03::SCWPlatform::DSA given /home/user/Desktop/latency-aware-target-control/firmware/zynq/vitis_workspace/target_control_zynq_platform/hw/target_control_zynq_hw.xsa
TRACE::2026-08-28.15:54:03::SCWPlatform::DSA absoulate path /home/user/Desktop/latency-aware-target-control/firmware/zynq/vitis_workspace/target_control_zynq_platform/hw/target_control_zynq_hw.xsa
TRACE::2026-08-28.15:54:03::SCWPlatform::DSA directory /home/user/Desktop/latency-aware-target-control/firmware/zynq/vitis_workspace/target_control_zynq_platform/hw
TRACE::2026-08-28.15:54:03::SCWPlatform:: Platform Path /home/user/Desktop/latency-aware-target-control/firmware/zynq/vitis_workspace/target_control_zynq_platform/hw/target_control_zynq_hw.xsa
TRACE::2026-08-28.15:54:03::SCWPlatform:: Unique name xilinx:zybo-z7-10::0.0
TRACE::2026-08-28.15:54:03::SCWPlatform::Trying to set the existing hwdb with name design_1_wrapper_1
TRACE::2026-08-28.15:54:03::SCWPlatform::Opened existing hwdb design_1_wrapper_1
TRACE::2026-08-28.15:54:03::SCWPlatform::Found the Hw Db part of the input DSA
TRACE::2026-08-28.15:54:03::SCWMssOS::Checking the sw design at  /home/user/Desktop/latency-aware-target-control/firmware/zynq/vitis_workspace/target_control_zynq_platform/ps7_cortexa9_0/freertos_domain/bsp/system.mss
TRACE::2026-08-28.15:54:03::SCWMssOS::DEBUG:  swdes dump  /home/user/Desktop/latency-aware-target-control/firmware/zynq/vitis_workspace/target_control_zynq_platform/ps7_cortexa9_0/freertos_domain/bsp/system.mss|system_1||
/home/user/Desktop/latency-aware-target-control/firmware/zynq/vitis_workspace/target_control_zynq_platform/ps7_cortexa9_0/standalone_domain/bsp/system.mss|system_0||
/home/user/Desktop/latency-aware-target-control/firmware/zynq/vitis_workspace/target_control_zynq_platform/zynq_fsbl/zynq_fsbl_bsp/system.mss|system||

TRACE::2026-08-28.15:54:03::SCWMssOS::Sw design exists and opened at  /home/user/Desktop/latency-aware-target-control/firmware/zynq/vitis_workspace/target_control_zynq_platform/ps7_cortexa9_0/freertos_domain/bsp/system.mss
LOG::2026-08-28.15:54:26::SCWPlatform::Started generating the artifacts platform target_control_zynq_platform
TRACE::2026-08-28.15:54:26::SCWPlatform::Sanity checking of platform is completed
LOG::2026-08-28.15:54:26::SCWPlatform::Started generating the artifacts for system configuration target_control_zynq_platform
LOG::2026-08-28.15:54:26::SCWSystem::Checking the domain zynq_fsbl
LOG::2026-08-28.15:54:26::SCWSystem::Doing application build for :  zynq_fsbl
TRACE::2026-08-28.15:54:26::SCWBDomain::Not a forced makefile updation, No changes are present. 
TRACE::2026-08-28.15:54:26::SCWDomain::Skipping the build for domain :  zynq_fsbl
LOG::2026-08-28.15:54:26::SCWSystem::Checking the domain standalone_domain
LOG::2026-08-28.15:54:26::SCWSystem::Not a boot domain 
LOG::2026-08-28.15:54:26::SCWSystem::Checking the domain freertos_domain
LOG::2026-08-28.15:54:26::SCWSystem::Not a boot domain 
LOG::2026-08-28.15:54:26::SCWSystem::Started Processing the domain standalone_domain
TRACE::2026-08-28.15:54:26::SCWDomain::Generating domain artifcats
TRACE::2026-08-28.15:54:26::SCWMssOS::Generating standalone artifcats
TRACE::2026-08-28.15:54:26::SCWMssOS::Copying the qemu file from  /home/user/Desktop/latency-aware-target-control/firmware/zynq/vitis_workspace/target_control_zynq_platform/resources/target_control_zynq_platform/standalone_domain/qemu_args.txt To /home/user/Desktop/latency-aware-target-control/firmware/zynq/vitis_workspace/target_control_zynq_platform/export/target_control_zynq_platform/sw/target_control_zynq_platform/qemu/
TRACE::2026-08-28.15:54:26::SCWMssOS::Copying the qemu file from  /home/user/Desktop/latency-aware-target-control/firmware/zynq/vitis_workspace/target_control_zynq_platform/resources/target_control_zynq_platform/standalone_domain/qemu_args.txt To /home/user/Desktop/latency-aware-target-control/firmware/zynq/vitis_workspace/target_control_zynq_platform/export/target_control_zynq_platform/sw/target_control_zynq_platform/standalone_domain/qemu/
TRACE::2026-08-28.15:54:26::SCWMssOS:: Copying the user libraries. 
TRACE::2026-08-28.15:54:26::SCWPlatform::Trying to open the hw design at /home/user/Desktop/latency-aware-target-control/firmware/zynq/vitis_workspace/target_control_zynq_platform/hw/target_control_zynq_hw.xsa
TRACE::2026-08-28.15:54:26::SCWPlatform::DSA given /home/user/Desktop/latency-aware-target-control/firmware/zynq/vitis_workspace/target_control_zynq_platform/hw/target_control_zynq_hw.xsa
TRACE::2026-08-28.15:54:26::SCWPlatform::DSA absoulate path /home/user/Desktop/latency-aware-target-control/firmware/zynq/vitis_workspace/target_control_zynq_platform/hw/target_control_zynq_hw.xsa
TRACE::2026-08-28.15:54:26::SCWPlatform::DSA directory /home/user/Desktop/latency-aware-target-control/firmware/zynq/vitis_workspace/target_control_zynq_platform/hw
TRACE::2026-08-28.15:54:26::SCWPlatform:: Platform Path /home/user/Desktop/latency-aware-target-control/firmware/zynq/vitis_workspace/target_control_zynq_platform/hw/target_control_zynq_hw.xsa
TRACE::2026-08-28.15:54:26::SCWPlatform:: Unique name xilinx:zybo-z7-10::0.0
TRACE::2026-08-28.15:54:26::SCWPlatform::Trying to set the existing hwdb with name design_1_wrapper_1
TRACE::2026-08-28.15:54:26::SCWPlatform::Opened existing hwdb design_1_wrapper_1
TRACE::2026-08-28.15:54:26::SCWPlatform::Found the Hw Db part of the input DSA
TRACE::2026-08-28.15:54:26::SCWMssOS::Checking the sw design at  /home/user/Desktop/latency-aware-target-control/firmware/zynq/vitis_workspace/target_control_zynq_platform/ps7_cortexa9_0/standalone_domain/bsp/system.mss
TRACE::2026-08-28.15:54:26::SCWMssOS::DEBUG:  swdes dump  /home/user/Desktop/latency-aware-target-control/firmware/zynq/vitis_workspace/target_control_zynq_platform/ps7_cortexa9_0/freertos_domain/bsp/system.mss|system_1||
/home/user/Desktop/latency-aware-target-control/firmware/zynq/vitis_workspace/target_control_zynq_platform/ps7_cortexa9_0/standalone_domain/bsp/system.mss|system_0||
/home/user/Desktop/latency-aware-target-control/firmware/zynq/vitis_workspace/target_control_zynq_platform/zynq_fsbl/zynq_fsbl_bsp/system.mss|system||

TRACE::2026-08-28.15:54:26::SCWMssOS::Sw design exists and opened at  /home/user/Desktop/latency-aware-target-control/firmware/zynq/vitis_workspace/target_control_zynq_platform/ps7_cortexa9_0/standalone_domain/bsp/system.mss
TRACE::2026-08-28.15:54:26::SCWMssOS::Completed writing the mss file at /home/user/Desktop/latency-aware-target-control/firmware/zynq/vitis_workspace/target_control_zynq_platform/ps7_cortexa9_0/standalone_domain/bsp
TRACE::2026-08-28.15:54:26::SCWMssOS::Mss edits present, copying mssfile into export location /home/user/Desktop/latency-aware-target-control/firmware/zynq/vitis_workspace/target_control_zynq_platform/ps7_cortexa9_0/standalone_domain/bsp/system.mss
TRACE::2026-08-28.15:54:26::SCWMssOS::bsp generated is upto date with the mss file. Skipping bsp generation.
TRACE::2026-08-28.15:54:26::SCWMssOS::BSP is already built. skipping the bsp build ... 
TRACE::2026-08-28.15:54:26::SCWDomain::Skipping the build for domain :  standalone_domain
TRACE::2026-08-28.15:54:26::SCWMssOS::skipping the bsp build ... 
TRACE::2026-08-28.15:54:26::SCWMssOS::Copying to export directory.
TRACE::2026-08-28.15:54:26::SCWMssOS:: Checking if to create the Supporting Applications
TRACE::2026-08-28.15:54:26::SCWMssOS:: No Linux domain exists, trying to generate FSBL 
LOG::2026-08-28.15:54:26::SCWSystem::Completed Processing the domain standalone_domain
LOG::2026-08-28.15:54:26::SCWSystem::Started Processing the domain freertos_domain
TRACE::2026-08-28.15:54:26::SCWDomain::Generating domain artifcats
TRACE::2026-08-28.15:54:26::SCWMssOS::Generating standalone artifcats
TRACE::2026-08-28.15:54:26::SCWMssOS::Copying the qemu file from  /home/user/Desktop/latency-aware-target-control/firmware/zynq/vitis_workspace/target_control_zynq_platform/resources/target_control_zynq_platform/freertos_domain/qemu_args.txt To /home/user/Desktop/latency-aware-target-control/firmware/zynq/vitis_workspace/target_control_zynq_platform/export/target_control_zynq_platform/sw/target_control_zynq_platform/freertos_domain/qemu/
TRACE::2026-08-28.15:54:26::SCWMssOS:: Copying the user libraries. 
TRACE::2026-08-28.15:54:26::SCWPlatform::Trying to open the hw design at /home/user/Desktop/latency-aware-target-control/firmware/zynq/vitis_workspace/target_control_zynq_platform/hw/target_control_zynq_hw.xsa
TRACE::2026-08-28.15:54:26::SCWPlatform::DSA given /home/user/Desktop/latency-aware-target-control/firmware/zynq/vitis_workspace/target_control_zynq_platform/hw/target_control_zynq_hw.xsa
TRACE::2026-08-28.15:54:26::SCWPlatform::DSA absoulate path /home/user/Desktop/latency-aware-target-control/firmware/zynq/vitis_workspace/target_control_zynq_platform/hw/target_control_zynq_hw.xsa
TRACE::2026-08-28.15:54:26::SCWPlatform::DSA directory /home/user/Desktop/latency-aware-target-control/firmware/zynq/vitis_workspace/target_control_zynq_platform/hw
TRACE::2026-08-28.15:54:26::SCWPlatform:: Platform Path /home/user/Desktop/latency-aware-target-control/firmware/zynq/vitis_workspace/target_control_zynq_platform/hw/target_control_zynq_hw.xsa
TRACE::2026-08-28.15:54:26::SCWPlatform:: Unique name xilinx:zybo-z7-10::0.0
TRACE::2026-08-28.15:54:26::SCWPlatform::Trying to set the existing hwdb with name design_1_wrapper_1
TRACE::2026-08-28.15:54:26::SCWPlatform::Opened existing hwdb design_1_wrapper_1
TRACE::2026-08-28.15:54:26::SCWPlatform::Found the Hw Db part of the input DSA
TRACE::2026-08-28.15:54:26::SCWMssOS::Checking the sw design at  /home/user/Desktop/latency-aware-target-control/firmware/zynq/vitis_workspace/target_control_zynq_platform/ps7_cortexa9_0/freertos_domain/bsp/system.mss
TRACE::2026-08-28.15:54:26::SCWMssOS::DEBUG:  swdes dump  /home/user/Desktop/latency-aware-target-control/firmware/zynq/vitis_workspace/target_control_zynq_platform/ps7_cortexa9_0/freertos_domain/bsp/system.mss|system_1||
/home/user/Desktop/latency-aware-target-control/firmware/zynq/vitis_workspace/target_control_zynq_platform/ps7_cortexa9_0/standalone_domain/bsp/system.mss|system_0||
/home/user/Desktop/latency-aware-target-control/firmware/zynq/vitis_workspace/target_control_zynq_platform/zynq_fsbl/zynq_fsbl_bsp/system.mss|system||

TRACE::2026-08-28.15:54:26::SCWMssOS::Sw design exists and opened at  /home/user/Desktop/latency-aware-target-control/firmware/zynq/vitis_workspace/target_control_zynq_platform/ps7_cortexa9_0/freertos_domain/bsp/system.mss
TRACE::2026-08-28.15:54:26::SCWMssOS::Completed writing the mss file at /home/user/Desktop/latency-aware-target-control/firmware/zynq/vitis_workspace/target_control_zynq_platform/ps7_cortexa9_0/freertos_domain/bsp
TRACE::2026-08-28.15:54:26::SCWMssOS::Mss edits present, copying mssfile into export location /home/user/Desktop/latency-aware-target-control/firmware/zynq/vitis_workspace/target_control_zynq_platform/ps7_cortexa9_0/freertos_domain/bsp/system.mss
TRACE::2026-08-28.15:54:26::SCWMssOS::bsp generated is upto date with the mss file. Skipping bsp generation.
TRACE::2026-08-28.15:54:26::SCWMssOS::BSP is already built. skipping the bsp build ... 
TRACE::2026-08-28.15:54:26::SCWDomain::Building the domain :  freertos_domain
TRACE::2026-08-28.15:54:26::SCWMssOS::doing bsp build ... 
TRACE::2026-08-28.15:54:26::SCWMssOS::System Command Ran  cd  /home/user/Desktop/latency-aware-target-control/firmware/zynq/vitis_workspace/target_control_zynq_platform/ps7_cortexa9_0/freertos_domain/bsp ; bash -c "make  " 
TRACE::2026-08-28.15:54:26::SCWMssOS::make --no-print-directory seq_libs

TRACE::2026-08-28.15:54:27::SCWMssOS::Finished building libraries sequentially.

TRACE::2026-08-28.15:54:27::SCWMssOS::make -j 2 --no-print-directory par_libs

TRACE::2026-08-28.15:54:27::SCWMssOS::Running Make include in ps7_cortexa9_0/libsrc/coresightps_dcc_v1_8/src

TRACE::2026-08-28.15:54:27::SCWMssOS::make -C ps7_cortexa9_0/libsrc/coresightps_dcc_v1_8/src -s include  "SHELL=/bin/sh" "COMPILER=arm-none-eabi-gcc" "ASSEMBLER=arm-
TRACE::2026-08-28.15:54:27::SCWMssOS::none-eabi-as" "ARCHIVER=arm-none-eabi-ar" "COMPILER_FLAGS=  -O2 -c" "EXTRA_COMPILER_FLAGS=-mcpu=cortex-a9 -mfpu=vfpv3 -mfloat-a
TRACE::2026-08-28.15:54:27::SCWMssOS::bi=hard -nostartfiles -g -Wall -Wextra -fno-tree-loop-distribute-patterns"

TRACE::2026-08-28.15:54:27::SCWMssOS::Running Make include in ps7_cortexa9_0/libsrc/cpu_cortexa9_v2_11/src

TRACE::2026-08-28.15:54:27::SCWMssOS::make -C ps7_cortexa9_0/libsrc/cpu_cortexa9_v2_11/src -s include  "SHELL=/bin/sh" "COMPILER=arm-none-eabi-gcc" "ASSEMBLER=arm-no
TRACE::2026-08-28.15:54:27::SCWMssOS::ne-eabi-as" "ARCHIVER=arm-none-eabi-ar" "COMPILER_FLAGS=  -O2 -c" "EXTRA_COMPILER_FLAGS=-mcpu=cortex-a9 -mfpu=vfpv3 -mfloat-abi
TRACE::2026-08-28.15:54:27::SCWMssOS::=hard -nostartfiles -g -Wall -Wextra -fno-tree-loop-distribute-patterns"

TRACE::2026-08-28.15:54:27::SCWMssOS::Running Make include in ps7_cortexa9_0/libsrc/ddrps_v1_2/src

TRACE::2026-08-28.15:54:27::SCWMssOS::make -C ps7_cortexa9_0/libsrc/ddrps_v1_2/src -s include  "SHELL=/bin/sh" "COMPILER=arm-none-eabi-gcc" "ASSEMBLER=arm-none-eabi-
TRACE::2026-08-28.15:54:27::SCWMssOS::as" "ARCHIVER=arm-none-eabi-ar" "COMPILER_FLAGS=  -O2 -c" "EXTRA_COMPILER_FLAGS=-mcpu=cortex-a9 -mfpu=vfpv3 -mfloat-abi=hard -n
TRACE::2026-08-28.15:54:27::SCWMssOS::ostartfiles -g -Wall -Wextra -fno-tree-loop-distribute-patterns"

TRACE::2026-08-28.15:54:27::SCWMssOS::Running Make include in ps7_cortexa9_0/libsrc/devcfg_v3_7/src

TRACE::2026-08-28.15:54:27::SCWMssOS::make -C ps7_cortexa9_0/libsrc/devcfg_v3_7/src -s include  "SHELL=/bin/sh" "COMPILER=arm-none-eabi-gcc" "ASSEMBLER=arm-none-eabi
TRACE::2026-08-28.15:54:27::SCWMssOS::-as" "ARCHIVER=arm-none-eabi-ar" "COMPILER_FLAGS=  -O2 -c" "EXTRA_COMPILER_FLAGS=-mcpu=cortex-a9 -mfpu=vfpv3 -mfloat-abi=hard -
TRACE::2026-08-28.15:54:27::SCWMssOS::nostartfiles -g -Wall -Wextra -fno-tree-loop-distribute-patterns"

TRACE::2026-08-28.15:54:27::SCWMssOS::Running Make include in ps7_cortexa9_0/libsrc/dmaps_v2_8/src

TRACE::2026-08-28.15:54:27::SCWMssOS::make -C ps7_cortexa9_0/libsrc/dmaps_v2_8/src -s include  "SHELL=/bin/sh" "COMPILER=arm-none-eabi-gcc" "ASSEMBLER=arm-none-eabi-
TRACE::2026-08-28.15:54:27::SCWMssOS::as" "ARCHIVER=arm-none-eabi-ar" "COMPILER_FLAGS=  -O2 -c" "EXTRA_COMPILER_FLAGS=-mcpu=cortex-a9 -mfpu=vfpv3 -mfloat-abi=hard -n
TRACE::2026-08-28.15:54:27::SCWMssOS::ostartfiles -g -Wall -Wextra -fno-tree-loop-distribute-patterns"

TRACE::2026-08-28.15:54:27::SCWMssOS::Running Make include in ps7_cortexa9_0/libsrc/emacps_v3_16/src

TRACE::2026-08-28.15:54:27::SCWMssOS::make -C ps7_cortexa9_0/libsrc/emacps_v3_16/src -s include  "SHELL=/bin/sh" "COMPILER=arm-none-eabi-gcc" "ASSEMBLER=arm-none-eab
TRACE::2026-08-28.15:54:27::SCWMssOS::i-as" "ARCHIVER=arm-none-eabi-ar" "COMPILER_FLAGS=  -O2 -c" "EXTRA_COMPILER_FLAGS=-mcpu=cortex-a9 -mfpu=vfpv3 -mfloat-abi=hard 
TRACE::2026-08-28.15:54:27::SCWMssOS::-nostartfiles -g -Wall -Wextra -fno-tree-loop-distribute-patterns"

TRACE::2026-08-28.15:54:27::SCWMssOS::Running Make include in ps7_cortexa9_0/libsrc/freertos10_xilinx_v1_11/src

TRACE::2026-08-28.15:54:27::SCWMssOS::make -C ps7_cortexa9_0/libsrc/freertos10_xilinx_v1_11/src -s include  "SHELL=/bin/sh" "COMPILER=arm-none-eabi-gcc" "ASSEMBLER=a
TRACE::2026-08-28.15:54:27::SCWMssOS::rm-none-eabi-as" "ARCHIVER=arm-none-eabi-ar" "COMPILER_FLAGS=  -O2 -c" "EXTRA_COMPILER_FLAGS=-mcpu=cortex-a9 -mfpu=vfpv3 -mfloa
TRACE::2026-08-28.15:54:27::SCWMssOS::t-abi=hard -nostartfiles -g -Wall -Wextra -fno-tree-loop-distribute-patterns"

TRACE::2026-08-28.15:54:27::SCWMssOS::Running Make include in ps7_cortexa9_0/libsrc/gpiops_v3_9/src

TRACE::2026-08-28.15:54:27::SCWMssOS::make -C ps7_cortexa9_0/libsrc/gpiops_v3_9/src -s include  "SHELL=/bin/sh" "COMPILER=arm-none-eabi-gcc" "ASSEMBLER=arm-none-eabi
TRACE::2026-08-28.15:54:27::SCWMssOS::-as" "ARCHIVER=arm-none-eabi-ar" "COMPILER_FLAGS=  -O2 -c" "EXTRA_COMPILER_FLAGS=-mcpu=cortex-a9 -mfpu=vfpv3 -mfloat-abi=hard -
TRACE::2026-08-28.15:54:27::SCWMssOS::nostartfiles -g -Wall -Wextra -fno-tree-loop-distribute-patterns"

TRACE::2026-08-28.15:54:27::SCWMssOS::Running Make include in ps7_cortexa9_0/libsrc/qspips_v3_9/src

TRACE::2026-08-28.15:54:27::SCWMssOS::make -C ps7_cortexa9_0/libsrc/qspips_v3_9/src -s include  "SHELL=/bin/sh" "COMPILER=arm-none-eabi-gcc" "ASSEMBLER=arm-none-eabi
TRACE::2026-08-28.15:54:27::SCWMssOS::-as" "ARCHIVER=arm-none-eabi-ar" "COMPILER_FLAGS=  -O2 -c" "EXTRA_COMPILER_FLAGS=-mcpu=cortex-a9 -mfpu=vfpv3 -mfloat-abi=hard -
TRACE::2026-08-28.15:54:27::SCWMssOS::nostartfiles -g -Wall -Wextra -fno-tree-loop-distribute-patterns"

TRACE::2026-08-28.15:54:27::SCWMssOS::Running Make include in ps7_cortexa9_0/libsrc/scugic_v4_7/src

TRACE::2026-08-28.15:54:27::SCWMssOS::make -C ps7_cortexa9_0/libsrc/scugic_v4_7/src -s include  "SHELL=/bin/sh" "COMPILER=arm-none-eabi-gcc" "ASSEMBLER=arm-none-eabi
TRACE::2026-08-28.15:54:27::SCWMssOS::-as" "ARCHIVER=arm-none-eabi-ar" "COMPILER_FLAGS=  -O2 -c" "EXTRA_COMPILER_FLAGS=-mcpu=cortex-a9 -mfpu=vfpv3 -mfloat-abi=hard -
TRACE::2026-08-28.15:54:27::SCWMssOS::nostartfiles -g -Wall -Wextra -fno-tree-loop-distribute-patterns"

TRACE::2026-08-28.15:54:27::SCWMssOS::Running Make include in ps7_cortexa9_0/libsrc/scutimer_v2_4/src

TRACE::2026-08-28.15:54:27::SCWMssOS::make -C ps7_cortexa9_0/libsrc/scutimer_v2_4/src -s include  "SHELL=/bin/sh" "COMPILER=arm-none-eabi-gcc" "ASSEMBLER=arm-none-ea
TRACE::2026-08-28.15:54:27::SCWMssOS::bi-as" "ARCHIVER=arm-none-eabi-ar" "COMPILER_FLAGS=  -O2 -c" "EXTRA_COMPILER_FLAGS=-mcpu=cortex-a9 -mfpu=vfpv3 -mfloat-abi=hard
TRACE::2026-08-28.15:54:27::SCWMssOS:: -nostartfiles -g -Wall -Wextra -fno-tree-loop-distribute-patterns"

TRACE::2026-08-28.15:54:27::SCWMssOS::includes

TRACE::2026-08-28.15:54:27::SCWMssOS::Running Make include in ps7_cortexa9_0/libsrc/scuwdt_v2_4/src

TRACE::2026-08-28.15:54:27::SCWMssOS::make -C ps7_cortexa9_0/libsrc/scuwdt_v2_4/src -s include  "SHELL=/bin/sh" "COMPILER=arm-none-eabi-gcc" "ASSEMBLER=arm-none-eabi
TRACE::2026-08-28.15:54:27::SCWMssOS::-as" "ARCHIVER=arm-none-eabi-ar" "COMPILER_FLAGS=  -O2 -c" "EXTRA_COMPILER_FLAGS=-mcpu=cortex-a9 -mfpu=vfpv3 -mfloat-abi=hard -
TRACE::2026-08-28.15:54:27::SCWMssOS::nostartfiles -g -Wall -Wextra -fno-tree-loop-distribute-patterns"

TRACE::2026-08-28.15:54:27::SCWMssOS::Running Make include in ps7_cortexa9_0/libsrc/sdps_v3_14/src

TRACE::2026-08-28.15:54:27::SCWMssOS::make -C ps7_cortexa9_0/libsrc/sdps_v3_14/src -s include  "SHELL=/bin/sh" "COMPILER=arm-none-eabi-gcc" "ASSEMBLER=arm-none-eabi-
TRACE::2026-08-28.15:54:27::SCWMssOS::as" "ARCHIVER=arm-none-eabi-ar" "COMPILER_FLAGS=  -O2 -c" "EXTRA_COMPILER_FLAGS=-mcpu=cortex-a9 -mfpu=vfpv3 -mfloat-abi=hard -n
TRACE::2026-08-28.15:54:27::SCWMssOS::ostartfiles -g -Wall -Wextra -fno-tree-loop-distribute-patterns"

TRACE::2026-08-28.15:54:27::SCWMssOS::Running Make include in ps7_cortexa9_0/libsrc/uartps_v3_11/src

TRACE::2026-08-28.15:54:27::SCWMssOS::make -C ps7_cortexa9_0/libsrc/uartps_v3_11/src -s include  "SHELL=/bin/sh" "COMPILER=arm-none-eabi-gcc" "ASSEMBLER=arm-none-eab
TRACE::2026-08-28.15:54:27::SCWMssOS::i-as" "ARCHIVER=arm-none-eabi-ar" "COMPILER_FLAGS=  -O2 -c" "EXTRA_COMPILER_FLAGS=-mcpu=cortex-a9 -mfpu=vfpv3 -mfloat-abi=hard 
TRACE::2026-08-28.15:54:27::SCWMssOS::-nostartfiles -g -Wall -Wextra -fno-tree-loop-distribute-patterns"

TRACE::2026-08-28.15:54:27::SCWMssOS::Running Make include in ps7_cortexa9_0/libsrc/usbps_v2_7/src

TRACE::2026-08-28.15:54:27::SCWMssOS::make -C ps7_cortexa9_0/libsrc/usbps_v2_7/src -s include  "SHELL=/bin/sh" "COMPILER=arm-none-eabi-gcc" "ASSEMBLER=arm-none-eabi-
TRACE::2026-08-28.15:54:27::SCWMssOS::as" "ARCHIVER=arm-none-eabi-ar" "COMPILER_FLAGS=  -O2 -c" "EXTRA_COMPILER_FLAGS=-mcpu=cortex-a9 -mfpu=vfpv3 -mfloat-abi=hard -n
TRACE::2026-08-28.15:54:27::SCWMssOS::ostartfiles -g -Wall -Wextra -fno-tree-loop-distribute-patterns"

TRACE::2026-08-28.15:54:27::SCWMssOS::Running Make include in ps7_cortexa9_0/libsrc/xadcps_v2_6/src

TRACE::2026-08-28.15:54:27::SCWMssOS::make -C ps7_cortexa9_0/libsrc/xadcps_v2_6/src -s include  "SHELL=/bin/sh" "COMPILER=arm-none-eabi-gcc" "ASSEMBLER=arm-none-eabi
TRACE::2026-08-28.15:54:27::SCWMssOS::-as" "ARCHIVER=arm-none-eabi-ar" "COMPILER_FLAGS=  -O2 -c" "EXTRA_COMPILER_FLAGS=-mcpu=cortex-a9 -mfpu=vfpv3 -mfloat-abi=hard -
TRACE::2026-08-28.15:54:27::SCWMssOS::nostartfiles -g -Wall -Wextra -fno-tree-loop-distribute-patterns"

TRACE::2026-08-28.15:54:27::SCWMssOS::Running Make libs in ps7_cortexa9_0/libsrc/cpu_cortexa9_v2_11/src

TRACE::2026-08-28.15:54:27::SCWMssOS::make -C ps7_cortexa9_0/libsrc/cpu_cortexa9_v2_11/src -s libs  "SHELL=/bin/sh" "COMPILER=arm-none-eabi-gcc" "ASSEMBLER=arm-none-
TRACE::2026-08-28.15:54:27::SCWMssOS::eabi-as" "ARCHIVER=arm-none-eabi-ar" "COMPILER_FLAGS=  -O2 -c" "EXTRA_COMPILER_FLAGS=-mcpu=cortex-a9 -mfpu=vfpv3 -mfloat-abi=ha
TRACE::2026-08-28.15:54:27::SCWMssOS::rd -nostartfiles -g -Wall -Wextra -fno-tree-loop-distribute-patterns"

TRACE::2026-08-28.15:54:27::SCWMssOS::Running Make libs in ps7_cortexa9_0/libsrc/coresightps_dcc_v1_8/src

TRACE::2026-08-28.15:54:27::SCWMssOS::make -C ps7_cortexa9_0/libsrc/coresightps_dcc_v1_8/src -s libs  "SHELL=/bin/sh" "COMPILER=arm-none-eabi-gcc" "ASSEMBLER=arm-non
TRACE::2026-08-28.15:54:27::SCWMssOS::e-eabi-as" "ARCHIVER=arm-none-eabi-ar" "COMPILER_FLAGS=  -O2 -c" "EXTRA_COMPILER_FLAGS=-mcpu=cortex-a9 -mfpu=vfpv3 -mfloat-abi=
TRACE::2026-08-28.15:54:27::SCWMssOS::hard -nostartfiles -g -Wall -Wextra -fno-tree-loop-distribute-patterns"

TRACE::2026-08-28.15:54:27::SCWMssOS::Running Make libs in ps7_cortexa9_0/libsrc/ddrps_v1_2/src

TRACE::2026-08-28.15:54:27::SCWMssOS::make -C ps7_cortexa9_0/libsrc/ddrps_v1_2/src -s libs  "SHELL=/bin/sh" "COMPILER=arm-none-eabi-gcc" "ASSEMBLER=arm-none-eabi-as"
TRACE::2026-08-28.15:54:27::SCWMssOS:: "ARCHIVER=arm-none-eabi-ar" "COMPILER_FLAGS=  -O2 -c" "EXTRA_COMPILER_FLAGS=-mcpu=cortex-a9 -mfpu=vfpv3 -mfloat-abi=hard -nost
TRACE::2026-08-28.15:54:27::SCWMssOS::artfiles -g -Wall -Wextra -fno-tree-loop-distribute-patterns"

TRACE::2026-08-28.15:54:27::SCWMssOS::Running Make libs in ps7_cortexa9_0/libsrc/devcfg_v3_7/src

TRACE::2026-08-28.15:54:27::SCWMssOS::make -C ps7_cortexa9_0/libsrc/devcfg_v3_7/src -s libs  "SHELL=/bin/sh" "COMPILER=arm-none-eabi-gcc" "ASSEMBLER=arm-none-eabi-as
TRACE::2026-08-28.15:54:27::SCWMssOS::" "ARCHIVER=arm-none-eabi-ar" "COMPILER_FLAGS=  -O2 -c" "EXTRA_COMPILER_FLAGS=-mcpu=cortex-a9 -mfpu=vfpv3 -mfloat-abi=hard -nos
TRACE::2026-08-28.15:54:27::SCWMssOS::tartfiles -g -Wall -Wextra -fno-tree-loop-distribute-patterns"

TRACE::2026-08-28.15:54:27::SCWMssOS::Running Make libs in ps7_cortexa9_0/libsrc/dmaps_v2_8/src

TRACE::2026-08-28.15:54:27::SCWMssOS::make -C ps7_cortexa9_0/libsrc/dmaps_v2_8/src -s libs  "SHELL=/bin/sh" "COMPILER=arm-none-eabi-gcc" "ASSEMBLER=arm-none-eabi-as"
TRACE::2026-08-28.15:54:27::SCWMssOS:: "ARCHIVER=arm-none-eabi-ar" "COMPILER_FLAGS=  -O2 -c" "EXTRA_COMPILER_FLAGS=-mcpu=cortex-a9 -mfpu=vfpv3 -mfloat-abi=hard -nost
TRACE::2026-08-28.15:54:27::SCWMssOS::artfiles -g -Wall -Wextra -fno-tree-loop-distribute-patterns"

TRACE::2026-08-28.15:54:27::SCWMssOS::Running Make libs in ps7_cortexa9_0/libsrc/emacps_v3_16/src

TRACE::2026-08-28.15:54:27::SCWMssOS::make -C ps7_cortexa9_0/libsrc/emacps_v3_16/src -s libs  "SHELL=/bin/sh" "COMPILER=arm-none-eabi-gcc" "ASSEMBLER=arm-none-eabi-a
TRACE::2026-08-28.15:54:27::SCWMssOS::s" "ARCHIVER=arm-none-eabi-ar" "COMPILER_FLAGS=  -O2 -c" "EXTRA_COMPILER_FLAGS=-mcpu=cortex-a9 -mfpu=vfpv3 -mfloat-abi=hard -no
TRACE::2026-08-28.15:54:27::SCWMssOS::startfiles -g -Wall -Wextra -fno-tree-loop-distribute-patterns"

TRACE::2026-08-28.15:54:27::SCWMssOS::Running Make libs in ps7_cortexa9_0/libsrc/freertos10_xilinx_v1_11/src

TRACE::2026-08-28.15:54:27::SCWMssOS::make -C ps7_cortexa9_0/libsrc/freertos10_xilinx_v1_11/src -s libs  "SHELL=/bin/sh" "COMPILER=arm-none-eabi-gcc" "ASSEMBLER=arm-
TRACE::2026-08-28.15:54:27::SCWMssOS::none-eabi-as" "ARCHIVER=arm-none-eabi-ar" "COMPILER_FLAGS=  -O2 -c" "EXTRA_COMPILER_FLAGS=-mcpu=cortex-a9 -mfpu=vfpv3 -mfloat-a
TRACE::2026-08-28.15:54:27::SCWMssOS::bi=hard -nostartfiles -g -Wall -Wextra -fno-tree-loop-distribute-patterns"

TRACE::2026-08-28.15:54:28::SCWMssOS::Running Make libs in ps7_cortexa9_0/libsrc/gpiops_v3_9/src

TRACE::2026-08-28.15:54:28::SCWMssOS::make -C ps7_cortexa9_0/libsrc/gpiops_v3_9/src -s libs  "SHELL=/bin/sh" "COMPILER=arm-none-eabi-gcc" "ASSEMBLER=arm-none-eabi-as
TRACE::2026-08-28.15:54:28::SCWMssOS::" "ARCHIVER=arm-none-eabi-ar" "COMPILER_FLAGS=  -O2 -c" "EXTRA_COMPILER_FLAGS=-mcpu=cortex-a9 -mfpu=vfpv3 -mfloat-abi=hard -nos
TRACE::2026-08-28.15:54:28::SCWMssOS::tartfiles -g -Wall -Wextra -fno-tree-loop-distribute-patterns"

TRACE::2026-08-28.15:54:29::SCWMssOS::Running Make libs in ps7_cortexa9_0/libsrc/qspips_v3_9/src

TRACE::2026-08-28.15:54:29::SCWMssOS::make -C ps7_cortexa9_0/libsrc/qspips_v3_9/src -s libs  "SHELL=/bin/sh" "COMPILER=arm-none-eabi-gcc" "ASSEMBLER=arm-none-eabi-as
TRACE::2026-08-28.15:54:29::SCWMssOS::" "ARCHIVER=arm-none-eabi-ar" "COMPILER_FLAGS=  -O2 -c" "EXTRA_COMPILER_FLAGS=-mcpu=cortex-a9 -mfpu=vfpv3 -mfloat-abi=hard -nos
TRACE::2026-08-28.15:54:29::SCWMssOS::tartfiles -g -Wall -Wextra -fno-tree-loop-distribute-patterns"

TRACE::2026-08-28.15:54:30::SCWMssOS::Running Make libs in ps7_cortexa9_0/libsrc/scugic_v4_7/src

TRACE::2026-08-28.15:54:30::SCWMssOS::make -C ps7_cortexa9_0/libsrc/scugic_v4_7/src -s libs  "SHELL=/bin/sh" "COMPILER=arm-none-eabi-gcc" "ASSEMBLER=arm-none-eabi-as
TRACE::2026-08-28.15:54:30::SCWMssOS::" "ARCHIVER=arm-none-eabi-ar" "COMPILER_FLAGS=  -O2 -c" "EXTRA_COMPILER_FLAGS=-mcpu=cortex-a9 -mfpu=vfpv3 -mfloat-abi=hard -nos
TRACE::2026-08-28.15:54:30::SCWMssOS::tartfiles -g -Wall -Wextra -fno-tree-loop-distribute-patterns"

TRACE::2026-08-28.15:54:30::SCWMssOS::Running Make libs in ps7_cortexa9_0/libsrc/scutimer_v2_4/src

TRACE::2026-08-28.15:54:30::SCWMssOS::make -C ps7_cortexa9_0/libsrc/scutimer_v2_4/src -s libs  "SHELL=/bin/sh" "COMPILER=arm-none-eabi-gcc" "ASSEMBLER=arm-none-eabi-
TRACE::2026-08-28.15:54:30::SCWMssOS::as" "ARCHIVER=arm-none-eabi-ar" "COMPILER_FLAGS=  -O2 -c" "EXTRA_COMPILER_FLAGS=-mcpu=cortex-a9 -mfpu=vfpv3 -mfloat-abi=hard -n
TRACE::2026-08-28.15:54:30::SCWMssOS::ostartfiles -g -Wall -Wextra -fno-tree-loop-distribute-patterns"

TRACE::2026-08-28.15:54:30::SCWMssOS::Running Make libs in ps7_cortexa9_0/libsrc/scuwdt_v2_4/src

TRACE::2026-08-28.15:54:30::SCWMssOS::make -C ps7_cortexa9_0/libsrc/scuwdt_v2_4/src -s libs  "SHELL=/bin/sh" "COMPILER=arm-none-eabi-gcc" "ASSEMBLER=arm-none-eabi-as
TRACE::2026-08-28.15:54:30::SCWMssOS::" "ARCHIVER=arm-none-eabi-ar" "COMPILER_FLAGS=  -O2 -c" "EXTRA_COMPILER_FLAGS=-mcpu=cortex-a9 -mfpu=vfpv3 -mfloat-abi=hard -nos
TRACE::2026-08-28.15:54:30::SCWMssOS::tartfiles -g -Wall -Wextra -fno-tree-loop-distribute-patterns"

TRACE::2026-08-28.15:54:31::SCWMssOS::Running Make libs in ps7_cortexa9_0/libsrc/sdps_v3_14/src

TRACE::2026-08-28.15:54:31::SCWMssOS::make -C ps7_cortexa9_0/libsrc/sdps_v3_14/src -s libs  "SHELL=/bin/sh" "COMPILER=arm-none-eabi-gcc" "ASSEMBLER=arm-none-eabi-as"
TRACE::2026-08-28.15:54:31::SCWMssOS:: "ARCHIVER=arm-none-eabi-ar" "COMPILER_FLAGS=  -O2 -c" "EXTRA_COMPILER_FLAGS=-mcpu=cortex-a9 -mfpu=vfpv3 -mfloat-abi=hard -nost
TRACE::2026-08-28.15:54:31::SCWMssOS::artfiles -g -Wall -Wextra -fno-tree-loop-distribute-patterns"

TRACE::2026-08-28.15:54:32::SCWMssOS::Running Make libs in ps7_cortexa9_0/libsrc/uartps_v3_11/src

TRACE::2026-08-28.15:54:32::SCWMssOS::make -C ps7_cortexa9_0/libsrc/uartps_v3_11/src -s libs  "SHELL=/bin/sh" "COMPILER=arm-none-eabi-gcc" "ASSEMBLER=arm-none-eabi-a
TRACE::2026-08-28.15:54:32::SCWMssOS::s" "ARCHIVER=arm-none-eabi-ar" "COMPILER_FLAGS=  -O2 -c" "EXTRA_COMPILER_FLAGS=-mcpu=cortex-a9 -mfpu=vfpv3 -mfloat-abi=hard -no
TRACE::2026-08-28.15:54:32::SCWMssOS::startfiles -g -Wall -Wextra -fno-tree-loop-distribute-patterns"

TRACE::2026-08-28.15:54:32::SCWMssOS::Running Make libs in ps7_cortexa9_0/libsrc/usbps_v2_7/src

TRACE::2026-08-28.15:54:32::SCWMssOS::make -C ps7_cortexa9_0/libsrc/usbps_v2_7/src -s libs  "SHELL=/bin/sh" "COMPILER=arm-none-eabi-gcc" "ASSEMBLER=arm-none-eabi-as"
TRACE::2026-08-28.15:54:32::SCWMssOS:: "ARCHIVER=arm-none-eabi-ar" "COMPILER_FLAGS=  -O2 -c" "EXTRA_COMPILER_FLAGS=-mcpu=cortex-a9 -mfpu=vfpv3 -mfloat-abi=hard -nost
TRACE::2026-08-28.15:54:32::SCWMssOS::artfiles -g -Wall -Wextra -fno-tree-loop-distribute-patterns"

TRACE::2026-08-28.15:54:32::SCWMssOS::Running Make libs in ps7_cortexa9_0/libsrc/xadcps_v2_6/src

TRACE::2026-08-28.15:54:32::SCWMssOS::make -C ps7_cortexa9_0/libsrc/xadcps_v2_6/src -s libs  "SHELL=/bin/sh" "COMPILER=arm-none-eabi-gcc" "ASSEMBLER=arm-none-eabi-as
TRACE::2026-08-28.15:54:32::SCWMssOS::" "ARCHIVER=arm-none-eabi-ar" "COMPILER_FLAGS=  -O2 -c" "EXTRA_COMPILER_FLAGS=-mcpu=cortex-a9 -mfpu=vfpv3 -mfloat-abi=hard -nos
TRACE::2026-08-28.15:54:32::SCWMssOS::tartfiles -g -Wall -Wextra -fno-tree-loop-distribute-patterns"

TRACE::2026-08-28.15:54:33::SCWMssOS::Finished building libraries parallelly.

TRACE::2026-08-28.15:54:33::SCWMssOS::make --no-print-directory archive

TRACE::2026-08-28.15:54:33::SCWMssOS::arm-none-eabi-ar -r  ps7_cortexa9_0/lib/libxil.a ps7_cortexa9_0/lib/abort.o ps7_cortexa9_0/lib/boot.o ps7_cortexa9_0/lib/close.
TRACE::2026-08-28.15:54:33::SCWMssOS::o ps7_cortexa9_0/lib/cpputest_time.o ps7_cortexa9_0/lib/cpu_init.o ps7_cortexa9_0/lib/errno.o ps7_cortexa9_0/lib/_exit.o ps7_co
TRACE::2026-08-28.15:54:33::SCWMssOS::rtexa9_0/lib/fcntl.o ps7_cortexa9_0/lib/fstat.o ps7_cortexa9_0/lib/getpid.o ps7_cortexa9_0/lib/inbyte.o ps7_cortexa9_0/lib/isat
TRACE::2026-08-28.15:54:33::SCWMssOS::ty.o ps7_cortexa9_0/lib/kill.o ps7_cortexa9_0/lib/lseek.o ps7_cortexa9_0/lib/_open.o ps7_cortexa9_0/lib/open.o ps7_cortexa9_0/l
TRACE::2026-08-28.15:54:33::SCWMssOS::ib/outbyte.o ps7_cortexa9_0/lib/print.o ps7_cortexa9_0/lib/putnum.o ps7_cortexa9_0/lib/read.o ps7_cortexa9_0/lib/_sbrk.o ps7_co
TRACE::2026-08-28.15:54:33::SCWMssOS::rtexa9_0/lib/sbrk.o ps7_cortexa9_0/lib/sleep.o ps7_cortexa9_0/lib/time.o ps7_cortexa9_0/lib/translation_table.o ps7_cortexa9_0/
TRACE::2026-08-28.15:54:33::SCWMssOS::lib/unlink.o ps7_cortexa9_0/lib/usleep.o ps7_cortexa9_0/lib/vectors.o ps7_cortexa9_0/lib/write.o ps7_cortexa9_0/lib/xadcps_g.o 
TRACE::2026-08-28.15:54:33::SCWMssOS::ps7_cortexa9_0/lib/xadcps_intr.o ps7_cortexa9_0/lib/xadcps.o ps7_cortexa9_0/lib/xadcps_selftest.o ps7_cortexa9_0/lib/xadcps_sin
TRACE::2026-08-28.15:54:33::SCWMssOS::it.o ps7_cortexa9_0/lib/xcoresightpsdcc.o ps7_cortexa9_0/lib/xdevcfg_g.o ps7_cortexa9_0/lib/xdevcfg_hw.o ps7_cortexa9_0/lib/xde
TRACE::2026-08-28.15:54:33::SCWMssOS::vcfg_intr.o ps7_cortexa9_0/lib/xdevcfg.o ps7_cortexa9_0/lib/xdevcfg_selftest.o ps7_cortexa9_0/lib/xdevcfg_sinit.o ps7_cortexa9_
TRACE::2026-08-28.15:54:33::SCWMssOS::0/lib/xdmaps_g.o ps7_cortexa9_0/lib/xdmaps_hw.o ps7_cortexa9_0/lib/xdmaps.o ps7_cortexa9_0/lib/xdmaps_selftest.o ps7_cortexa9_0
TRACE::2026-08-28.15:54:33::SCWMssOS::/lib/xdmaps_sinit.o ps7_cortexa9_0/lib/xemacps_bdring.o ps7_cortexa9_0/lib/xemacps_control.o ps7_cortexa9_0/lib/xemacps_g.o ps7
TRACE::2026-08-28.15:54:33::SCWMssOS::_cortexa9_0/lib/xemacps_hw.o ps7_cortexa9_0/lib/xemacps_intr.o ps7_cortexa9_0/lib/xemacps.o ps7_cortexa9_0/lib/xemacps_sinit.o 
TRACE::2026-08-28.15:54:33::SCWMssOS::ps7_cortexa9_0/lib/xgpiops_g.o ps7_cortexa9_0/lib/xgpiops_hw.o ps7_cortexa9_0/lib/xgpiops_intr.o ps7_cortexa9_0/lib/xgpiops.o p
TRACE::2026-08-28.15:54:33::SCWMssOS::s7_cortexa9_0/lib/xgpiops_selftest.o ps7_cortexa9_0/lib/xgpiops_sinit.o ps7_cortexa9_0/lib/xil_assert.o ps7_cortexa9_0/lib/xil_
TRACE::2026-08-28.15:54:33::SCWMssOS::cache.o ps7_cortexa9_0/lib/xil_clocking.o ps7_cortexa9_0/lib/xil-crt0.o ps7_cortexa9_0/lib/xil_exception.o ps7_cortexa9_0/lib/x
TRACE::2026-08-28.15:54:33::SCWMssOS::il_mem.o ps7_cortexa9_0/lib/xil_misc_psreset_api.o ps7_cortexa9_0/lib/xil_mmu.o ps7_cortexa9_0/lib/xil_printf.o ps7_cortexa9_0/
TRACE::2026-08-28.15:54:33::SCWMssOS::lib/xil_sleepcommon.o ps7_cortexa9_0/lib/xil_sleeptimer.o ps7_cortexa9_0/lib/xil_spinlock.o ps7_cortexa9_0/lib/xil_testcache.o 
TRACE::2026-08-28.15:54:33::SCWMssOS::ps7_cortexa9_0/lib/xil_testio.o ps7_cortexa9_0/lib/xil_testmem.o ps7_cortexa9_0/lib/xil_util.o ps7_cortexa9_0/lib/xinterrupt_wr
TRACE::2026-08-28.15:54:33::SCWMssOS::ap.o ps7_cortexa9_0/lib/xl2cc_counter.o ps7_cortexa9_0/lib/xplatform_info.o ps7_cortexa9_0/lib/xpm_counter.o ps7_cortexa9_0/lib
TRACE::2026-08-28.15:54:33::SCWMssOS::/xqspips_g.o ps7_cortexa9_0/lib/xqspips_hw.o ps7_cortexa9_0/lib/xqspips.o ps7_cortexa9_0/lib/xqspips_options.o ps7_cortexa9_0/l
TRACE::2026-08-28.15:54:33::SCWMssOS::ib/xqspips_selftest.o ps7_cortexa9_0/lib/xqspips_sinit.o ps7_cortexa9_0/lib/xscugic_g.o ps7_cortexa9_0/lib/xscugic_hw.o ps7_cor
TRACE::2026-08-28.15:54:33::SCWMssOS::texa9_0/lib/xscugic_intr.o ps7_cortexa9_0/lib/xscugic.o ps7_cortexa9_0/lib/xscugic_selftest.o ps7_cortexa9_0/lib/xscugic_sinit.
TRACE::2026-08-28.15:54:33::SCWMssOS::o ps7_cortexa9_0/lib/xscutimer_g.o ps7_cortexa9_0/lib/xscutimer.o ps7_cortexa9_0/lib/xscutimer_selftest.o ps7_cortexa9_0/lib/xs
TRACE::2026-08-28.15:54:33::SCWMssOS::cutimer_sinit.o ps7_cortexa9_0/lib/xscuwdt_g.o ps7_cortexa9_0/lib/xscuwdt.o ps7_cortexa9_0/lib/xscuwdt_selftest.o ps7_cortexa9_
TRACE::2026-08-28.15:54:33::SCWMssOS::0/lib/xscuwdt_sinit.o ps7_cortexa9_0/lib/xsdps_card.o ps7_cortexa9_0/lib/xsdps_g.o ps7_cortexa9_0/lib/xsdps_host.o ps7_cortexa9
TRACE::2026-08-28.15:54:33::SCWMssOS::_0/lib/xsdps.o ps7_cortexa9_0/lib/xsdps_options.o ps7_cortexa9_0/lib/xsdps_sinit.o ps7_cortexa9_0/lib/xtime_l.o ps7_cortexa9_0/
TRACE::2026-08-28.15:54:33::SCWMssOS::lib/xuartps_g.o ps7_cortexa9_0/lib/xuartps_hw.o ps7_cortexa9_0/lib/xuartps_intr.o ps7_cortexa9_0/lib/xuartps.o ps7_cortexa9_0/l
TRACE::2026-08-28.15:54:33::SCWMssOS::ib/xuartps_options.o ps7_cortexa9_0/lib/xuartps_selftest.o ps7_cortexa9_0/lib/xuartps_sinit.o ps7_cortexa9_0/lib/xusbps_endpoin
TRACE::2026-08-28.15:54:33::SCWMssOS::t.o ps7_cortexa9_0/lib/xusbps_g.o ps7_cortexa9_0/lib/xusbps_hw.o ps7_cortexa9_0/lib/xusbps_intr.o ps7_cortexa9_0/lib/xusbps.o p
TRACE::2026-08-28.15:54:33::SCWMssOS::s7_cortexa9_0/lib/xusbps_sinit.o

TRACE::2026-08-28.15:54:33::SCWMssOS::Finished building libraries

TRACE::2026-08-28.15:54:33::SCWMssOS::Copying to export directory.
TRACE::2026-08-28.15:54:33::SCWMssOS:: Checking if to create the Supporting Applications
TRACE::2026-08-28.15:54:33::SCWMssOS:: No Linux domain exists, trying to generate FSBL 
LOG::2026-08-28.15:54:33::SCWSystem::Completed Processing the domain freertos_domain
LOG::2026-08-28.15:54:33::SCWSystem::Completed Processing the sysconfig target_control_zynq_platform
LOG::2026-08-28.15:54:33::SCWPlatform::Completed generating the artifacts for system configuration target_control_zynq_platform
TRACE::2026-08-28.15:54:33::SCWPlatform::Started preparing the platform 
TRACE::2026-08-28.15:54:33::SCWSystem::Writing the bif file for system config target_control_zynq_platform
TRACE::2026-08-28.15:54:33::SCWSystem::dir created 
TRACE::2026-08-28.15:54:33::SCWSystem::Writing the bif 
TRACE::2026-08-28.15:54:33::SCWPlatform::Started writing the spfm file 
TRACE::2026-08-28.15:54:33::SCWPlatform::Started writing the xpfm file 
TRACE::2026-08-28.15:54:33::SCWPlatform::Completed generating the platform
TRACE::2026-08-28.15:54:33::SCWMssOS::Saving the mss changes /home/user/Desktop/latency-aware-target-control/firmware/zynq/vitis_workspace/target_control_zynq_platform/zynq_fsbl/zynq_fsbl_bsp/system.mss
TRACE::2026-08-28.15:54:33::SCWMssOS::Found a swdesign opened with the mssfile.
TRACE::2026-08-28.15:54:33::SCWMssOS::Completed writemss as part of save.
TRACE::2026-08-28.15:54:33::SCWMssOS::Commit changes completed.
TRACE::2026-08-28.15:54:33::SCWMssOS::Saving the mss changes /home/user/Desktop/latency-aware-target-control/firmware/zynq/vitis_workspace/target_control_zynq_platform/ps7_cortexa9_0/standalone_domain/bsp/system.mss
TRACE::2026-08-28.15:54:33::SCWMssOS::Found a swdesign opened with the mssfile.
TRACE::2026-08-28.15:54:33::SCWMssOS::Completed writemss as part of save.
TRACE::2026-08-28.15:54:33::SCWMssOS::Commit changes completed.
TRACE::2026-08-28.15:54:33::SCWMssOS::Saving the mss changes /home/user/Desktop/latency-aware-target-control/firmware/zynq/vitis_workspace/target_control_zynq_platform/ps7_cortexa9_0/freertos_domain/bsp/system.mss
TRACE::2026-08-28.15:54:33::SCWMssOS::Found a swdesign opened with the mssfile.
TRACE::2026-08-28.15:54:33::SCWMssOS::Completed writemss as part of save.
TRACE::2026-08-28.15:54:33::SCWMssOS::Commit changes completed.
TRACE::2026-08-28.15:54:33::SCWPlatform::Trying to open the hw design at /home/user/Desktop/latency-aware-target-control/firmware/zynq/vitis_workspace/target_control_zynq_platform/hw/target_control_zynq_hw.xsa
TRACE::2026-08-28.15:54:33::SCWPlatform::DSA given /home/user/Desktop/latency-aware-target-control/firmware/zynq/vitis_workspace/target_control_zynq_platform/hw/target_control_zynq_hw.xsa
TRACE::2026-08-28.15:54:33::SCWPlatform::DSA absoulate path /home/user/Desktop/latency-aware-target-control/firmware/zynq/vitis_workspace/target_control_zynq_platform/hw/target_control_zynq_hw.xsa
TRACE::2026-08-28.15:54:33::SCWPlatform::DSA directory /home/user/Desktop/latency-aware-target-control/firmware/zynq/vitis_workspace/target_control_zynq_platform/hw
TRACE::2026-08-28.15:54:33::SCWPlatform:: Platform Path /home/user/Desktop/latency-aware-target-control/firmware/zynq/vitis_workspace/target_control_zynq_platform/hw/target_control_zynq_hw.xsa
TRACE::2026-08-28.15:54:33::SCWPlatform:: Unique name xilinx:zybo-z7-10::0.0
TRACE::2026-08-28.15:54:33::SCWPlatform::Trying to set the existing hwdb with name design_1_wrapper_1
TRACE::2026-08-28.15:54:33::SCWPlatform::Opened existing hwdb design_1_wrapper_1
TRACE::2026-08-28.15:54:33::SCWPlatform::Found the Hw Db part of the input DSA
TRACE::2026-08-28.15:54:33::SCWMssOS::Checking the sw design at  /home/user/Desktop/latency-aware-target-control/firmware/zynq/vitis_workspace/target_control_zynq_platform/zynq_fsbl/zynq_fsbl_bsp/system.mss
TRACE::2026-08-28.15:54:33::SCWMssOS::DEBUG:  swdes dump  /home/user/Desktop/latency-aware-target-control/firmware/zynq/vitis_workspace/target_control_zynq_platform/ps7_cortexa9_0/freertos_domain/bsp/system.mss|system_1||
/home/user/Desktop/latency-aware-target-control/firmware/zynq/vitis_workspace/target_control_zynq_platform/ps7_cortexa9_0/standalone_domain/bsp/system.mss|system_0||
/home/user/Desktop/latency-aware-target-control/firmware/zynq/vitis_workspace/target_control_zynq_platform/zynq_fsbl/zynq_fsbl_bsp/system.mss|system||

TRACE::2026-08-28.15:54:33::SCWMssOS::Sw design exists and opened at  /home/user/Desktop/latency-aware-target-control/firmware/zynq/vitis_workspace/target_control_zynq_platform/zynq_fsbl/zynq_fsbl_bsp/system.mss
TRACE::2026-08-28.15:54:33::SCWPlatform::Trying to open the hw design at /home/user/Desktop/latency-aware-target-control/firmware/zynq/vitis_workspace/target_control_zynq_platform/hw/target_control_zynq_hw.xsa
TRACE::2026-08-28.15:54:33::SCWPlatform::DSA given /home/user/Desktop/latency-aware-target-control/firmware/zynq/vitis_workspace/target_control_zynq_platform/hw/target_control_zynq_hw.xsa
TRACE::2026-08-28.15:54:33::SCWPlatform::DSA absoulate path /home/user/Desktop/latency-aware-target-control/firmware/zynq/vitis_workspace/target_control_zynq_platform/hw/target_control_zynq_hw.xsa
TRACE::2026-08-28.15:54:33::SCWPlatform::DSA directory /home/user/Desktop/latency-aware-target-control/firmware/zynq/vitis_workspace/target_control_zynq_platform/hw
TRACE::2026-08-28.15:54:33::SCWPlatform:: Platform Path /home/user/Desktop/latency-aware-target-control/firmware/zynq/vitis_workspace/target_control_zynq_platform/hw/target_control_zynq_hw.xsa
TRACE::2026-08-28.15:54:33::SCWPlatform:: Unique name xilinx:zybo-z7-10::0.0
TRACE::2026-08-28.15:54:33::SCWPlatform::Trying to set the existing hwdb with name design_1_wrapper_1
TRACE::2026-08-28.15:54:33::SCWPlatform::Opened existing hwdb design_1_wrapper_1
TRACE::2026-08-28.15:54:33::SCWPlatform::Found the Hw Db part of the input DSA
TRACE::2026-08-28.15:54:33::SCWMssOS::Checking the sw design at  /home/user/Desktop/latency-aware-target-control/firmware/zynq/vitis_workspace/target_control_zynq_platform/ps7_cortexa9_0/standalone_domain/bsp/system.mss
TRACE::2026-08-28.15:54:33::SCWMssOS::DEBUG:  swdes dump  /home/user/Desktop/latency-aware-target-control/firmware/zynq/vitis_workspace/target_control_zynq_platform/ps7_cortexa9_0/freertos_domain/bsp/system.mss|system_1||
/home/user/Desktop/latency-aware-target-control/firmware/zynq/vitis_workspace/target_control_zynq_platform/ps7_cortexa9_0/standalone_domain/bsp/system.mss|system_0||
/home/user/Desktop/latency-aware-target-control/firmware/zynq/vitis_workspace/target_control_zynq_platform/zynq_fsbl/zynq_fsbl_bsp/system.mss|system||

TRACE::2026-08-28.15:54:33::SCWMssOS::Sw design exists and opened at  /home/user/Desktop/latency-aware-target-control/firmware/zynq/vitis_workspace/target_control_zynq_platform/ps7_cortexa9_0/standalone_domain/bsp/system.mss
TRACE::2026-08-28.15:54:33::SCWPlatform::Trying to open the hw design at /home/user/Desktop/latency-aware-target-control/firmware/zynq/vitis_workspace/target_control_zynq_platform/hw/target_control_zynq_hw.xsa
TRACE::2026-08-28.15:54:33::SCWPlatform::DSA given /home/user/Desktop/latency-aware-target-control/firmware/zynq/vitis_workspace/target_control_zynq_platform/hw/target_control_zynq_hw.xsa
TRACE::2026-08-28.15:54:33::SCWPlatform::DSA absoulate path /home/user/Desktop/latency-aware-target-control/firmware/zynq/vitis_workspace/target_control_zynq_platform/hw/target_control_zynq_hw.xsa
TRACE::2026-08-28.15:54:33::SCWPlatform::DSA directory /home/user/Desktop/latency-aware-target-control/firmware/zynq/vitis_workspace/target_control_zynq_platform/hw
TRACE::2026-08-28.15:54:33::SCWPlatform:: Platform Path /home/user/Desktop/latency-aware-target-control/firmware/zynq/vitis_workspace/target_control_zynq_platform/hw/target_control_zynq_hw.xsa
TRACE::2026-08-28.15:54:33::SCWPlatform:: Unique name xilinx:zybo-z7-10::0.0
TRACE::2026-08-28.15:54:33::SCWPlatform::Trying to set the existing hwdb with name design_1_wrapper_1
TRACE::2026-08-28.15:54:33::SCWPlatform::Opened existing hwdb design_1_wrapper_1
TRACE::2026-08-28.15:54:33::SCWPlatform::Found the Hw Db part of the input DSA
TRACE::2026-08-28.15:54:33::SCWMssOS::Checking the sw design at  /home/user/Desktop/latency-aware-target-control/firmware/zynq/vitis_workspace/target_control_zynq_platform/ps7_cortexa9_0/freertos_domain/bsp/system.mss
TRACE::2026-08-28.15:54:33::SCWMssOS::DEBUG:  swdes dump  /home/user/Desktop/latency-aware-target-control/firmware/zynq/vitis_workspace/target_control_zynq_platform/ps7_cortexa9_0/freertos_domain/bsp/system.mss|system_1||
/home/user/Desktop/latency-aware-target-control/firmware/zynq/vitis_workspace/target_control_zynq_platform/ps7_cortexa9_0/standalone_domain/bsp/system.mss|system_0||
/home/user/Desktop/latency-aware-target-control/firmware/zynq/vitis_workspace/target_control_zynq_platform/zynq_fsbl/zynq_fsbl_bsp/system.mss|system||

TRACE::2026-08-28.15:54:33::SCWMssOS::Sw design exists and opened at  /home/user/Desktop/latency-aware-target-control/firmware/zynq/vitis_workspace/target_control_zynq_platform/ps7_cortexa9_0/freertos_domain/bsp/system.mss
TRACE::2026-08-28.15:54:33::SCWPlatform::Trying to open the hw design at /home/user/Desktop/latency-aware-target-control/firmware/zynq/vitis_workspace/target_control_zynq_platform/hw/target_control_zynq_hw.xsa
TRACE::2026-08-28.15:54:33::SCWPlatform::DSA given /home/user/Desktop/latency-aware-target-control/firmware/zynq/vitis_workspace/target_control_zynq_platform/hw/target_control_zynq_hw.xsa
TRACE::2026-08-28.15:54:33::SCWPlatform::DSA absoulate path /home/user/Desktop/latency-aware-target-control/firmware/zynq/vitis_workspace/target_control_zynq_platform/hw/target_control_zynq_hw.xsa
TRACE::2026-08-28.15:54:33::SCWPlatform::DSA directory /home/user/Desktop/latency-aware-target-control/firmware/zynq/vitis_workspace/target_control_zynq_platform/hw
TRACE::2026-08-28.15:54:33::SCWPlatform:: Platform Path /home/user/Desktop/latency-aware-target-control/firmware/zynq/vitis_workspace/target_control_zynq_platform/hw/target_control_zynq_hw.xsa
TRACE::2026-08-28.15:54:33::SCWPlatform:: Unique name xilinx:zybo-z7-10::0.0
TRACE::2026-08-28.15:54:33::SCWPlatform::Trying to set the existing hwdb with name design_1_wrapper_1
TRACE::2026-08-28.15:54:33::SCWPlatform::Opened existing hwdb design_1_wrapper_1
TRACE::2026-08-28.15:54:33::SCWPlatform::Found the Hw Db part of the input DSA
TRACE::2026-08-28.15:54:33::SCWMssOS::Checking the sw design at  /home/user/Desktop/latency-aware-target-control/firmware/zynq/vitis_workspace/target_control_zynq_platform/ps7_cortexa9_0/freertos_domain/bsp/system.mss
TRACE::2026-08-28.15:54:33::SCWMssOS::DEBUG:  swdes dump  /home/user/Desktop/latency-aware-target-control/firmware/zynq/vitis_workspace/target_control_zynq_platform/ps7_cortexa9_0/freertos_domain/bsp/system.mss|system_1||
/home/user/Desktop/latency-aware-target-control/firmware/zynq/vitis_workspace/target_control_zynq_platform/ps7_cortexa9_0/standalone_domain/bsp/system.mss|system_0||
/home/user/Desktop/latency-aware-target-control/firmware/zynq/vitis_workspace/target_control_zynq_platform/zynq_fsbl/zynq_fsbl_bsp/system.mss|system||

TRACE::2026-08-28.15:54:33::SCWMssOS::Sw design exists and opened at  /home/user/Desktop/latency-aware-target-control/firmware/zynq/vitis_workspace/target_control_zynq_platform/ps7_cortexa9_0/freertos_domain/bsp/system.mss
TRACE::2026-08-28.15:54:33::SCWPlatform::Trying to open the hw design at /home/user/Desktop/latency-aware-target-control/firmware/zynq/vitis_workspace/target_control_zynq_platform/hw/target_control_zynq_hw.xsa
TRACE::2026-08-28.15:54:33::SCWPlatform::DSA given /home/user/Desktop/latency-aware-target-control/firmware/zynq/vitis_workspace/target_control_zynq_platform/hw/target_control_zynq_hw.xsa
TRACE::2026-08-28.15:54:33::SCWPlatform::DSA absoulate path /home/user/Desktop/latency-aware-target-control/firmware/zynq/vitis_workspace/target_control_zynq_platform/hw/target_control_zynq_hw.xsa
TRACE::2026-08-28.15:54:33::SCWPlatform::DSA directory /home/user/Desktop/latency-aware-target-control/firmware/zynq/vitis_workspace/target_control_zynq_platform/hw
TRACE::2026-08-28.15:54:33::SCWPlatform:: Platform Path /home/user/Desktop/latency-aware-target-control/firmware/zynq/vitis_workspace/target_control_zynq_platform/hw/target_control_zynq_hw.xsa
TRACE::2026-08-28.15:54:33::SCWPlatform:: Unique name xilinx:zybo-z7-10::0.0
TRACE::2026-08-28.15:54:33::SCWPlatform::Trying to set the existing hwdb with name design_1_wrapper_1
TRACE::2026-08-28.15:54:33::SCWPlatform::Opened existing hwdb design_1_wrapper_1
TRACE::2026-08-28.15:54:33::SCWPlatform::Found the Hw Db part of the input DSA
TRACE::2026-08-28.15:54:33::SCWMssOS::Checking the sw design at  /home/user/Desktop/latency-aware-target-control/firmware/zynq/vitis_workspace/target_control_zynq_platform/ps7_cortexa9_0/freertos_domain/bsp/system.mss
TRACE::2026-08-28.15:54:33::SCWMssOS::DEBUG:  swdes dump  /home/user/Desktop/latency-aware-target-control/firmware/zynq/vitis_workspace/target_control_zynq_platform/ps7_cortexa9_0/freertos_domain/bsp/system.mss|system_1||
/home/user/Desktop/latency-aware-target-control/firmware/zynq/vitis_workspace/target_control_zynq_platform/ps7_cortexa9_0/standalone_domain/bsp/system.mss|system_0||
/home/user/Desktop/latency-aware-target-control/firmware/zynq/vitis_workspace/target_control_zynq_platform/zynq_fsbl/zynq_fsbl_bsp/system.mss|system||

TRACE::2026-08-28.15:54:33::SCWMssOS::Sw design exists and opened at  /home/user/Desktop/latency-aware-target-control/firmware/zynq/vitis_workspace/target_control_zynq_platform/ps7_cortexa9_0/freertos_domain/bsp/system.mss
TRACE::2026-08-28.15:54:33::SCWWriter::formatted JSON is {
	"platformName":	"target_control_zynq_platform",
	"sprVersion":	"2.0",
	"mode":	"gui",
	"dsaType":	"Fixed",
	"platformDesc":	"target_control_zynq_platform",
	"platHandOff":	"/home/user/Desktop/latency-aware-target-control/firmware/zynq/target_control_zynq_hw/target_control_zynq_hw.xsa",
	"platIntHandOff":	"<platformDir>/hw/target_control_zynq_hw.xsa",
	"deviceType":	"zynq",
	"platIsPrebuiltAutogen":	"false",
	"platIsNoBootBsp":	"false",
	"hasFsblMakeHasChanges":	"false",
	"hasPmufwMakeHasChanges":	"false",
	"fsblExtraCompilerFlags":	"-MMD -MP       -mcpu=cortex-a9 -mfpu=vfpv3 -mfloat-abi=hard ",
	"platPreBuiltFlag":	false,
	"platformSamplesDir":	"",
	"platActiveSys":	"target_control_zynq_platform",
	"systems":	[{
			"systemName":	"target_control_zynq_platform",
			"systemDesc":	"target_control_zynq_platform",
			"sysIsBootAutoGen":	"true",
			"systemDispName":	"target_control_zynq_platform",
			"sysActiveDom":	"freertos_domain",
			"sysDefaultDom":	"freertos_domain",
			"domains":	[{
					"domainName":	"zynq_fsbl",
					"domainDispName":	"zynq_fsbl",
					"domainDesc":	"FSBL Application BSP - Auto Generated.",
					"processors":	"ps7_cortexa9_0",
					"os":	"standalone",
					"sdxOs":	"standalone",
					"debugEnable":	"",
					"domRuntimes":	["cpp"],
					"swRepo":	"",
					"mssOsVer":	"7.7",
					"mssFile":	"",
					"md5Digest":	"68359604a3374d6a43f578fe0b642f17",
					"compatibleApp":	"zynq_fsbl",
					"domType":	"bootDomain",
					"arch":	"32-bit",
					"appSettings":	{
						"appCompilerFlags":	"",
						"appLinkerFlags":	""
					},
					"addedLibs":	["xilffs:4.7", "xilrsa:1.6"],
					"libOptions":	{
						"libsContainingOptions":	[]
					},
					"prebuiltLibs":	{
						"prebuiltIncPath":	[],
						"prebuiltLibPath":	[]
					},
					"isolation":	{
					}
				}, {
					"domainName":	"standalone_domain",
					"domainDispName":	"standalone on ps7_cortexa9_0",
					"domainDesc":	"standalone_domain",
					"processors":	"ps7_cortexa9_0",
					"os":	"standalone",
					"sdxOs":	"standalone",
					"qemuArgs":	"<platformDir>/resources/target_control_zynq_platform/standalone_domain/qemu_args.txt",
					"qemuData":	"<platformDir>/resources/target_control_zynq_platform/standalone_domain/qemu",
					"debugEnable":	"False",
					"domRuntimes":	["cpp"],
					"swRepo":	"",
					"mssOsVer":	"7.7",
					"mssFile":	"",
					"md5Digest":	"859da1b96f35d25dd5a4f58dfbef0ebc",
					"compatibleApp":	"",
					"domType":	"mssDomain",
					"appSettings":	{
						"appCompilerFlags":	"",
						"appLinkerFlags":	""
					},
					"addedLibs":	[],
					"libOptions":	{
						"libsContainingOptions":	[]
					},
					"prebuiltLibs":	{
						"prebuiltIncPath":	[],
						"prebuiltLibPath":	[]
					},
					"isolation":	{
					}
				}, {
					"domainName":	"freertos_domain",
					"domainDispName":	"freertos_domain",
					"domainDesc":	"",
					"processors":	"ps7_cortexa9_0",
					"os":	"freertos10_xilinx",
					"sdxOs":	"freertos",
					"qemuArgs":	"<platformDir>/resources/target_control_zynq_platform/freertos_domain/qemu_args.txt",
					"qemuData":	"<platformDir>/resources/target_control_zynq_platform/freertos_domain/qemu",
					"debugEnable":	"False",
					"domRuntimes":	["cpp"],
					"swRepo":	"",
					"mssOsVer":	"1.11",
					"mssFile":	"",
					"md5Digest":	"1d4908159fbf98cf4d176ccb43eabeb6",
					"compatibleApp":	"",
					"domType":	"mssDomain",
					"arch":	"32-bit",
					"appSettings":	{
						"appCompilerFlags":	"",
						"appLinkerFlags":	""
					},
					"addedLibs":	[],
					"libOptions":	{
						"libsContainingOptions":	[]
					},
					"prebuiltLibs":	{
						"prebuiltIncPath":	[],
						"prebuiltLibPath":	[]
					},
					"isolation":	{
					}
				}]
		}]
}
KEYINFO::2026-08-28.15:54:33::SCWPlatform::updated the xpfm file.
TRACE::2026-08-28.15:54:33::SCWPlatform::Trying to open the hw design at /home/user/Desktop/latency-aware-target-control/firmware/zynq/vitis_workspace/target_control_zynq_platform/hw/target_control_zynq_hw.xsa
TRACE::2026-08-28.15:54:33::SCWPlatform::DSA given /home/user/Desktop/latency-aware-target-control/firmware/zynq/vitis_workspace/target_control_zynq_platform/hw/target_control_zynq_hw.xsa
TRACE::2026-08-28.15:54:33::SCWPlatform::DSA absoulate path /home/user/Desktop/latency-aware-target-control/firmware/zynq/vitis_workspace/target_control_zynq_platform/hw/target_control_zynq_hw.xsa
TRACE::2026-08-28.15:54:33::SCWPlatform::DSA directory /home/user/Desktop/latency-aware-target-control/firmware/zynq/vitis_workspace/target_control_zynq_platform/hw
TRACE::2026-08-28.15:54:33::SCWPlatform:: Platform Path /home/user/Desktop/latency-aware-target-control/firmware/zynq/vitis_workspace/target_control_zynq_platform/hw/target_control_zynq_hw.xsa
TRACE::2026-08-28.15:54:33::SCWPlatform:: Unique name xilinx:zybo-z7-10::0.0
TRACE::2026-08-28.15:54:33::SCWPlatform::Trying to set the existing hwdb with name design_1_wrapper_1
TRACE::2026-08-28.15:54:33::SCWPlatform::Opened existing hwdb design_1_wrapper_1
TRACE::2026-08-28.15:54:33::SCWPlatform::Found the Hw Db part of the input DSA
TRACE::2026-08-28.15:54:33::SCWMssOS::Checking the sw design at  /home/user/Desktop/latency-aware-target-control/firmware/zynq/vitis_workspace/target_control_zynq_platform/ps7_cortexa9_0/standalone_domain/bsp/system.mss
TRACE::2026-08-28.15:54:33::SCWMssOS::DEBUG:  swdes dump  /home/user/Desktop/latency-aware-target-control/firmware/zynq/vitis_workspace/target_control_zynq_platform/ps7_cortexa9_0/freertos_domain/bsp/system.mss|system_1||
/home/user/Desktop/latency-aware-target-control/firmware/zynq/vitis_workspace/target_control_zynq_platform/ps7_cortexa9_0/standalone_domain/bsp/system.mss|system_0||
/home/user/Desktop/latency-aware-target-control/firmware/zynq/vitis_workspace/target_control_zynq_platform/zynq_fsbl/zynq_fsbl_bsp/system.mss|system||

TRACE::2026-08-28.15:54:33::SCWMssOS::Sw design exists and opened at  /home/user/Desktop/latency-aware-target-control/firmware/zynq/vitis_workspace/target_control_zynq_platform/ps7_cortexa9_0/standalone_domain/bsp/system.mss
TRACE::2026-08-28.15:54:33::SCWPlatform::Trying to open the hw design at /home/user/Desktop/latency-aware-target-control/firmware/zynq/vitis_workspace/target_control_zynq_platform/hw/target_control_zynq_hw.xsa
TRACE::2026-08-28.15:54:33::SCWPlatform::DSA given /home/user/Desktop/latency-aware-target-control/firmware/zynq/vitis_workspace/target_control_zynq_platform/hw/target_control_zynq_hw.xsa
TRACE::2026-08-28.15:54:33::SCWPlatform::DSA absoulate path /home/user/Desktop/latency-aware-target-control/firmware/zynq/vitis_workspace/target_control_zynq_platform/hw/target_control_zynq_hw.xsa
TRACE::2026-08-28.15:54:33::SCWPlatform::DSA directory /home/user/Desktop/latency-aware-target-control/firmware/zynq/vitis_workspace/target_control_zynq_platform/hw
TRACE::2026-08-28.15:54:33::SCWPlatform:: Platform Path /home/user/Desktop/latency-aware-target-control/firmware/zynq/vitis_workspace/target_control_zynq_platform/hw/target_control_zynq_hw.xsa
TRACE::2026-08-28.15:54:33::SCWPlatform:: Unique name xilinx:zybo-z7-10::0.0
TRACE::2026-08-28.15:54:33::SCWPlatform::Trying to set the existing hwdb with name design_1_wrapper_1
TRACE::2026-08-28.15:54:33::SCWPlatform::Opened existing hwdb design_1_wrapper_1
TRACE::2026-08-28.15:54:33::SCWPlatform::Found the Hw Db part of the input DSA
TRACE::2026-08-28.15:54:33::SCWMssOS::Checking the sw design at  /home/user/Desktop/latency-aware-target-control/firmware/zynq/vitis_workspace/target_control_zynq_platform/ps7_cortexa9_0/freertos_domain/bsp/system.mss
TRACE::2026-08-28.15:54:33::SCWMssOS::DEBUG:  swdes dump  /home/user/Desktop/latency-aware-target-control/firmware/zynq/vitis_workspace/target_control_zynq_platform/ps7_cortexa9_0/freertos_domain/bsp/system.mss|system_1||
/home/user/Desktop/latency-aware-target-control/firmware/zynq/vitis_workspace/target_control_zynq_platform/ps7_cortexa9_0/standalone_domain/bsp/system.mss|system_0||
/home/user/Desktop/latency-aware-target-control/firmware/zynq/vitis_workspace/target_control_zynq_platform/zynq_fsbl/zynq_fsbl_bsp/system.mss|system||

TRACE::2026-08-28.15:54:33::SCWMssOS::Sw design exists and opened at  /home/user/Desktop/latency-aware-target-control/firmware/zynq/vitis_workspace/target_control_zynq_platform/ps7_cortexa9_0/freertos_domain/bsp/system.mss
